yahoo,com,1320
yahoo,like,1263
yahoo,get,1131
yahoo,www,1122
yahoo,think,1003
yahoo,go,940
yahoo,don,908
yahoo,know,900
yahoo,1,881
yahoo,nhttp,834
yahoo,people,828
yahoo,good,789
yahoo,2,732
yahoo,want,622
yahoo,u,612
yahoo,time,602
yahoo,try,585
yahoo,its,581
yahoo,only,575
yahoo,well,569
yahoo,first,549
yahoo,need,531
yahoo,make,524
yahoo,his,512
yahoo,http,512
yahoo,way,496
yahoo,question,495
yahoo,m,493
yahoo,see,466
yahoo,find,457
yahoo,love,445
yahoo,3,431
yahoo,say,427
yahoo,use,422
yahoo,help,416
yahoo,ni,409
yahoo,best,396
yahoo,take,395
yahoo,answer,387
yahoo,am,385
yahoo,x,384
yahoo,sure,379
yahoo,work,375
yahoo,right,371
yahoo,may,369
yahoo,been,359
yahoo,us,339
yahoo,going,333
yahoo,look,328
yahoo,things,327
yahoo,4,323
yahoo,thing,320
yahoo,yahoo,313
yahoo,something,311
yahoo,nthe,307
yahoo,ask,301
yahoo,life,299
yahoo,day,294
yahoo,off,293
yahoo,someone,291
yahoo,5,290
yahoo,even,290
yahoo,now,288
yahoo,person,288
yahoo,years,286
yahoo,being,285
yahoo,better,281
yahoo,depends,281
yahoo,give,278
yahoo,tell,278
yahoo,these,271
yahoo,both,264
yahoo,great,262
yahoo,dont,261
yahoo,free,259
yahoo,after,253
yahoo,got,251
yahoo,world,249
yahoo,might,248
yahoo,site,248
yahoo,believe,247
yahoo,name,244
yahoo,used,241
yahoo,mean,239
yahoo,start,238
yahoo,money,233
yahoo,water,233
yahoo,around,232
yahoo,called,228
yahoo,search,228
yahoo,before,227
yahoo,check,224
yahoo,each,217
yahoo,probably,215
yahoo,different,214
yahoo,man,214
yahoo,long,213
yahoo,state,213
yahoo,feel,208
yahoo,0,207
yahoo,god,205
yahoo,nyou,205
yahoo,year,204
yahoo,hard,202
yahoo,nif,202
yahoo,org,201
yahoo,another,200
yahoo,real,198
yahoo,luck,197
yahoo,html,196
yahoo,put,196
yahoo,means,193
yahoo,6,192
yahoo,home,192
yahoo,let,192
yahoo,actually,191
yahoo,those,189
yahoo,problem,186
yahoo,10,184
yahoo,anything,183
yahoo,doesn,182
yahoo,yourself,182
yahoo,come,181
yahoo,through,179
yahoo,few,178
yahoo,website,178
yahoo,link,177
yahoo,guy,175
yahoo,click,174
yahoo,computer,174
yahoo,school,174
yahoo,usually,174
yahoo,said,173
yahoo,n2,172
yahoo,number,171
yahoo,since,171
yahoo,little,170
yahoo,live,166
yahoo,looking,166
yahoo,body,165
yahoo,call,165
yahoo,high,163
yahoo,bad,162
yahoo,system,162
yahoo,keep,159
yahoo,talk,159
yahoo,type,159
yahoo,made,158
yahoo,read,158
yahoo,part,156
yahoo,point,155
yahoo,7,154
yahoo,information,154
yahoo,using,153
yahoo,job,152
yahoo,b,151
yahoo,friend,151
yahoo,ur,151
yahoo,last,150
yahoo,hope,148
yahoo,doing,147
yahoo,between,145
yahoo,enough,145
yahoo,internet,145
yahoo,without,144
yahoo,answers,143
yahoo,big,143
yahoo,country,143
yahoo,nit,142
yahoo,place,142
yahoo,8,141
yahoo,girl,141
yahoo,area,139
yahoo,htm,137
yahoo,doctor,136
yahoo,either,136
yahoo,found,136
yahoo,getting,136
yahoo,must,136
yahoo,friends,134
yahoo,n1,134
yahoo,e,133
yahoo,20,132
yahoo,download,132
yahoo,side,132
yahoo,times,132
yahoo,far,131
yahoo,having,131
yahoo,lol,131
yahoo,nothing,131
yahoo,open,131
yahoo,nand,130
yahoo,business,129
yahoo,family,129
yahoo,google,128
yahoo,c,127
yahoo,end,127
yahoo,though,127
yahoo,course,126
yahoo,makes,126
yahoo,talking,126
yahoo,questions,125
yahoo,under,125
yahoo,change,124
yahoo,im,124
yahoo,oh,124
yahoo,reason,124
yahoo,web,124
yahoo,book,123
yahoo,everything,123
yahoo,away,121
yahoo,care,121
yahoo,isn,121
yahoo,show,120
yahoo,sounds,120
yahoo,able,119
yahoo,days,119
yahoo,file,119
yahoo,nice,119
yahoo,once,119
yahoo,run,119
yahoo,won,119
yahoo,12,118
yahoo,anyone,118
yahoo,below,118
yahoo,buy,118
yahoo,contact,118
yahoo,na,118
yahoo,others,117
yahoo,program,117
yahoo,thats,117
yahoo,women,117
yahoo,cause,116
yahoo,en,116
yahoo,pay,116
yahoo,line,115
yahoo,net,115
yahoo,pretty,115
yahoo,sorry,115
yahoo,weight,115
yahoo,word,115
yahoo,heart,114
yahoo,sex,114
yahoo,woman,114
yahoo,agree,113
yahoo,n3,113
yahoo,add,112
yahoo,music,112
yahoo,possible,112
yahoo,r,112
yahoo,true,112
yahoo,yeah,112
yahoo,men,111
yahoo,already,110
yahoo,less,110
yahoo,american,109
yahoo,house,109
yahoo,game,108
yahoo,law,108
yahoo,remember,108
yahoo,set,108
yahoo,earth,107
yahoo,learn,107
yahoo,thought,107
yahoo,top,107
yahoo,wrong,107
yahoo,100,106
yahoo,helps,106
yahoo,ok,106
yahoo,team,106
yahoo,until,106
yahoo,local,104
yahoo,play,104
yahoo,comes,103
yahoo,didn,103
yahoo,energy,103
yahoo,heard,103
yahoo,understand,103
yahoo,guess,102
yahoo,guys,102
yahoo,ones,102
yahoo,please,102
yahoo,trying,102
yahoo,ago,101
yahoo,info,101
yahoo,kind,101
yahoo,needs,100
yahoo,children,99
yahoo,form,99
yahoo,windows,99
yahoo,9,98
yahoo,child,97
yahoo,jesus,97
yahoo,list,97
yahoo,mind,97
yahoo,non,97
yahoo,online,97
yahoo,started,97
yahoo,age,96
yahoo,based,96
yahoo,company,96
yahoo,easy,96
yahoo,problems,96
yahoo,hi,95
yahoo,however,95
yahoo,idea,95
yahoo,song,95
yahoo,y,95
yahoo,air,94
yahoo,left,94
yahoo,stop,94
yahoo,asking,93
yahoo,human,93
yahoo,nso,93
yahoo,page,93
yahoo,small,93
yahoo,everyone,92
yahoo,fact,92
yahoo,p,92
yahoo,send,92
yahoo,watch,92
yahoo,english,91
yahoo,least,91
yahoo,movie,91
yahoo,states,91
yahoo,stuff,91
yahoo,week,91
yahoo,case,90
yahoo,matter,90
yahoo,15,89
yahoo,general,89
yahoo,move,89
yahoo,next,89
yahoo,says,89
yahoo,16,88
yahoo,group,88
yahoo,25,87
yahoo,fun,87
yahoo,mail,87
yahoo,player,87
yahoo,space,87
yahoo,war,87
yahoo,example,86
yahoo,files,86
yahoo,order,86
yahoo,sound,86
yahoo,against,85
yahoo,eat,85
yahoo,f,85
yahoo,whole,85
yahoo,30,84
yahoo,bush,84
yahoo,card,84
yahoo,light,84
yahoo,seen,84
yahoo,told,84
yahoo,college,83
yahoo,girls,83
yahoo,white,83
yahoo,wikipedia,83
yahoo,court,82
yahoo,credit,82
yahoo,gov,82
yahoo,happy,82
yahoo,tax,82
yahoo,works,82
yahoo,control,81
yahoo,important,81
yahoo,second,81
yahoo,unless,81
yahoo,head,80
yahoo,hours,80
yahoo,kids,80
yahoo,night,80
yahoo,saying,80
yahoo,husband,79
yahoo,leave,79
yahoo,goes,78
yahoo,history,78
yahoo,n4,78
yahoo,o,78
yahoo,simple,78
yahoo,definitely,77
yahoo,gets,77
yahoo,hot,77
yahoo,known,77
yahoo,power,77
yahoo,stay,77
yahoo,write,77
yahoo,amount,76
yahoo,blood,76
yahoo,looks,76
yahoo,service,76
yahoo,support,76
yahoo,together,76
yahoo,working,76
yahoo,level,75
yahoo,nthere,75
yahoo,self,75
yahoo,turn,75
yahoo,certain,74
yahoo,email,74
yahoo,nbut,74
yahoo,nfor,74
yahoo,nthis,74
yahoo,account,73
yahoo,bit,73
yahoo,food,73
yahoo,government,73
yahoo,making,73
yahoo,process,73
yahoo,went,73
yahoo,common,72
yahoo,enjoy,72
yahoo,likely,72
yahoo,parents,72
yahoo,per,72
yahoo,wiki,72
yahoo,win,72
yahoo,break,71
yahoo,couple,71
yahoo,drive,71
yahoo,due,71
yahoo,funny,71
yahoo,playing,71
yahoo,short,71
yahoo,wants,71
yahoo,asked,70
yahoo,lose,70
yahoo,rate,70
yahoo,relationship,70
yahoo,running,70
yahoo,came,69
yahoo,city,69
yahoo,nthat,69
yahoo,sites,69
yahoo,special,69
yahoo,store,69
yahoo,value,69
yahoo,wish,69
yahoo,become,68
yahoo,links,68
yahoo,50,67
yahoo,born,67
yahoo,cannot,67
yahoo,normal,67
yahoo,period,67
yahoo,story,67
yahoo,wouldn,67
yahoo,clear,66
yahoo,nin,66
yahoo,programs,66
yahoo,red,66
yahoo,season,66
yahoo,software,66
yahoo,source,66
yahoo,act,65
yahoo,alot,65
yahoo,black,65
yahoo,car,65
yahoo,choose,65
yahoo,class,65
yahoo,father,65
yahoo,gay,65
yahoo,president,65
yahoo,size,65
yahoo,study,65
yahoo,uk,65
yahoo,words,65
yahoo,education,64
yahoo,low,64
yahoo,pick,64
yahoo,rest,64
yahoo,several,64
yahoo,v,64
yahoo,whatever,64
yahoo,young,64
yahoo,11,63
yahoo,h,63
yahoo,seems,63
yahoo,suggest,63
yahoo,tv,63
yahoo,w,63
yahoo,worth,63
yahoo,yet,63
yahoo,america,62
yahoo,ball,62
yahoo,cant,62
yahoo,experience,62
yahoo,given,62
yahoo,hate,62
yahoo,living,62
yahoo,married,62
yahoo,mother,62
yahoo,past,62
yahoo,public,62
yahoo,today,62
yahoo,united,62
yahoo,close,61
yahoo,death,61
yahoo,full,61
yahoo,games,61
yahoo,happen,61
yahoo,l,61
yahoo,large,61
yahoo,months,61
yahoo,myself,61
yahoo,office,61
yahoo,almost,60
yahoo,available,60
yahoo,chance,60
yahoo,de,60
yahoo,following,60
yahoo,iraq,60
yahoo,moon,60
yahoo,party,60
yahoo,religion,60
yahoo,situation,60
yahoo,speed,60
yahoo,whether,60
yahoo,exactly,59
yahoo,microsoft,59
yahoo,nwhen,59
yahoo,oil,59
yahoo,personally,59
yahoo,stupid,59
yahoo,church,58
yahoo,hair,58
yahoo,hey,58
yahoo,john,58
yahoo,thinking,58
yahoo,truth,58
yahoo,apply,57
yahoo,face,57
yahoo,index,57
yahoo,phone,57
yahoo,points,57
yahoo,son,57
yahoo,address,56
yahoo,cool,56
yahoo,fast,56
yahoo,follow,56
yahoo,health,56
yahoo,hurt,56
yahoo,ngood,56
yahoo,nor,56
yahoo,personal,56
yahoo,rules,56
yahoo,sense,56
yahoo,sun,56
yahoo,term,56
yahoo,wanted,56
yahoo,bible,55
yahoo,choice,55
yahoo,drink,55
yahoo,g,55
yahoo,hour,55
yahoo,india,55
yahoo,language,55
yahoo,major,55
yahoo,nthey,55
yahoo,sort,55
yahoo,sports,55
yahoo,students,55
yahoo,trust,55
yahoo,18,54
yahoo,boyfriend,54
yahoo,cd,54
yahoo,field,54
yahoo,half,54
yahoo,hit,54
yahoo,inside,54
yahoo,mexico,54
yahoo,nhere,54
yahoo,quite,54
yahoo,sign,54
yahoo,took,54
yahoo,00,53
yahoo,christian,53
yahoo,fat,53
yahoo,gives,53
yahoo,hear,53
yahoo,instead,53
yahoo,issue,53
yahoo,medical,53
yahoo,military,53
yahoo,seem,53
yahoo,above,52
yahoo,along,52
yahoo,cup,52
yahoo,degree,52
yahoo,fine,52
yahoo,happens,52
yahoo,hold,52
yahoo,increase,52
yahoo,middle,52
yahoo,movies,52
yahoo,nhope,52
yahoo,none,52
yahoo,video,52
yahoo,wait,52
yahoo,wife,52
yahoo,correct,51
yahoo,doubt,51
yahoo,illegal,51
yahoo,nwww,51
yahoo,poor,51
yahoo,post,51
yahoo,taking,51
yahoo,virus,51
yahoo,13,50
yahoo,24,50
yahoo,although,50
yahoo,cut,50
yahoo,hell,50
yahoo,insurance,50
yahoo,interest,50
yahoo,numbers,50
yahoo,price,50
yahoo,services,50
yahoo,sin,50
yahoo,specific,50
yahoo,totally,50
yahoo,advice,49
yahoo,depending,49
yahoo,difference,49
yahoo,edu,49
yahoo,fall,49
yahoo,green,49
yahoo,hand,49
yahoo,heat,49
yahoo,laws,49
yahoo,option,49
yahoo,plan,49
yahoo,single,49
yahoo,takes,49
yahoo,ways,49
yahoo,wow,49
yahoo,according,48
yahoo,board,48
yahoo,coming,48
yahoo,deal,48
yahoo,images,48
yahoo,longer,48
yahoo,mass,48
yahoo,mine,48
yahoo,mom,48
yahoo,report,48
yahoo,section,48
yahoo,sleep,48
yahoo,allow,47
yahoo,anyway,47
yahoo,companies,47
yahoo,create,47
yahoo,data,47
yahoo,date,47
yahoo,feet,47
yahoo,outside,47
yahoo,pain,47
yahoo,rights,47
yahoo,themselves,47
yahoo,wear,47
yahoo,aren,46
yahoo,basically,46
yahoo,christmas,46
yahoo,countries,46
yahoo,federal,46
yahoo,feeling,46
yahoo,generally,46
yahoo,higher,46
yahoo,honest,46
yahoo,knows,46
yahoo,media,46
yahoo,meet,46
yahoo,moving,46
yahoo,okay,46
yahoo,simply,46
yahoo,songs,46
yahoo,teacher,46
yahoo,tools,46
yahoo,version,46
yahoo,county,45
yahoo,early,45
yahoo,enter,45
yahoo,forget,45
yahoo,helped,45
yahoo,late,45
yahoo,lives,45
yahoo,north,45
yahoo,offer,45
yahoo,options,45
yahoo,pages,45
yahoo,pop,45
yahoo,provide,45
yahoo,recommend,45
yahoo,science,45
yahoo,sell,45
yahoo,shows,45
yahoo,similar,45
yahoo,soon,45
yahoo,straight,45
yahoo,taken,45
yahoo,uh,45
yahoo,university,45
yahoo,basic,44
yahoo,browser,44
yahoo,considered,44
yahoo,diet,44
yahoo,dvd,44
yahoo,explain,44
yahoo,force,44
yahoo,grow,44
yahoo,id,44
yahoo,log,44
yahoo,main,44
yahoo,news,44
yahoo,nthen,44
yahoo,opinion,44
yahoo,physical,44
yahoo,room,44
yahoo,types,44
yahoo,ya,44
yahoo,asp,43
yahoo,awesome,43
yahoo,bank,43
yahoo,copy,43
yahoo,england,43
yahoo,feelings,43
yahoo,huge,43
yahoo,listen,43
yahoo,natural,43
yahoo,nx,43
yahoo,ready,43
yahoo,south,43
yahoo,test,43
yahoo,32,42
yahoo,baby,42
yahoo,books,42
yahoo,causes,42
yahoo,co,42
yahoo,geocities,42
yahoo,gonna,42
yahoo,himself,42
yahoo,image,42
yahoo,likes,42
yahoo,loss,42
yahoo,meaning,42
yahoo,nope,42
yahoo,parts,42
yahoo,php,42
yahoo,property,42
yahoo,sit,42
yahoo,social,42
yahoo,solution,42
yahoo,terms,42
yahoo,visit,42
yahoo,within,42
yahoo,worry,42
yahoo,14,41
yahoo,2000,41
yahoo,2x,41
yahoo,americans,41
yahoo,bill,41
yahoo,die,41
yahoo,doesnt,41
yahoo,favorite,41
yahoo,further,41
yahoo,future,41
yahoo,interesting,41
yahoo,itself,41
yahoo,miles,41
yahoo,nmy,41
yahoo,perfect,41
yahoo,plus,41
yahoo,pressure,41
yahoo,rather,41
yahoo,recently,41
yahoo,save,41
yahoo,security,41
yahoo,serious,41
yahoo,total,41
yahoo,treatment,41
yahoo,view,41
yahoo,yours,41
yahoo,alone,40
yahoo,assume,40
yahoo,band,40
yahoo,behind,40
yahoo,boy,40
yahoo,changed,40
yahoo,cost,40
yahoo,deep,40
yahoo,eating,40
yahoo,figure,40
yahoo,four,40
yahoo,gas,40
yahoo,giving,40
yahoo,hands,40
yahoo,legal,40
yahoo,loved,40
yahoo,market,40
yahoo,n5,40
yahoo,network,40
yahoo,pc,40
yahoo,played,40
yahoo,players,40
yahoo,product,40
yahoo,40,39
yahoo,access,39
yahoo,base,39
yahoo,beat,39
yahoo,beautiful,39
yahoo,caused,39
yahoo,christians,39
yahoo,clean,39
yahoo,code,39
yahoo,completely,39
yahoo,consider,39
yahoo,couldn,39
yahoo,crazy,39
yahoo,effect,39
yahoo,eye,39
yahoo,football,39
yahoo,humans,39
yahoo,jobs,39
yahoo,league,39
yahoo,letter,39
yahoo,marriage,39
yahoo,nalso,39
yahoo,national,39
yahoo,picture,39
yahoo,police,39
yahoo,professional,39
yahoo,q,39
yahoo,safe,39
yahoo,shouldn,39
yahoo,websites,39
yahoo,written,39
yahoo,average,38
yahoo,bet,38
yahoo,bring,38
yahoo,cells,38
yahoo,complete,38
yahoo,dead,38
yahoo,delete,38
yahoo,department,38
yahoo,disease,38
yahoo,interested,38
yahoo,lost,38
yahoo,met,38
yahoo,minutes,38
yahoo,password,38
yahoo,reasons,38
yahoo,related,38
yahoo,research,38
yahoo,rule,38
yahoo,sick,38
yahoo,speaking,38
yahoo,watching,38
yahoo,wide,38
yahoo,2006,37
yahoo,absolutely,37
yahoo,agent,37
yahoo,anti,37
yahoo,attention,37
yahoo,bed,37
yahoo,drug,37
yahoo,drugs,37
yahoo,fair,37
yahoo,helpful,37
yahoo,later,37
yahoo,learning,37
yahoo,lower,37
yahoo,members,37
yahoo,memory,37
yahoo,myspace,37
yahoo,official,37
yahoo,present,37
yahoo,race,37
yahoo,resources,37
yahoo,seriously,37
yahoo,sexy,37
yahoo,speak,37
yahoo,standard,37
yahoo,star,37
yahoo,tried,37
yahoo,universe,37
yahoo,uses,37
yahoo,walk,37
yahoo,weeks,37
yahoo,blue,36
yahoo,canada,36
yahoo,claim,36
yahoo,cos,36
yahoo,daughter,36
yahoo,details,36
yahoo,difficult,36
yahoo,equation,36
yahoo,fan,36
yahoo,helping,36
yahoo,issues,36
yahoo,lines,36
yahoo,nhe,36
yahoo,older,36
yahoo,popular,36
yahoo,practice,36
yahoo,realize,36
yahoo,remove,36
yahoo,series,36
yahoo,shreveport,36
yahoo,vote,36
yahoo,wanna,36
yahoo,bar,35
yahoo,brain,35
yahoo,button,35
yahoo,christ,35
yahoo,eyes,35
yahoo,jackson,35
yahoo,la,35
yahoo,message,35
yahoo,million,35
yahoo,pro,35
yahoo,respect,35
yahoo,spell,35
yahoo,spend,35
yahoo,starting,35
yahoo,step,35
yahoo,telling,35
yahoo,animal,34
yahoo,animals,34
yahoo,built,34
yahoo,cold,34
yahoo,color,34
yahoo,condition,34
yahoo,didnt,34
yahoo,fight,34
yahoo,front,34
yahoo,gave,34
yahoo,happened,34
yahoo,haven,34
yahoo,heaven,34
yahoo,homework,34
yahoo,ie,34
yahoo,key,34
yahoo,king,34
yahoo,loan,34
yahoo,match,34
yahoo,method,34
yahoo,names,34
yahoo,needed,34
yahoo,nwe,34
yahoo,nwhat,34
yahoo,places,34
yahoo,reality,34
yahoo,rich,34
yahoo,score,34
yahoo,screen,34
yahoo,strong,34
yahoo,student,34
yahoo,teams,34
yahoo,toot,34
yahoo,usa,34
yahoo,various,34
yahoo,writing,34
yahoo,45,33
yahoo,box,33
yahoo,boys,33
yahoo,center,33
yahoo,community,33
yahoo,da,33
yahoo,especially,33
yahoo,etc,33
yahoo,female,33
yahoo,involved,33
yahoo,kill,33
yahoo,kiss,33
yahoo,library,33
yahoo,loves,33
yahoo,male,33
yahoo,medicine,33
yahoo,near,33
yahoo,obviously,33
yahoo,press,33
yahoo,proof,33
yahoo,reaction,33
yahoo,regular,33
yahoo,risk,33
yahoo,saw,33
yahoo,sexual,33
yahoo,share,33
yahoo,stress,33
yahoo,symptoms,33
yahoo,topic,33
yahoo,birth,32
yahoo,careful,32
yahoo,charge,32
yahoo,content,32
yahoo,current,32
yahoo,currently,32
yahoo,easier,32
yahoo,ebay,32
yahoo,fire,32
yahoo,folder,32
yahoo,gold,32
yahoo,gone,32
yahoo,install,32
yahoo,liquid,32
yahoo,month,32
yahoo,njust,32
yahoo,nnow,32
yahoo,object,32
yahoo,planet,32
yahoo,putting,32
yahoo,stand,32
yahoo,subject,32
yahoo,taught,32
yahoo,theory,32
yahoo,third,32
yahoo,throw,32
yahoo,tough,32
yahoo,travel,32
yahoo,wasn,32
yahoo,worked,32
yahoo,worse,32
yahoo,z,32
yahoo,35,31
yahoo,80,31
yahoo,answered,31
yahoo,anywhere,31
yahoo,assuming,31
yahoo,brown,31
yahoo,dr,31
yahoo,engine,31
yahoo,factors,31
yahoo,healthy,31
yahoo,individual,31
yahoo,knowledge,31
yahoo,lets,31
yahoo,limewire,31
yahoo,material,31
yahoo,morning,31
yahoo,ms,31
yahoo,ngo,31
yahoo,np,31
yahoo,quality,31
yahoo,reading,31
yahoo,results,31
yahoo,rock,31
yahoo,stock,31
yahoo,style,31
yahoo,technology,31
yahoo,user,31
yahoo,weird,31
yahoo,wonderful,31
yahoo,cute,30
yahoo,dance,30
yahoo,decide,30
yahoo,directly,30
yahoo,express,30
yahoo,fighting,30
yahoo,foreign,30
yahoo,forms,30
yahoo,forward,30
yahoo,groups,30
yahoo,hello,30
yahoo,ice,30
yahoo,kinda,30
yahoo,land,30
yahoo,nhahahahahahahahahahahahahahaha,30
yahoo,nlet,30
yahoo,plenty,30
yahoo,protein,30
yahoo,result,30
yahoo,sad,30
yahoo,select,30
yahoo,sent,30
yahoo,shall,30
yahoo,sides,30
yahoo,sister,30
yahoo,starts,30
yahoo,temperature,30
yahoo,treat,30
yahoo,waste,30
yahoo,zero,30
yahoo,75,29
yahoo,ability,29
yahoo,afraid,29
yahoo,anymore,29
yahoo,article,29
yahoo,brother,29
yahoo,building,29
yahoo,bunch,29
yahoo,cell,29
yahoo,congress,29
yahoo,cover,29
yahoo,cross,29
yahoo,dad,29
yahoo,document,29
yahoo,double,29
yahoo,dry,29
yahoo,electrons,29
yahoo,faith,29
yahoo,foot,29
yahoo,germany,29
yahoo,hes,29
yahoo,indian,29
yahoo,knowing,29
yahoo,length,29
yahoo,meant,29
yahoo,onto,29
yahoo,original,29
yahoo,position,29
yahoo,products,29
yahoo,properties,29
yahoo,purpose,29
yahoo,radio,29
yahoo,registry,29
yahoo,schools,29
yahoo,skin,29
yahoo,society,29
yahoo,somewhere,29
yahoo,text,29
yahoo,thanks,29
yahoo,title,29
yahoo,xp,29
yahoo,200,28
yahoo,23,28
yahoo,60,28
yahoo,alive,28
yahoo,appears,28
yahoo,bottom,28
yahoo,count,28
yahoo,depend,28
yahoo,effects,28
yahoo,excellent,28
yahoo,expect,28
yahoo,explorer,28
yahoo,forum,28
yahoo,girlfriend,28
yahoo,include,28
yahoo,including,28
yahoo,income,28
yahoo,industry,28
yahoo,international,28
yahoo,k,28
yahoo,lead,28
yahoo,ln,28
yahoo,math,28
yahoo,nc,28
yahoo,negative,28
yahoo,nfirst,28
yahoo,paying,28
yahoo,perhaps,28
yahoo,political,28
yahoo,pregnant,28
yahoo,record,28
yahoo,server,28
yahoo,settings,28
yahoo,skills,28
yahoo,slow,28
yahoo,voice,28
yahoo,1st,27
yahoo,actual,27
yahoo,areas,27
yahoo,association,27
yahoo,avoid,27
yahoo,biggest,27
yahoo,career,27
yahoo,china,27
yahoo,connection,27
yahoo,dear,27
yahoo,designed,27
yahoo,door,27
yahoo,equal,27
yahoo,estate,27
yahoo,event,27
yahoo,faster,27
yahoo,france,27
yahoo,function,27
yahoo,gift,27
yahoo,glad,27
yahoo,height,27
yahoo,hole,27
yahoo,horse,27
yahoo,hospital,27
yahoo,ideas,27
yahoo,kinds,27
yahoo,lawyer,27
yahoo,lie,27
yahoo,marketing,27
yahoo,moment,27
yahoo,mr,27
yahoo,muscle,27
yahoo,nas,27
yahoo,ndon,27
yahoo,normally,27
yahoo,notice,27
yahoo,otherwise,27
yahoo,paper,27
yahoo,peace,27
yahoo,population,27
yahoo,previous,27
yahoo,refers,27
yahoo,return,27
yahoo,shop,27
yahoo,smile,27
yahoo,smoking,27
yahoo,surgery,27
yahoo,tend,27
yahoo,therefore,27
yahoo,upon,27
yahoo,via,27
yahoo,17,26
yahoo,19,26
yahoo,accounts,26
yahoo,album,26
yahoo,allowed,26
yahoo,among,26
yahoo,build,26
yahoo,ca,26
yahoo,cancer,26
yahoo,cares,26
yahoo,contains,26
yahoo,created,26
yahoo,died,26
yahoo,drop,26
yahoo,error,26
yahoo,exercise,26
yahoo,fear,26
yahoo,five,26
yahoo,goal,26
yahoo,ha,26
yahoo,highly,26
yahoo,hopefully,26
yahoo,imagine,26
yahoo,immigrants,26
yahoo,ip,26
yahoo,isnt,26
yahoo,knew,26
yahoo,lack,26
yahoo,listed,26
yahoo,lyrics,26
yahoo,map,26
yahoo,messenger,26
yahoo,mostly,26
yahoo,neither,26
yahoo,nno,26
yahoo,note,26
yahoo,paid,26
yahoo,pictures,26
yahoo,print,26
yahoo,pull,26
yahoo,san,26
yahoo,scale,26
yahoo,shot,26
yahoo,signs,26
yahoo,smart,26
yahoo,sold,26
yahoo,spent,26
yahoo,stopped,26
yahoo,stores,26
yahoo,sucks,26
yahoo,summer,26
yahoo,supposed,26
yahoo,sweet,26
yahoo,thinks,26
yahoo,truly,26
yahoo,turned,26
yahoo,twice,26
yahoo,wwe,26
yahoo,2005,25
yahoo,active,25
yahoo,afford,25
yahoo,al,25
yahoo,catholic,25
yahoo,certainly,25
yahoo,chinese,25
yahoo,crime,25
yahoo,cuz,25
yahoo,distance,25
yahoo,doc,25
yahoo,ex,25
yahoo,felt,25
yahoo,finding,25
yahoo,fish,25
yahoo,format,25
yahoo,george,25
yahoo,harder,25
yahoo,infection,25
yahoo,kid,25
yahoo,limited,25
yahoo,located,25
yahoo,mold,25
yahoo,mortgage,25
yahoo,mouth,25
yahoo,nall,25
yahoo,nation,25
yahoo,ndo,25
yahoo,ntry,25
yahoo,ourselves,25
yahoo,oxygen,25
yahoo,runs,25
yahoo,seeing,25
yahoo,showing,25
yahoo,shown,25
yahoo,sport,25
yahoo,spread,25
yahoo,sqrt,25
yahoo,sugar,25
yahoo,sunday,25
yahoo,table,25
yahoo,thank,25
yahoo,towards,25
yahoo,town,25
yahoo,wont,25
yahoo,across,24
yahoo,allows,24
yahoo,articles,24
yahoo,besides,24
yahoo,british,24
yahoo,burn,24
yahoo,carbon,24
yahoo,cases,24
yahoo,changes,24
yahoo,channel,24
yahoo,character,24
yahoo,chemical,24
yahoo,classes,24
yahoo,costs,24
yahoo,democrats,24
yahoo,dictionary,24
yahoo,dreams,24
yahoo,environment,24
yahoo,fake,24
yahoo,film,24
yahoo,fix,24
yahoo,freedom,24
yahoo,hp,24
yahoo,lucky,24
yahoo,management,24
yahoo,mentioned,24
yahoo,mess,24
yahoo,nr,24
yahoo,nto,24
yahoo,nuclear,24
yahoo,nwhy,24
yahoo,passed,24
yahoo,pdf,24
yahoo,positive,24
yahoo,prices,24
yahoo,protect,24
yahoo,push,24
yahoo,required,24
yahoo,requires,24
yahoo,rid,24
yahoo,round,24
yahoo,shy,24
yahoo,tab,24
yahoo,teeth,24
yahoo,unfortunately,24
yahoo,wall,24
yahoo,warm,24
yahoo,yellow,24
yahoo,abuse,23
yahoo,ad,23
yahoo,africa,23
yahoo,attack,23
yahoo,aware,23
yahoo,bacteria,23
yahoo,breath,23
yahoo,california,23
yahoo,chat,23
yahoo,computers,23
yahoo,continue,23
yahoo,covered,23
yahoo,dark,23
yahoo,develop,23
yahoo,direct,23
yahoo,divorce,23
yahoo,easily,23
yahoo,except,23
yahoo,extra,23
yahoo,fit,23
yahoo,fixed,23
yahoo,flag,23
yahoo,fresh,23
yahoo,gain,23
yahoo,german,23
yahoo,greatest,23
yahoo,james,23
yahoo,judge,23
yahoo,killed,23
yahoo,liked,23
yahoo,manager,23
yahoo,muscles,23
yahoo,nature,23
yahoo,nhow,23
yahoo,nose,23
yahoo,obvious,23
yahoo,ocean,23
yahoo,pass,23
yahoo,quickly,23
yahoo,quit,23
yahoo,sales,23
yahoo,shopping,23
yahoo,shtml,23
yahoo,structure,23
yahoo,systems,23
yahoo,teach,23
yahoo,thus,23
yahoo,videos,23
yahoo,worst,23
yahoo,yards,23
yahoo,22,22
yahoo,90,22
yahoo,92,22
yahoo,99,22
yahoo,accept,22
yahoo,acid,22
yahoo,action,22
yahoo,actions,22
yahoo,advantage,22
yahoo,application,22
yahoo,approach,22
yahoo,background,22
yahoo,basis,22
yahoo,basketball,22
yahoo,bought,22
yahoo,club,22
yahoo,colors,22
yahoo,connect,22
yahoo,convert,22
yahoo,culture,22
yahoo,default,22
yahoo,defined,22
yahoo,dog,22
yahoo,dream,22
yahoo,entire,22
yahoo,exact,22
yahoo,fans,22
yahoo,feels,22
yahoo,final,22
yahoo,guide,22
yahoo,gun,22
yahoo,handle,22
yahoo,honestly,22
yahoo,iran,22
yahoo,jail,22
yahoo,jones,22
yahoo,limit,22
yahoo,load,22
yahoo,machine,22
yahoo,medication,22
yahoo,michael,22
yahoo,multiple,22
yahoo,nb,22
yahoo,nba,22
yahoo,nf,22
yahoo,nwho,22
yahoo,ny,22
yahoo,pills,22
yahoo,plant,22
yahoo,plug,22
yahoo,pounds,22
yahoo,quick,22
yahoo,refer,22
yahoo,secure,22
yahoo,sentence,22
yahoo,smaller,22
yahoo,sources,22
yahoo,spanish,22
yahoo,st,22
yahoo,suck,22
yahoo,super,22
yahoo,tests,22
yahoo,tips,22
yahoo,trouble,22
yahoo,variety,22
yahoo,weather,22
yahoo,wind,22
yahoo,wireless,22
yahoo,youtube,22
yahoo,27,21
yahoo,28,21
yahoo,70,21
yahoo,aim,21
yahoo,answering,21
yahoo,applied,21
yahoo,attracted,21
yahoo,beyond,21
yahoo,cards,21
yahoo,carry,21
yahoo,caught,21
yahoo,cheap,21
yahoo,circle,21
yahoo,comfortable,21
yahoo,compare,21
yahoo,david,21
yahoo,decision,21
yahoo,desktop,21
yahoo,direction,21
yahoo,disk,21
yahoo,dna,21
yahoo,driving,21
yahoo,dude,21
yahoo,europe,21
yahoo,eventually,21
yahoo,feed,21
yahoo,florida,21
yahoo,flow,21
yahoo,focus,21
yahoo,grade,21
yahoo,ground,21
yahoo,growth,21
yahoo,jealous,21
yahoo,killing,21
yahoo,looked,21
yahoo,lord,21
yahoo,magazine,21
yahoo,mark,21
yahoo,menu,21
yahoo,minimum,21
yahoo,minute,21
yahoo,mode,21
yahoo,mp3,21
yahoo,ne,21
yahoo,nobody,21
yahoo,park,21
yahoo,prefer,21
yahoo,provided,21
yahoo,receive,21
yahoo,ref,21
yahoo,republicans,21
yahoo,ring,21
yahoo,santa,21
yahoo,saved,21
yahoo,scientific,21
yahoo,shape,21
yahoo,soccer,21
yahoo,solid,21
yahoo,square,21
yahoo,standing,21
yahoo,stands,21
yahoo,statement,21
yahoo,stick,21
yahoo,surface,21
yahoo,tea,21
yahoo,tons,21
yahoo,training,21
yahoo,treated,21
yahoo,tree,21
yahoo,violence,21
yahoo,vitamin,21
yahoo,29,20
yahoo,800,20
yahoo,addresses,20
yahoo,administration,20
yahoo,african,20
yahoo,aspx,20
yahoo,ass,20
yahoo,banks,20
yahoo,begin,20
yahoo,beginning,20
yahoo,birthday,20
yahoo,bless,20
yahoo,brazil,20
yahoo,burning,20
yahoo,christianity,20
yahoo,complex,20
yahoo,damn,20
yahoo,database,20
yahoo,define,20
yahoo,definition,20
yahoo,density,20
yahoo,documents,20
yahoo,dollars,20
yahoo,draw,20
yahoo,east,20
yahoo,finally,20
yahoo,floor,20
yahoo,greater,20
yahoo,growing,20
yahoo,guilty,20
yahoo,hmm,20
yahoo,ignore,20
yahoo,increased,20
yahoo,independent,20
yahoo,installed,20
yahoo,islam,20
yahoo,keeps,20
yahoo,learned,20
yahoo,legs,20
yahoo,letters,20
yahoo,liberals,20
yahoo,location,20
yahoo,marry,20
yahoo,mba,20
yahoo,member,20
yahoo,n12,20
yahoo,nations,20
yahoo,nd,20
yahoo,nsince,20
yahoo,nyour,20
yahoo,offers,20
yahoo,oz,20
yahoo,photos,20
yahoo,physics,20
yahoo,plans,20
yahoo,possibly,20
yahoo,private,20
yahoo,regarding,20
yahoo,region,20
yahoo,removed,20
yahoo,rent,20
yahoo,requirements,20
yahoo,router,20
yahoo,sensitive,20
yahoo,setting,20
yahoo,somebody,20
yahoo,spirit,20
yahoo,stage,20
yahoo,street,20
yahoo,taxes,20
yahoo,texas,20
yahoo,till,20
yahoo,unit,20
yahoo,virgin,20
yahoo,welfare,20
yahoo,west,20
yahoo,wise,20
yahoo,5y,19
yahoo,adult,19
yahoo,advertising,19
yahoo,baseball,19
yahoo,beauty,19
yahoo,cars,19
yahoo,catch,19
yahoo,constitution,19
yahoo,display,19
yahoo,divide,19
yahoo,drunk,19
yahoo,dx,19
yahoo,edit,19
yahoo,eggs,19
yahoo,everybody,19
yahoo,famous,19
yahoo,friction,19
yahoo,holy,19
yahoo,honor,19
yahoo,infected,19
yahoo,java,19
yahoo,join,19
yahoo,joke,19
yahoo,kick,19
yahoo,label,19
yahoo,lady,19
yahoo,laptop,19
yahoo,larger,19
yahoo,leaders,19
yahoo,meal,19
yahoo,model,19
yahoo,n6,19
yahoo,necessary,19
yahoo,officer,19
yahoo,omg,19
yahoo,outlook,19
yahoo,personality,19
yahoo,pre,19
yahoo,prime,19
yahoo,prison,19
yahoo,prove,19
yahoo,range,19
yahoo,received,19
yahoo,reference,19
yahoo,river,19
yahoo,sitting,19
yahoo,soldiers,19
yahoo,sore,19
yahoo,species,19
yahoo,spray,19
yahoo,spyware,19
yahoo,statistics,19
yahoo,status,19
yahoo,steel,19
yahoo,successful,19
yahoo,thru,19
yahoo,tool,19
yahoo,trade,19
yahoo,troops,19
yahoo,un,19
yahoo,violent,19
yahoo,wash,19
yahoo,washington,19
yahoo,willing,19
yahoo,yea,19
yahoo,yep,19
yahoo,21,18
yahoo,98,18
yahoo,accurate,18
yahoo,activity,18
yahoo,arms,18
yahoo,atmosphere,18
yahoo,attempt,18
yahoo,bodies,18
yahoo,border,18
yahoo,brought,18
yahoo,butt,18
yahoo,calling,18
yahoo,calories,18
yahoo,cash,18
yahoo,causing,18
yahoo,checking,18
yahoo,chest,18
yahoo,chief,18
yahoo,chris,18
yahoo,citizens,18
yahoo,civil,18
yahoo,comment,18
yahoo,considering,18
yahoo,contract,18
yahoo,dangerous,18
yahoo,demand,18
yahoo,deserve,18
yahoo,diseases,18
yahoo,domain,18
yahoo,economic,18
yahoo,electric,18
yahoo,exist,18
yahoo,expensive,18
yahoo,extremely,18
yahoo,fed,18
yahoo,fee,18
yahoo,fill,18
yahoo,funds,18
yahoo,glass,18
yahoo,goals,18
yahoo,guitar,18
yahoo,henry,18
yahoo,influence,18
yahoo,italy,18
yahoo,items,18
yahoo,jack,18
yahoo,lights,18
yahoo,lived,18
yahoo,loose,18
yahoo,losing,18
yahoo,matters,18
yahoo,med,18
yahoo,meeting,18
yahoo,mid,18
yahoo,milk,18
yahoo,motion,18
yahoo,myth,18
yahoo,named,18
yahoo,native,18
yahoo,ncheck,18
yahoo,nnot,18
yahoo,particular,18
yahoo,parties,18
yahoo,paul,18
yahoo,piece,18
yahoo,plants,18
yahoo,prevent,18
yahoo,production,18
yahoo,recent,18
yahoo,records,18
yahoo,referring,18
yahoo,relax,18
yahoo,road,18
yahoo,royal,18
yahoo,secret,18
yahoo,seek,18
yahoo,shoes,18
yahoo,stars,18
yahoo,success,18
yahoo,tells,18
yahoo,throughout,18
yahoo,tissue,18
yahoo,touch,18
yahoo,train,18
yahoo,ultimate,18
yahoo,um,18
yahoo,volume,18
yahoo,vs,18
yahoo,walking,18
yahoo,waves,18
yahoo,weak,18
yahoo,wild,18
yahoo,worried,18
yahoo,2y,17
yahoo,500,17
yahoo,added,17
yahoo,adding,17
yahoo,affect,17
yahoo,agency,17
yahoo,alternative,17
yahoo,amazon,17
yahoo,appear,17
yahoo,applications,17
yahoo,art,17
yahoo,balance,17
yahoo,becomes,17
yahoo,bigger,17
yahoo,blocker,17
yahoo,bond,17
yahoo,bones,17
yahoo,chain,17
yahoo,clue,17
yahoo,coast,17
yahoo,compared,17
yahoo,cry,17
yahoo,dating,17
yahoo,definately,17
yahoo,determine,17
yahoo,divided,17
yahoo,docs,17
yahoo,doctors,17
yahoo,downloads,17
yahoo,draft,17
yahoo,ed,17
yahoo,employees,17
yahoo,evidence,17
yahoo,expression,17
yahoo,facts,17
yahoo,gravity,17
yahoo,hasn,17
yahoo,hated,17
yahoo,horrible,17
yahoo,impact,17
yahoo,inches,17
yahoo,invented,17
yahoo,ive,17
yahoo,j,17
yahoo,jump,17
yahoo,lane,17
yahoo,latin,17
yahoo,lazy,17
yahoo,leader,17
yahoo,loads,17
yahoo,lying,17
yahoo,march,17
yahoo,matches,17
yahoo,mention,17
yahoo,millions,17
yahoo,msn,17
yahoo,nhowever,17
yahoo,nits,17
yahoo,nsome,17
yahoo,nyes,17
yahoo,overall,17
yahoo,panel,17
yahoo,plate,17
yahoo,potential,17
yahoo,powerful,17
yahoo,primary,17
yahoo,projects,17
yahoo,proper,17
yahoo,properly,17
yahoo,proud,17
yahoo,purple,17
yahoo,purposes,17
yahoo,random,17
yahoo,reach,17
yahoo,religious,17
yahoo,romantic,17
yahoo,salt,17
yahoo,serve,17
yahoo,strange,17
yahoo,string,17
yahoo,studies,17
yahoo,swimming,17
yahoo,ten,17
yahoo,theres,17
yahoo,throat,17
yahoo,union,17
yahoo,upset,17
yahoo,waiting,17
yahoo,watched,17
yahoo,wedding,17
yahoo,wins,17
yahoo,wouldnt,17
yahoo,wrote,17
yahoo,advanced,16
yahoo,ahead,16
yahoo,aid,16
yahoo,ain,16
yahoo,amazing,16
yahoo,audio,16
yahoo,avatar,16
yahoo,bone,16
yahoo,category,16
yahoo,clearly,16
yahoo,communication,16
yahoo,conditions,16
yahoo,confused,16
yahoo,constant,16
yahoo,contain,16
yahoo,corner,16
yahoo,correctly,16
yahoo,crap,16
yahoo,damage,16
yahoo,development,16
yahoo,device,16
yahoo,digital,16
yahoo,directions,16
yahoo,division,16
yahoo,drinking,16
yahoo,drivers,16
yahoo,dumb,16
yahoo,el,16
yahoo,engineering,16
yahoo,es,16
yahoo,exchange,16
yahoo,factor,16
yahoo,fell,16
yahoo,financial,16
yahoo,firefox,16
yahoo,former,16
yahoo,french,16
yahoo,frequency,16
yahoo,giant,16
yahoo,grants,16
yahoo,guessing,16
yahoo,hang,16
yahoo,honey,16
yahoo,host,16
yahoo,hubby,16
yahoo,huh,16
yahoo,included,16
yahoo,increases,16
yahoo,jewish,16
yahoo,joe,16
yahoo,jpg,16
yahoo,jr,16
yahoo,justice,16
yahoo,kept,16
yahoo,latest,16
yahoo,laughing,16
yahoo,lay,16
yahoo,leading,16
yahoo,lips,16
yahoo,loving,16
yahoo,magnetic,16
yahoo,marks,16
yahoo,meanings,16
yahoo,medium,16
yahoo,meds,16
yahoo,metal,16
yahoo,miss,16
yahoo,nbe,16
yahoo,nedit,16
yahoo,nfrom,16
yahoo,ngod,16
yahoo,nwell,16
yahoo,opinions,16
yahoo,opportunity,16
yahoo,opposite,16
yahoo,pagebuilder,16
yahoo,particles,16
yahoo,paste,16
yahoo,patient,16
yahoo,penis,16
yahoo,phrase,16
yahoo,pill,16
yahoo,planets,16
yahoo,plays,16
yahoo,pray,16
yahoo,primarily,16
yahoo,project,16
yahoo,protection,16
yahoo,quiet,16
yahoo,reasonable,16
yahoo,relative,16
yahoo,release,16
yahoo,review,16
yahoo,root,16
yahoo,seconds,16
yahoo,sells,16
yahoo,served,16
yahoo,signal,16
yahoo,six,16
yahoo,skinny,16
yahoo,sleeping,16
yahoo,smoke,16
yahoo,specifically,16
yahoo,spot,16
yahoo,stomach,16
yahoo,suit,16
yahoo,surprise,16
yahoo,tank,16
yahoo,thier,16
yahoo,tom,16
yahoo,traffic,16
yahoo,typically,16
yahoo,update,16
yahoo,values,16
yahoo,vary,16
yahoo,wave,16
yahoo,winning,16
yahoo,yo,16
yahoo,120,15
yahoo,2004,15
yahoo,3x,15
yahoo,76,15
yahoo,78,15
yahoo,acting,15
yahoo,activities,15
yahoo,addition,15
yahoo,advise,15
yahoo,ages,15
yahoo,aka,15
yahoo,aliens,15
yahoo,anybody,15
yahoo,argentina,15
yahoo,arm,15
yahoo,army,15
yahoo,asia,15
yahoo,asks,15
yahoo,auto,15
yahoo,bath,15
yahoo,becoming,15
yahoo,beliefs,15
yahoo,benefits,15
yahoo,bf,15
yahoo,bleach,15
yahoo,bonds,15
yahoo,bottle,15
yahoo,bound,15
yahoo,boundary,15
yahoo,bread,15
yahoo,century,15
yahoo,checks,15
yahoo,chelsea,15
yahoo,clinton,15
yahoo,clothes,15
yahoo,command,15
yahoo,concerned,15
yahoo,construction,15
yahoo,cricket,15
yahoo,cure,15
yahoo,defense,15
yahoo,disorder,15
yahoo,drives,15
yahoo,electron,15
yahoo,enforcement,15
yahoo,european,15
yahoo,evil,15
yahoo,explanation,15
yahoo,faq,15
yahoo,fingers,15
yahoo,flat,15
yahoo,forever,15
yahoo,fr,15
yahoo,fuel,15
yahoo,gmail,15
yahoo,graphics,15
yahoo,hide,15
yahoo,hiv,15
yahoo,hurts,15
yahoo,idiot,15
yahoo,idiots,15
yahoo,indicate,15
yahoo,instructions,15
yahoo,interests,15
yahoo,invest,15
yahoo,japan,15
yahoo,july,15
yahoo,ladies,15
yahoo,laugh,15
yahoo,lessons,15
yahoo,lists,15
yahoo,mad,15
yahoo,majority,15
yahoo,manage,15
yahoo,mary,15
yahoo,master,15
yahoo,mature,15
yahoo,meat,15
yahoo,mental,15
yahoo,missed,15
yahoo,mixed,15
yahoo,monitor,15
yahoo,moons,15
yahoo,mouse,15
yahoo,muslim,15
yahoo,noh,15
yahoo,nplease,15
yahoo,october,15
yahoo,parent,15
yahoo,produce,15
yahoo,profit,15
yahoo,pure,15
yahoo,quote,15
yahoo,rangers,15
yahoo,represent,15
yahoo,role,15
yahoo,sample,15
yahoo,sand,15
yahoo,scared,15
yahoo,severe,15
yahoo,silly,15
yahoo,slope,15
yahoo,snow,15
yahoo,soul,15
yahoo,supply,15
yahoo,sweat,15
yahoo,target,15
yahoo,terrible,15
yahoo,thousands,15
yahoo,track,15
yahoo,trip,15
yahoo,walked,15
yahoo,warming,15
yahoo,wearing,15
yahoo,winter,15
yahoo,wonder,15
yahoo,wondering,15
yahoo,yourname,15
yahoo,2002,14
yahoo,2239,14
yahoo,33,14
yahoo,400,14
yahoo,51,14
yahoo,85,14
yahoo,acts,14
yahoo,adults,14
yahoo,aol,14
yahoo,arrested,14
yahoo,assistance,14
yahoo,balls,14
yahoo,bankruptcy,14
yahoo,beach,14
yahoo,became,14
yahoo,blog,14
yahoo,blonde,14
yahoo,broker,14
yahoo,cable,14
yahoo,calls,14
yahoo,capital,14
yahoo,cat,14
yahoo,cfm,14
yahoo,changing,14
yahoo,cholesterol,14
yahoo,citizen,14
yahoo,clock,14
yahoo,coffee,14
yahoo,consult,14
yahoo,cookies,14
yahoo,counter,14
yahoo,crush,14
yahoo,decided,14
yahoo,depression,14
yahoo,detail,14
yahoo,diagram,14
yahoo,discuss,14
yahoo,dump,14
yahoo,dunno,14
yahoo,elections,14
yahoo,encourage,14
yahoo,et,14
yahoo,everyday,14
yahoo,evolution,14
yahoo,excel,14
yahoo,exe,14
yahoo,exposure,14
yahoo,falls,14
yahoo,foods,14
yahoo,friendship,14
yahoo,habits,14
yahoo,haha,14
yahoo,happening,14
yahoo,harry,14
yahoo,hat,14
yahoo,hearing,14
yahoo,held,14
yahoo,hundred,14
yahoo,hydrogen,14
yahoo,ill,14
yahoo,immediately,14
yahoo,immune,14
yahoo,includes,14
yahoo,investment,14
yahoo,keeping,14
yahoo,lame,14
yahoo,le,14
yahoo,leg,14
yahoo,magic,14
yahoo,manner,14
yahoo,mart,14
yahoo,measure,14
yahoo,messages,14
yahoo,min,14
yahoo,mix,14
yahoo,moved,14
yahoo,movement,14
yahoo,multiply,14
yahoo,muslims,14
yahoo,n7,14
yahoo,ndepartment,14
yahoo,nget,14
yahoo,nhave,14
yahoo,nmost,14
yahoo,nnever,14
yahoo,nsecretary,14
yahoo,nursing,14
yahoo,nwith,14
yahoo,objects,14
yahoo,ohio,14
yahoo,origin,14
yahoo,paint,14
yahoo,papers,14
yahoo,performance,14
yahoo,ph,14
yahoo,photo,14
yahoo,pistons,14
yahoo,plastic,14
yahoo,polar,14
yahoo,ppl,14
yahoo,printer,14
yahoo,produced,14
yahoo,pulled,14
yahoo,puts,14
yahoo,racist,14
yahoo,reduce,14
yahoo,relationships,14
yahoo,repair,14
yahoo,request,14
yahoo,resource,14
yahoo,reverse,14
yahoo,roman,14
yahoo,saving,14
yahoo,scam,14
yahoo,scary,14
yahoo,schedule,14
yahoo,screw,14
yahoo,searching,14
yahoo,selfish,14
yahoo,selling,14
yahoo,shower,14
yahoo,shut,14
yahoo,sight,14
yahoo,simpson,14
yahoo,solve,14
yahoo,somewhat,14
yahoo,standards,14
yahoo,steps,14
yahoo,sue,14
yahoo,sum,14
yahoo,symptom,14
yahoo,tan,14
yahoo,tested,14
yahoo,tied,14
yahoo,toward,14
yahoo,trick,14
yahoo,url,14
yahoo,vitamins,14
yahoo,weapons,14
yahoo,whoever,14
yahoo,wires,14
yahoo,2nd,13
yahoo,31,13
yahoo,36,13
yahoo,64,13
yahoo,additional,13
yahoo,alcohol,13
yahoo,analysis,13
yahoo,apart,13
yahoo,attached,13
yahoo,attorney,13
yahoo,attractive,13
yahoo,barcelona,13
yahoo,bay,13
yahoo,began,13
yahoo,beings,13
yahoo,benefit,13
yahoo,block,13
yahoo,bother,13
yahoo,breast,13
yahoo,busy,13
yahoo,cake,13
yahoo,camera,13
yahoo,carried,13
yahoo,cds,13
yahoo,central,13
yahoo,champions,13
yahoo,chemistry,13
yahoo,client,13
yahoo,collect,13
yahoo,comments,13
yahoo,commercial,13
yahoo,concern,13
yahoo,constantly,13
yahoo,corporations,13
yahoo,cosmetic,13
yahoo,courses,13
yahoo,customer,13
yahoo,daily,13
yahoo,dated,13
yahoo,dealing,13
yahoo,decent,13
yahoo,definitions,13
yahoo,degrees,13
yahoo,design,13
yahoo,developed,13
yahoo,devil,13
yahoo,dose,13
yahoo,driver,13
yahoo,duh,13
yahoo,edge,13
yahoo,election,13
yahoo,electrical,13
yahoo,emotions,13
yahoo,engines,13
yahoo,entertainment,13
yahoo,entirely,13
yahoo,episode,13
yahoo,fairly,13
yahoo,families,13
yahoo,fantasy,13
yahoo,fault,13
yahoo,feature,13
yahoo,firewall,13
yahoo,flash,13
yahoo,flight,13
yahoo,fly,13
yahoo,follows,13
yahoo,fully,13
yahoo,global,13
yahoo,gotta,13
yahoo,grown,13
yahoo,hall,13
yahoo,handed,13
yahoo,handicapped,13
yahoo,hardware,13
yahoo,hers,13
yahoo,hire,13
yahoo,hmmm,13
yahoo,hundreds,13
yahoo,hungry,13
yahoo,ii,13
yahoo,impossible,13
yahoo,indeed,13
yahoo,internal,13
yahoo,iraqi,13
yahoo,jim,13
yahoo,johnson,13
yahoo,keyboard,13
yahoo,keys,13
yahoo,kg,13
yahoo,kidding,13
yahoo,languages,13
yahoo,lbs,13
yahoo,license,13
yahoo,manual,13
yahoo,mars,13
yahoo,massive,13
yahoo,meals,13
yahoo,mile,13
yahoo,momentum,13
yahoo,mountain,13
yahoo,n8,13
yahoo,naturally,13
yahoo,nbest,13
yahoo,nby,13
yahoo,nhey,13
yahoo,nurse,13
yahoo,olympic,13
yahoo,operating,13
yahoo,orgasm,13
yahoo,package,13
yahoo,pants,13
yahoo,partner,13
yahoo,passes,13
yahoo,peroxide,13
yahoo,pic,13
yahoo,planning,13
yahoo,port,13
yahoo,programming,13
yahoo,proven,13
yahoo,purchased,13
yahoo,que,13
yahoo,query,13
yahoo,religions,13
yahoo,require,13
yahoo,response,13
yahoo,roll,13
yahoo,rotation,13
yahoo,rude,13
yahoo,sat,13
yahoo,saturday,13
yahoo,script,13
yahoo,selected,13
yahoo,seven,13
yahoo,signals,13
yahoo,sky,13
yahoo,slight,13
yahoo,soap,13
yahoo,spending,13
yahoo,spots,13
yahoo,strength,13
yahoo,surprised,13
yahoo,tape,13
yahoo,teaching,13
yahoo,terrorist,13
yahoo,thick,13
yahoo,tonight,13
yahoo,topics,13
yahoo,toxic,13
yahoo,translation,13
yahoo,usb,13
yahoo,useful,13
yahoo,utf,13
yahoo,varies,13
yahoo,visa,13
yahoo,wake,13
yahoo,wal,13
yahoo,wars,13
yahoo,weigh,13
yahoo,whats,13
yahoo,wings,13
yahoo,wit,13
yahoo,younger,13
yahoo,zone,13
yahoo,63,12
yahoo,72,12
yahoo,82,12
yahoo,admit,12
yahoo,aids,12
yahoo,arabic,12
yahoo,arts,12
yahoo,automatically,12
yahoo,backwards,12
yahoo,bands,12
yahoo,banned,12
yahoo,beta,12
yahoo,billion,12
yahoo,bills,12
yahoo,biology,12
yahoo,boring,12
yahoo,bout,12
yahoo,brand,12
yahoo,breaks,12
yahoo,broad,12
yahoo,buddy,12
yahoo,buying,12
yahoo,caffeine,12
yahoo,canadian,12
yahoo,capacity,12
yahoo,carefully,12
yahoo,cavs,12
yahoo,centre,12
yahoo,charles,12
yahoo,chose,12
yahoo,circumstances,12
yahoo,complicated,12
yahoo,compromise,12
yahoo,confidence,12
yahoo,consists,12
yahoo,conversation,12
yahoo,core,12
yahoo,criminal,12
yahoo,cu,12
yahoo,decrease,12
yahoo,denied,12
yahoo,denominator,12
yahoo,dental,12
yahoo,digit,12
yahoo,dirty,12
yahoo,discount,12
yahoo,divorced,12
yahoo,domestic,12
yahoo,ear,12
yahoo,emo,12
yahoo,employer,12
yahoo,ensure,12
yahoo,entry,12
yahoo,finger,12
yahoo,fitness,12
yahoo,formula,12
yahoo,ft,12
yahoo,functions,12
yahoo,glue,12
yahoo,grades,12
yahoo,havent,12
yahoo,hence,12
yahoo,hits,12
yahoo,hunting,12
yahoo,hurting,12
yahoo,ignorant,12
yahoo,individuals,12
yahoo,input,12
yahoo,inspired,12
yahoo,instance,12
yahoo,intercourse,12
yahoo,involves,12
yahoo,isp,12
yahoo,itunes,12
yahoo,japanese,12
yahoo,jsp,12
yahoo,junk,12
yahoo,kissing,12
yahoo,labor,12
yahoo,largest,12
yahoo,leadership,12
yahoo,lean,12
yahoo,lease,12
yahoo,legislation,12
yahoo,limits,12
yahoo,linux,12
yahoo,literally,12
yahoo,logo,12
yahoo,longest,12
yahoo,loud,12
yahoo,mac,12
yahoo,masters,12
yahoo,materials,12
yahoo,milan,12
yahoo,minister,12
yahoo,missing,12
yahoo,models,12
yahoo,modern,12
yahoo,molecules,12
yahoo,nearly,12
yahoo,necessarily,12
yahoo,nfl,12
yahoo,noticed,12
yahoo,nowadays,12
yahoo,ns,12
yahoo,nsee,12
yahoo,occur,12
yahoo,occurs,12
yahoo,oreck,12
yahoo,organization,12
yahoo,panic,12
yahoo,patience,12
yahoo,persons,12
yahoo,picked,12
yahoo,pink,12
yahoo,pitch,12
yahoo,porn,12
yahoo,postal,12
yahoo,prescription,12
yahoo,princeton,12
yahoo,prior,12
yahoo,profile,12
yahoo,proteins,12
yahoo,purifier,12
yahoo,quotes,12
yahoo,rain,12
yahoo,reduced,12
yahoo,reporting,12
yahoo,republican,12
yahoo,resolution,12
yahoo,responsibility,12
yahoo,responsible,12
yahoo,rise,12
yahoo,rocks,12
yahoo,rose,12
yahoo,scholarships,12
yahoo,seasons,12
yahoo,separate,12
yahoo,setup,12
yahoo,si,12
yahoo,soft,12
yahoo,sooo,12
yahoo,speaker,12
yahoo,spouse,12
yahoo,studio,12
yahoo,suppose,12
yahoo,switch,12
yahoo,tag,12
yahoo,talks,12
yahoo,teens,12
yahoo,terrorists,12
yahoo,theories,12
yahoo,tip,12
yahoo,tongue,12
yahoo,toolbar,12
yahoo,trading,12
yahoo,umm,12
yahoo,uninstall,12
yahoo,universities,12
yahoo,usted,12
yahoo,va,12
yahoo,voting,12
yahoo,western,12
yahoo,william,12
yahoo,wood,12
yahoo,youre,12
yahoo,yrs,12
yahoo,04,11
yahoo,1000,11
yahoo,150,11
yahoo,34,11
yahoo,55,11
yahoo,5th,11
yahoo,74,11
yahoo,95,11
yahoo,agreement,11
yahoo,alarm,11
yahoo,ammonia,11
yahoo,ancient,11
yahoo,apple,11
yahoo,appropriate,11
yahoo,approximately,11
yahoo,associated,11
yahoo,au,11
yahoo,australia,11
yahoo,babies,11
yahoo,bang,11
yahoo,bell,11
yahoo,belt,11
yahoo,bin,11
yahoo,blind,11
yahoo,branch,11
yahoo,breathing,11
yahoo,broke,11
yahoo,bucks,11
yahoo,capable,11
yahoo,caring,11
yahoo,cats,11
yahoo,cents,11
yahoo,cheerleading,11
yahoo,choices,11
yahoo,churches,11
yahoo,circulation,11
yahoo,classic,11
yahoo,closed,11
yahoo,closest,11
yahoo,clouds,11
yahoo,coin,11
yahoo,collection,11
yahoo,combine,11
yahoo,context,11
yahoo,corporate,11
yahoo,coz,11
yahoo,creating,11
yahoo,cycle,11
yahoo,dare,11
yahoo,debt,11
yahoo,description,11
yahoo,detailed,11
yahoo,dimensions,11
yahoo,dinner,11
yahoo,disasters,11
yahoo,disco,11
yahoo,dollar,11
yahoo,dress,11
yahoo,effort,11
yahoo,egypt,11
yahoo,emails,11
yahoo,ended,11
yahoo,equally,11
yahoo,equifax,11
yahoo,equipment,11
yahoo,est,11
yahoo,excuse,11
yahoo,expected,11
yahoo,expert,11
yahoo,expired,11
yahoo,falling,11
yahoo,fighter,11
yahoo,fighters,11
yahoo,fired,11
yahoo,flower,11
yahoo,flowers,11
yahoo,flu,11
yahoo,flying,11
yahoo,forced,11
yahoo,formed,11
yahoo,forming,11
yahoo,generate,11
yahoo,gf,11
yahoo,gods,11
yahoo,golf,11
yahoo,gotten,11
yahoo,harm,11
yahoo,heavy,11
yahoo,hidden,11
yahoo,hl,11
yahoo,holding,11
yahoo,holiday,11
yahoo,homepage,11
yahoo,homes,11
yahoo,hotmail,11
yahoo,icon,11
yahoo,inc,11
yahoo,inch,11
yahoo,irs,11
yahoo,island,11
yahoo,january,11
yahoo,junior,11
yahoo,legitimate,11
yahoo,les,11
yahoo,levels,11
yahoo,liberal,11
yahoo,lmao,11
yahoo,lo,11
yahoo,lock,11
yahoo,london,11
yahoo,lottery,11
yahoo,madrid,11
yahoo,martin,11
yahoo,measured,11
yahoo,meters,11
yahoo,mexican,11
yahoo,minor,11
yahoo,minus,11
yahoo,mm,11
yahoo,mo,11
yahoo,motivation,11
yahoo,moves,11
yahoo,muhammad,11
yahoo,naked,11
yahoo,nare,11
yahoo,nasty,11
yahoo,nerve,11
yahoo,nkeep,11
yahoo,nlol,11
yahoo,nmaybe,11
yahoo,northern,11
yahoo,ntake,11
yahoo,nucleus,11
yahoo,odd,11
yahoo,ordinary,11
yahoo,pack,11
yahoo,path,11
yahoo,patients,11
yahoo,payments,11
yahoo,perfectly,11
yahoo,perform,11
yahoo,pi,11
yahoo,pool,11
yahoo,posted,11
yahoo,potter,11
yahoo,printed,11
yahoo,procedure,11
yahoo,promise,11
yahoo,prophet,11
yahoo,provider,11
yahoo,qualify,11
yahoo,racism,11
yahoo,radiation,11
yahoo,raising,11
yahoo,rates,11
yahoo,reactions,11
yahoo,register,11
yahoo,released,11
yahoo,restaurant,11
yahoo,ride,11
yahoo,ronaldinho,11
yahoo,safety,11
yahoo,sale,11
yahoo,scan,11
yahoo,searches,11
yahoo,seat,11
yahoo,sending,11
yahoo,seperate,11
yahoo,september,11
yahoo,serving,11
yahoo,sheet,11
yahoo,ship,11
yahoo,sing,11
yahoo,singers,11
yahoo,singing,11
yahoo,sisters,11
yahoo,slowly,11
yahoo,smell,11
yahoo,speakers,11
yahoo,spelled,11
yahoo,spin,11
yahoo,ss,11
yahoo,stable,11
yahoo,stated,11
yahoo,statements,11
yahoo,stayed,11
yahoo,std,11
yahoo,stocks,11
yahoo,submit,11
yahoo,substance,11
yahoo,suggestions,11
yahoo,syndrome,11
yahoo,tall,11
yahoo,te,11
yahoo,tech,11
yahoo,technically,11
yahoo,tends,11
yahoo,therapy,11
yahoo,tomorrow,11
yahoo,tour,11
yahoo,trial,11
yahoo,turns,11
yahoo,ugly,11
yahoo,universal,11
yahoo,updates,11
yahoo,ups,11
yahoo,users,11
yahoo,velocity,11
yahoo,verse,11
yahoo,victim,11
yahoo,village,11
yahoo,vision,11
yahoo,visual,11
yahoo,voted,11
yahoo,walmart,11
yahoo,weekend,11
yahoo,welcome,11
yahoo,weren,11
yahoo,wilson,11
yahoo,window,11
yahoo,01,10
yahoo,02,10
yahoo,2003,10
yahoo,26,10
yahoo,39,10
yahoo,3rd,10
yahoo,5x,10
yahoo,absolute,10
yahoo,acids,10
yahoo,adam,10
yahoo,admitted,10
yahoo,agents,10
yahoo,allot,10
yahoo,alright,10
yahoo,anxiety,10
yahoo,apples,10
yahoo,approved,10
yahoo,april,10
yahoo,arrogant,10
yahoo,artist,10
yahoo,asset,10
yahoo,attend,10
yahoo,attitude,10
yahoo,award,10
yahoo,awhile,10
yahoo,axis,10
yahoo,backup,10
yahoo,bags,10
yahoo,bananas,10
yahoo,bass,10
yahoo,ben,10
yahoo,bi,10
yahoo,boards,10
yahoo,boundaries,10
yahoo,breaking,10
yahoo,broken,10
yahoo,brothers,10
yahoo,browse,10
yahoo,budget,10
yahoo,businesses,10
yahoo,camp,10
yahoo,captain,10
yahoo,categories,10
yahoo,challenge,10
yahoo,chances,10
yahoo,chicken,10
yahoo,chosen,10
yahoo,citizenship,10
yahoo,comfort,10
yahoo,commerce,10
yahoo,commit,10
yahoo,communism,10
yahoo,conservation,10
yahoo,controlled,10
yahoo,corruption,10
yahoo,council,10
yahoo,cousin,10
yahoo,curious,10
yahoo,deleted,10
yahoo,depth,10
yahoo,differential,10
yahoo,differently,10
yahoo,discovered,10
yahoo,disney,10
yahoo,duty,10
yahoo,earlier,10
yahoo,easiest,10
yahoo,economy,10
yahoo,ei,10
yahoo,eight,10
yahoo,em,10
yahoo,embassy,10
yahoo,employ,10
yahoo,ending,10
yahoo,ends,10
yahoo,enzyme,10
yahoo,eve,10
yahoo,everytime,10
yahoo,existing,10
yahoo,expanding,10
yahoo,expense,10
yahoo,experienced,10
yahoo,extent,10
yahoo,facing,10
yahoo,fashion,10
yahoo,fc,10
yahoo,fence,10
yahoo,fiance,10
yahoo,fiction,10
yahoo,finance,10
yahoo,fool,10
yahoo,forces,10
yahoo,forgot,10
yahoo,fossil,10
yahoo,frame,10
yahoo,francisco,10
yahoo,friday,10
yahoo,friendly,10
yahoo,fruit,10
yahoo,fund,10
yahoo,gene,10
yahoo,geographic,10
yahoo,graduate,10
yahoo,grand,10
yahoo,guard,10
yahoo,hanging,10
yahoo,hardest,10
yahoo,healthcare,10
yahoo,heck,10
yahoo,highest,10
yahoo,hormone,10
yahoo,housing,10
yahoo,ideal,10
yahoo,immigration,10
yahoo,importance,10
yahoo,improve,10
yahoo,injury,10
yahoo,interface,10
yahoo,invite,10
yahoo,item,10
yahoo,jews,10
yahoo,johnny,10
yahoo,joint,10
yahoo,jokes,10
yahoo,juice,10
yahoo,lawyers,10
yahoo,logic,10
yahoo,lunch,10
yahoo,m2,10
yahoo,magnet,10
yahoo,mainly,10
yahoo,malaria,10
yahoo,martial,10
yahoo,mate,10
yahoo,maximum,10
yahoo,mechanical,10
yahoo,medications,10
yahoo,metabolism,10
yahoo,miami,10
yahoo,mild,10
yahoo,mobile,10
yahoo,monster,10
yahoo,moral,10
yahoo,motor,10
yahoo,msconfig,10
yahoo,nafter,10
yahoo,nasal,10
yahoo,nbecause,10
yahoo,neutral,10
yahoo,nike,10
yahoo,nis,10
yahoo,nof,10
yahoo,notes,10
yahoo,november,10
yahoo,nput,10
yahoo,nread,10
yahoo,nshe,10
yahoo,nt,10
yahoo,nu,10
yahoo,nz,10
yahoo,obtain,10
yahoo,offered,10
yahoo,offices,10
yahoo,originally,10
yahoo,output,10
yahoo,owner,10
yahoo,parallel,10
yahoo,payment,10
yahoo,permission,10
yahoo,perspective,10
yahoo,peter,10
yahoo,photoshop,10
yahoo,pics,10
yahoo,pienso,10
yahoo,placed,10
yahoo,poison,10
yahoo,pole,10
yahoo,policy,10
yahoo,posting,10
yahoo,processes,10
yahoo,pronounced,10
yahoo,protons,10
yahoo,proverb,10
yahoo,psychology,10
yahoo,raise,10
yahoo,raised,10
yahoo,ram,10
yahoo,rare,10
yahoo,relates,10
yahoo,remain,10
yahoo,replace,10
yahoo,rn,10
yahoo,rush,10
yahoo,sadly,10
yahoo,scanner,10
yahoo,scream,10
yahoo,sea,10
yahoo,sean,10
yahoo,seattle,10
yahoo,seed,10
yahoo,seemed,10
yahoo,shes,10
yahoo,shirt,10
yahoo,shoot,10
yahoo,shouldnt,10
yahoo,signed,10
yahoo,skip,10
yahoo,solar,10
yahoo,solo,10
yahoo,somehow,10
yahoo,soundtrack,10
yahoo,spain,10
yahoo,spelling,10
yahoo,spiritual,10
yahoo,stages,10
yahoo,station,10
yahoo,suspect,10
yahoo,symbol,10
yahoo,taste,10
yahoo,teachers,10
yahoo,thoughts,10
yahoo,ticket,10
yahoo,tight,10
yahoo,tiny,10
yahoo,tired,10
yahoo,toes,10
yahoo,translate,10
yahoo,transmitted,10
yahoo,truck,10
yahoo,tube,10
yahoo,twenty,10
yahoo,underground,10
yahoo,utd,10
yahoo,valid,10
yahoo,vapour,10
yahoo,variable,10
yahoo,variables,10
yahoo,vessels,10
yahoo,visible,10
yahoo,whose,10
yahoo,width,10
yahoo,williams,10
yahoo,wing,10
yahoo,wisdom,10
yahoo,yule,10
yahoo,06,9
yahoo,062,9
yahoo,144,9
yahoo,1994,9
yahoo,236,9
yahoo,250,9
yahoo,42,9
yahoo,4th,9
yahoo,acceptable,9
yahoo,accused,9
yahoo,achieve,9
yahoo,adsense,9
yahoo,advantages,9
yahoo,affects,9
yahoo,agencies,9
yahoo,ang,9
yahoo,angry,9
yahoo,annoying,9
yahoo,annual,9
yahoo,antivirus,9
yahoo,appearance,9
yahoo,aside,9
yahoo,assumed,9
yahoo,atom,9
yahoo,author,9
yahoo,automatic,9
yahoo,avast,9
yahoo,battery,9
yahoo,bean,9
yahoo,believes,9
yahoo,biological,9
yahoo,bite,9
yahoo,blame,9
yahoo,blocks,9
yahoo,boat,9
yahoo,britain,9
yahoo,calculator,9
yahoo,candidate,9
yahoo,cap,9
yahoo,chair,9
yahoo,chapter,9
yahoo,characters,9
yahoo,childhood,9
yahoo,chocolate,9
yahoo,closer,9
yahoo,clothing,9
yahoo,clubs,9
yahoo,colleges,9
yahoo,commission,9
yahoo,committed,9
yahoo,competition,9
yahoo,compliment,9
yahoo,composed,9
yahoo,concentration,9
yahoo,consumer,9
yahoo,containing,9
yahoo,convergent,9
yahoo,cord,9
yahoo,corporation,9
yahoo,courts,9
yahoo,cream,9
yahoo,cruise,9
yahoo,crunches,9
yahoo,ctrl,9
yahoo,cups,9
yahoo,cycles,9
yahoo,dan,9
yahoo,dat,9
yahoo,dates,9
yahoo,debate,9
yahoo,deeper,9
yahoo,dehydration,9
yahoo,depressed,9
yahoo,described,9
yahoo,describing,9
yahoo,destroy,9
yahoo,diabetic,9
yahoo,disagree,9
yahoo,dogs,9
yahoo,downloaded,9
yahoo,dragon,9
yahoo,drops,9
yahoo,dsl,9
yahoo,dying,9
yahoo,dz,9
yahoo,ears,9
yahoo,edition,9
yahoo,educational,9
yahoo,enzymes,9
yahoo,events,9
yahoo,everywhere,9
yahoo,executive,9
yahoo,exists,9
yahoo,experiences,9
yahoo,explains,9
yahoo,extended,9
yahoo,extreme,9
yahoo,false,9
yahoo,farm,9
yahoo,favorites,9
yahoo,features,9
yahoo,fiber,9
yahoo,filed,9
yahoo,filing,9
yahoo,finish,9
yahoo,fluid,9
yahoo,folks,9
yahoo,forgive,9
yahoo,foster,9
yahoo,freak,9
yahoo,gaining,9
yahoo,gases,9
yahoo,gif,9
yahoo,golden,9
yahoo,gp,9
yahoo,greek,9
yahoo,gross,9
yahoo,gymnastics,9
yahoo,hassle,9
yahoo,hearts,9
yahoo,heating,9
yahoo,hollywood,9
yahoo,hormones,9
yahoo,horses,9
yahoo,howstuffworks,9
yahoo,iam,9
yahoo,immigrant,9
yahoo,incredible,9
yahoo,indiana,9
yahoo,injured,9
yahoo,innocent,9
yahoo,instruction,9
yahoo,int,9
yahoo,intended,9
yahoo,interpretation,9
yahoo,iron,9
yahoo,jessica,9
yahoo,josh,9
yahoo,june,9
yahoo,jurisdiction,9
yahoo,ken,9
yahoo,kicked,9
yahoo,kidney,9
yahoo,kobe,9
yahoo,layer,9
yahoo,layers,9
yahoo,linear,9
yahoo,listing,9
yahoo,loading,9
yahoo,lung,9
yahoo,maker,9
yahoo,massage,9
yahoo,meetings,9
yahoo,meets,9
yahoo,metals,9
yahoo,mike,9
yahoo,mildew,9
yahoo,mirror,9
yahoo,mistake,9
yahoo,ml,9
yahoo,monday,9
yahoo,murder,9
yahoo,n10,9
yahoo,nanyway,9
yahoo,naughty,9
yahoo,nbefore,9
yahoo,neck,9
yahoo,newer,9
yahoo,nlook,9
yahoo,nn,9
yahoo,noise,9
yahoo,nonly,9
yahoo,nsearch,9
yahoo,nsorry,9
yahoo,nthese,9
yahoo,num,9
yahoo,nwomen,9
yahoo,odor,9
yahoo,omnibus,9
yahoo,oral,9
yahoo,organizations,9
yahoo,os,9
yahoo,overweight,9
yahoo,pays,9
yahoo,penalty,9
yahoo,peoples,9
yahoo,percent,9
yahoo,periods,9
yahoo,permanent,9
yahoo,phil,9
yahoo,physically,9
yahoo,pitcher,9
yahoo,plane,9
yahoo,pocket,9
yahoo,positions,9
yahoo,posts,9
yahoo,pour,9
yahoo,prayer,9
yahoo,pregnancy,9
yahoo,pride,9
yahoo,priests,9
yahoo,processing,9
yahoo,processor,9
yahoo,promotion,9
yahoo,proportional,9
yahoo,protest,9
yahoo,provides,9
yahoo,qb,9
yahoo,qualified,9
yahoo,radius,9
yahoo,raw,9
yahoo,recreation,9
yahoo,referee,9
yahoo,regards,9
yahoo,regional,9
yahoo,repeat,9
yahoo,retired,9
yahoo,revenue,9
yahoo,rhymes,9
yahoo,rice,9
yahoo,rna,9
yahoo,sa,9
yahoo,samples,9
yahoo,screwed,9
yahoo,senators,9
yahoo,sets,9
yahoo,sevilla,9
yahoo,shakespeare,9
yahoo,sharing,9
yahoo,silver,9
yahoo,singles,9
yahoo,slave,9
yahoo,smtp,9
yahoo,spam,9
yahoo,specialist,9
yahoo,specially,9
yahoo,specify,9
yahoo,spherical,9
yahoo,squared,9
yahoo,startup,9
yahoo,steal,9
yahoo,steroids,9
yahoo,storm,9
yahoo,stream,9
yahoo,strings,9
yahoo,stronger,9
yahoo,sub,9
yahoo,suicide,9
yahoo,technical,9
yahoo,telephone,9
yahoo,television,9
yahoo,temple,9
yahoo,theater,9
yahoo,tickets,9
yahoo,tiger,9
yahoo,toe,9
yahoo,traditional,9
yahoo,trained,9
yahoo,transfer,9
yahoo,triangle,9
yahoo,turkey,9
yahoo,unable,9
yahoo,uncomfortable,9
yahoo,understanding,9
yahoo,underwear,9
yahoo,units,9
yahoo,untill,9
yahoo,upper,9
yahoo,vagina,9
yahoo,van,9
yahoo,vehicle,9
yahoo,vertical,9
yahoo,vlc,9
yahoo,walls,9
yahoo,wanting,9
yahoo,warrant,9
yahoo,wat,9
yahoo,whichever,9
yahoo,widely,9
yahoo,wire,9
yahoo,worries,9
yahoo,ye,9
yahoo,york,9
yahoo,1970,8
yahoo,1992,8
yahoo,2001,8
yahoo,2t,8
yahoo,360,8
yahoo,37,8
yahoo,43,8
yahoo,59,8
yahoo,65,8
yahoo,66,8
yahoo,84,8
yahoo,89,8
yahoo,abortion,8
yahoo,absorb,8
yahoo,ac,8
yahoo,accepting,8
yahoo,accident,8
yahoo,accounting,8
yahoo,admission,8
yahoo,adobe,8
yahoo,affected,8
yahoo,afterwards,8
yahoo,albinism,8
yahoo,alice,8
yahoo,allah,8
yahoo,allergic,8
yahoo,amino,8
yahoo,amounts,8
yahoo,angle,8
yahoo,antonio,8
yahoo,anyways,8
yahoo,apparently,8
yahoo,appeal,8
yahoo,arthritis,8
yahoo,asap,8
yahoo,aspect,8
yahoo,assessment,8
yahoo,assist,8
yahoo,august,8
yahoo,ban,8
yahoo,basics,8
yahoo,bathroom,8
yahoo,battle,8
yahoo,bear,8
yahoo,becuase,8
yahoo,belief,8
yahoo,believed,8
yahoo,belly,8
yahoo,belong,8
yahoo,bird,8
yahoo,biz,8
yahoo,bladder,8
yahoo,bleeding,8
yahoo,blocking,8
yahoo,bmi,8
yahoo,boot,8
yahoo,bowl,8
yahoo,brazilian,8
yahoo,breakfast,8
yahoo,bright,8
yahoo,btw,8
yahoo,buildings,8
yahoo,bulk,8
yahoo,burned,8
yahoo,burns,8
yahoo,buyer,8
yahoo,bye,8
yahoo,candidates,8
yahoo,carolina,8
yahoo,celebrate,8
yahoo,celsius,8
yahoo,certified,8
yahoo,champ,8
yahoo,championship,8
yahoo,characterized,8
yahoo,cheaper,8
yahoo,cheat,8
yahoo,cheating,8
yahoo,chicago,8
yahoo,chickens,8
yahoo,classical,8
yahoo,codec,8
yahoo,codes,8
yahoo,combination,8
yahoo,commitment,8
yahoo,committee,8
yahoo,commonly,8
yahoo,comparing,8
yahoo,compete,8
yahoo,components,8
yahoo,compression,8
yahoo,confident,8
yahoo,connected,8
yahoo,continuing,8
yahoo,cook,8
yahoo,copies,8
yahoo,copper,8
yahoo,corn,8
yahoo,craigslist,8
yahoo,crimes,8
yahoo,crisis,8
yahoo,ct,8
yahoo,customers,8
yahoo,cx,8
yahoo,dancing,8
yahoo,deaths,8
yahoo,decimal,8
yahoo,decisions,8
yahoo,declare,8
yahoo,delta,8
yahoo,democracy,8
yahoo,democrat,8
yahoo,dentist,8
yahoo,deposit,8
yahoo,describe,8
yahoo,desert,8
yahoo,destruction,8
yahoo,determined,8
yahoo,detroit,8
yahoo,diabetes,8
yahoo,diameter,8
yahoo,differences,8
yahoo,dl,8
yahoo,dll,8
yahoo,drawing,8
yahoo,dual,8
yahoo,eachother,8
yahoo,eastern,8
yahoo,electricity,8
yahoo,electronic,8
yahoo,employed,8
yahoo,ep,8
yahoo,er,8
yahoo,errors,8
yahoo,evening,8
yahoo,exam,8
yahoo,experts,8
yahoo,explained,8
yahoo,extension,8
yahoo,extensions,8
yahoo,facilities,8
yahoo,fe,8
yahoo,fees,8
yahoo,finished,8
yahoo,fishing,8
yahoo,fluids,8
yahoo,ford,8
yahoo,forth,8
yahoo,forums,8
yahoo,fox,8
yahoo,fruits,8
yahoo,gal,8
yahoo,galaxy,8
yahoo,gallon,8
yahoo,gate,8
yahoo,generation,8
yahoo,generic,8
yahoo,genetics,8
yahoo,geo,8
yahoo,gpa,8
yahoo,gradient,8
yahoo,grew,8
yahoo,guidance,8
yahoo,gym,8
yahoo,herself,8
yahoo,hills,8
yahoo,homeless,8
yahoo,hospitals,8
yahoo,hotel,8
yahoo,houston,8
yahoo,iii,8
yahoo,industrial,8
yahoo,ingredients,8
yahoo,initial,8
yahoo,insane,8
yahoo,instrument,8
yahoo,italian,8
yahoo,joining,8
yahoo,kills,8
yahoo,korea,8
yahoo,launch,8
yahoo,leads,8
yahoo,leaving,8
yahoo,lesson,8
yahoo,lifetime,8
yahoo,lifting,8
yahoo,listings,8
yahoo,loans,8
yahoo,locate,8
yahoo,login,8
yahoo,lump,8
yahoo,lungs,8
yahoo,machines,8
yahoo,mainstream,8
yahoo,maintain,8
yahoo,marked,8
yahoo,matrix,8
yahoo,matt,8
yahoo,max,8
yahoo,mere,8
yahoo,methods,8
yahoo,mission,8
yahoo,mistakes,8
yahoo,mos,8
yahoo,mozilla,8
yahoo,mrna,8
yahoo,n15,8
yahoo,n16,8
yahoo,n19,8
yahoo,n20,8
yahoo,nactually,8
yahoo,nah,8
yahoo,nail,8
yahoo,nanother,8
yahoo,naruto,8
yahoo,nat,8
yahoo,navy,8
yahoo,ndid,8
yahoo,nenglish,8
yahoo,nero,8
yahoo,nerves,8
yahoo,networks,8
yahoo,nh,8
yahoo,nhis,8
yahoo,nie,8
yahoo,nightmare,8
yahoo,nitrogen,8
yahoo,nlots,8
yahoo,nm,8
yahoo,nowhere,8
yahoo,npeople,8
yahoo,nspanish,8
yahoo,ntheme,8
yahoo,ntherefore,8
yahoo,obsessed,8
yahoo,officers,8
yahoo,operation,8
yahoo,orbit,8
yahoo,outer,8
yahoo,outta,8
yahoo,overseas,8
yahoo,owe,8
yahoo,owned,8
yahoo,particle,8
yahoo,pastor,8
yahoo,patch,8
yahoo,patterns,8
yahoo,pb,8
yahoo,pee,8
yahoo,pen,8
yahoo,percentage,8
yahoo,philosophy,8
yahoo,picks,8
yahoo,pieces,8
yahoo,pig,8
yahoo,plain,8
yahoo,polish,8
yahoo,portugal,8
yahoo,potato,8
yahoo,practical,8
yahoo,prayers,8
yahoo,praying,8
yahoo,prepare,8
yahoo,presence,8
yahoo,priced,8
yahoo,privacy,8
yahoo,pt,8
yahoo,pts,8
yahoo,pulleys,8
yahoo,pump,8
yahoo,purchase,8
yahoo,races,8
yahoo,rape,8
yahoo,ray,8
yahoo,rays,8
yahoo,recognize,8
yahoo,recorder,8
yahoo,registered,8
yahoo,registration,8
yahoo,regulated,8
yahoo,relate,8
yahoo,relevant,8
yahoo,reliable,8
yahoo,replacement,8
yahoo,reported,8
yahoo,reports,8
yahoo,resident,8
yahoo,residents,8
yahoo,restriction,8
yahoo,revolution,8
yahoo,ridiculous,8
yahoo,roses,8
yahoo,rubber,8
yahoo,rumour,8
yahoo,saddam,8
yahoo,sang,8
yahoo,sarah,8
yahoo,saturn,8
yahoo,savings,8
yahoo,scar,8
yahoo,scientists,8
yahoo,scores,8
yahoo,scroll,8
yahoo,secrets,8
yahoo,segment,8
yahoo,senate,8
yahoo,sensation,8
yahoo,sexuality,8
yahoo,sexually,8
yahoo,sh,8
yahoo,shallow,8
yahoo,shared,8
yahoo,sharks,8
yahoo,sheep,8
yahoo,shell,8
yahoo,shift,8
yahoo,shoulders,8
yahoo,slang,8
yahoo,slightly,8
yahoo,slows,8
yahoo,smith,8
yahoo,solutions,8
yahoo,sox,8
yahoo,spirituality,8
yahoo,stadium,8
yahoo,stain,8
yahoo,staying,8
yahoo,stone,8
yahoo,stops,8
yahoo,storage,8
yahoo,stories,8
yahoo,streets,8
yahoo,su,8
yahoo,suffer,8
yahoo,suggested,8
yahoo,suggestion,8
yahoo,supposedly,8
yahoo,surreal,8
yahoo,survive,8
yahoo,tears,8
yahoo,tennessee,8
yahoo,testament,8
yahoo,thousand,8
yahoo,threat,8
yahoo,tissues,8
yahoo,titles,8
yahoo,tony,8
yahoo,touching,8
yahoo,traits,8
yahoo,tray,8
yahoo,tutorial,8
yahoo,tutorials,8
yahoo,twins,8
yahoo,uncle,8
yahoo,unique,8
yahoo,unlikely,8
yahoo,upload,8
yahoo,useless,8
yahoo,venture,8
yahoo,vince,8
yahoo,visited,8
yahoo,volleyball,8
yahoo,votes,8
yahoo,waist,8
yahoo,wheels,8
yahoo,woods,8
yahoo,worn,8
yahoo,writes,8
yahoo,xmas,8
yahoo,yhbt,8
yahoo,youth,8
yahoo,yr,8
yahoo,zones,8
yahoo,001,7
yahoo,175,7
yahoo,180,7
yahoo,1988,7
yahoo,1998,7
yahoo,1999,7
yahoo,2008,7
yahoo,2b,7
yahoo,300,7
yahoo,370,7
yahoo,3d,7
yahoo,41,7
yahoo,46,7
yahoo,47,7
yahoo,52,7
yahoo,71,7
yahoo,91,7
yahoo,abnormal,7
yahoo,absorbed,7
yahoo,achieved,7
yahoo,acne,7
yahoo,acupuncture,7
yahoo,adjust,7
yahoo,adopted,7
yahoo,advance,7
yahoo,advertisement,7
yahoo,agreed,7
yahoo,ah,7
yahoo,aircraft,7
yahoo,airport,7
yahoo,alphabet,7
yahoo,angel,7
yahoo,angular,7
yahoo,announced,7
yahoo,answerer,7
yahoo,applies,7
yahoo,appreciate,7
yahoo,arent,7
yahoo,argue,7
yahoo,armed,7
yahoo,asian,7
yahoo,asleep,7
yahoo,associate,7
yahoo,atoms,7
yahoo,attending,7
yahoo,ave,7
yahoo,awards,7
yahoo,backward,7
yahoo,bat,7
yahoo,batting,7
yahoo,bbc,7
yahoo,beer,7
yahoo,begins,7
yahoo,behavior,7
yahoo,beleive,7
yahoo,bermuda,7
yahoo,bfs,7
yahoo,billions,7
yahoo,bios,7
yahoo,blank,7
yahoo,boss,7
yahoo,boxing,7
yahoo,brasil,7
yahoo,bred,7
yahoo,breeze,7
yahoo,britney,7
yahoo,bs,7
yahoo,btn,7
yahoo,buzz,7
yahoo,c0,7
yahoo,c1,7
yahoo,candles,7
yahoo,carbohydrates,7
yahoo,carries,7
yahoo,chains,7
yahoo,charged,7
yahoo,charges,7
yahoo,charts,7
yahoo,checked,7
yahoo,chords,7
yahoo,circles,7
yahoo,claus,7
yahoo,clerk,7
yahoo,clients,7
yahoo,climb,7
yahoo,climbing,7
yahoo,clinical,7
yahoo,coal,7
yahoo,commercials,7
yahoo,complain,7
yahoo,concept,7
yahoo,conservative,7
yahoo,consumers,7
yahoo,contacting,7
yahoo,controls,7
yahoo,conversion,7
yahoo,cooked,7
yahoo,cops,7
yahoo,counselor,7
yahoo,coverage,7
yahoo,creature,7
yahoo,criteria,7
yahoo,cutting,7
yahoo,czech,7
yahoo,daddy,7
yahoo,def,7
yahoo,definite,7
yahoo,dell,7
yahoo,des,7
yahoo,desk,7
yahoo,destroyed,7
yahoo,developing,7
yahoo,diary,7
yahoo,diffrent,7
yahoo,dinosaurs,7
yahoo,dish,7
yahoo,disrespect,7
yahoo,distribution,7
yahoo,dolls,7
yahoo,dominant,7
yahoo,drinks,7
yahoo,du,7
yahoo,dust,7
yahoo,editing,7
yahoo,egg,7
yahoo,elected,7
yahoo,element,7
yahoo,emergency,7
yahoo,empty,7
yahoo,eng,7
yahoo,engaged,7
yahoo,entered,7
yahoo,entitled,7
yahoo,equals,7
yahoo,equations,7
yahoo,essay,7
yahoo,establish,7
yahoo,ethernet,7
yahoo,examples,7
yahoo,exams,7
yahoo,excess,7
yahoo,excited,7
yahoo,exciting,7
yahoo,exercising,7
yahoo,existence,7
yahoo,expenses,7
yahoo,explore,7
yahoo,external,7
yahoo,extract,7
yahoo,fabric,7
yahoo,faithful,7
yahoo,familiar,7
yahoo,fathers,7
yahoo,fave,7
yahoo,favor,7
yahoo,february,7
yahoo,fever,7
yahoo,fi,7
yahoo,fields,7
yahoo,filling,7
yahoo,flexible,7
yahoo,flirting,7
yahoo,fm,7
yahoo,fools,7
yahoo,frankly,7
yahoo,freight,7
yahoo,fuels,7
yahoo,gained,7
yahoo,gandhi,7
yahoo,gibson,7
yahoo,gloves,7
yahoo,gordon,7
yahoo,governments,7
yahoo,grandmother,7
yahoo,grant,7
yahoo,gravitational,7
yahoo,grip,7
yahoo,gurl,7
yahoo,hahaha,7
yahoo,hardly,7
yahoo,harmful,7
yahoo,hav,7
yahoo,heal,7
yahoo,healing,7
yahoo,heap,7
yahoo,hilarious,7
yahoo,hockey,7
yahoo,holidays,7
yahoo,hoop,7
yahoo,horror,7
yahoo,https,7
yahoo,humor,7
yahoo,hun,7
yahoo,hurry,7
yahoo,identified,7
yahoo,ie7,7
yahoo,ignorance,7
yahoo,increasing,7
yahoo,indicates,7
yahoo,infinity,7
yahoo,initially,7
yahoo,injuries,7
yahoo,inner,7
yahoo,insist,7
yahoo,inspiration,7
yahoo,institute,7
yahoo,intelligent,7
yahoo,intercept,7
yahoo,interval,7
yahoo,interview,7
yahoo,introduced,7
yahoo,invasion,7
yahoo,ionic,7
yahoo,iq,7
yahoo,israel,7
yahoo,jamie,7
yahoo,jordan,7
yahoo,journals,7
yahoo,joy,7
yahoo,justified,7
yahoo,kelly,7
yahoo,kim,7
yahoo,kingdom,7
yahoo,knees,7
yahoo,kno,7
yahoo,ko,7
yahoo,kurt,7
yahoo,kw,7
yahoo,lake,7
yahoo,laptops,7
yahoo,largely,7
yahoo,leather,7
yahoo,led,7
yahoo,legally,7
yahoo,lesser,7
yahoo,licensed,7
yahoo,linked,7
yahoo,liver,7
yahoo,liverpool,7
yahoo,logical,7
yahoo,loosely,7
yahoo,lotion,7
yahoo,lycos,7
yahoo,ma,7
yahoo,majors,7
yahoo,manchester,7
yahoo,manhattan,7
yahoo,marriages,7
yahoo,mentally,7
yahoo,mercury,7
yahoo,mi,7
yahoo,minds,7
yahoo,minnesota,7
yahoo,mixture,7
yahoo,moles,7
yahoo,mono,7
yahoo,mothers,7
yahoo,mvp,7
yahoo,n14,7
yahoo,n22,7
yahoo,naccording,7
yahoo,naming,7
yahoo,nan,7
yahoo,nbtw,7
yahoo,ncaa,7
yahoo,nclick,7
yahoo,neurons,7
yahoo,neven,7
yahoo,newspaper,7
yahoo,nine,7
yahoo,nman,7
yahoo,nmany,7
yahoo,nmay,7
yahoo,nstart,7
yahoo,ntell,7
yahoo,nthanks,7
yahoo,ntime,7
yahoo,nuh,7
yahoo,numerator,7
yahoo,nuse,7
yahoo,nutrition,7
yahoo,nuts,7
yahoo,nvisit,7
yahoo,observation,7
yahoo,oid,7
yahoo,olympics,7
yahoo,opened,7
yahoo,opening,7
yahoo,operations,7
yahoo,opposed,7
yahoo,orange,7
yahoo,oregon,7
yahoo,organisms,7
yahoo,organized,7
yahoo,oval,7
yahoo,paris,7
yahoo,parking,7
yahoo,partially,7
yahoo,particularly,7
yahoo,passion,7
yahoo,passports,7
yahoo,pattern,7
yahoo,pbuh,7
yahoo,peer,7
yahoo,pending,7
yahoo,permanently,7
yahoo,pete,7
yahoo,pid,7
yahoo,pie,7
yahoo,policies,7
yahoo,pollution,7
yahoo,possibilities,7
yahoo,powers,7
yahoo,pr,7
yahoo,predict,7
yahoo,prepared,7
yahoo,pricing,7
yahoo,prince,7
yahoo,programme,7
yahoo,prone,7
yahoo,pronunciation,7
yahoo,proverbs,7
yahoo,publish,7
yahoo,published,7
yahoo,punch,7
yahoo,qid,7
yahoo,queen,7
yahoo,ran,7
yahoo,rank,7
yahoo,rap,7
yahoo,ratio,7
yahoo,reader,7
yahoo,recover,7
yahoo,reducing,7
yahoo,references,7
yahoo,regard,7
yahoo,regiment,7
yahoo,regret,7
yahoo,relatively,7
yahoo,rental,7
yahoo,replaced,7
yahoo,reproduction,7
yahoo,reputable,7
yahoo,restore,7
yahoo,restricted,7
yahoo,resulting,7
yahoo,reviews,7
yahoo,reward,7
yahoo,roberts,7
yahoo,rom,7
yahoo,roughly,7
yahoo,rt,7
yahoo,rumsfeld,7
yahoo,rural,7
yahoo,ryan,7
yahoo,salary,7
yahoo,saturated,7
yahoo,savior,7
yahoo,scheduled,7
yahoo,sciences,7
yahoo,seal,7
yahoo,semi,7
yahoo,seo,7
yahoo,shame,7
yahoo,shaving,7
yahoo,showed,7
yahoo,significant,7
yahoo,siteid,7
yahoo,situations,7
yahoo,sixers,7
yahoo,skate,7
yahoo,slim,7
yahoo,slower,7
yahoo,smarter,7
yahoo,smelling,7
yahoo,socialist,7
yahoo,soda,7
yahoo,sometime,7
yahoo,sp,7
yahoo,speech,7
yahoo,spit,7
yahoo,spring,7
yahoo,steady,7
yahoo,stephen,7
yahoo,strongly,7
yahoo,stuck,7
yahoo,subjects,7
yahoo,substitute,7
yahoo,succeed,7
yahoo,sucking,7
yahoo,suffering,7
yahoo,surely,7
yahoo,survey,7
yahoo,talent,7
yahoo,task,7
yahoo,teaches,7
yahoo,temporary,7
yahoo,tendency,7
yahoo,tennis,7
yahoo,territory,7
yahoo,tha,7
yahoo,ther,7
yahoo,thomas,7
yahoo,thoroughly,7
yahoo,threw,7
yahoo,tim,7
yahoo,tobacco,7
yahoo,toilet,7
yahoo,transport,7
yahoo,traveling,7
yahoo,tricks,7
yahoo,ts,7
yahoo,tu,7
yahoo,tuesday,7
yahoo,tune,7
yahoo,txt,7
yahoo,typical,7
yahoo,uefa,7
yahoo,unclaimed,7
yahoo,une,7
yahoo,unknown,7
yahoo,unlike,7
yahoo,upgrade,7
yahoo,urinate,7
yahoo,urine,7
yahoo,uruguay,7
yahoo,username,7
yahoo,usher,7
yahoo,usual,7
yahoo,utilities,7
yahoo,vaccines,7
yahoo,vague,7
yahoo,valuable,7
yahoo,vast,7
yahoo,versions,7
yahoo,vietnam,7
yahoo,vinegar,7
yahoo,viruses,7
yahoo,voices,7
yahoo,volunteer,7
yahoo,wage,7
yahoo,walker,7
yahoo,walks,7
yahoo,warned,7
yahoo,wasnt,7
yahoo,weapon,7
yahoo,wen,7
yahoo,whenever,7
yahoo,wil,7
yahoo,wipe,7
yahoo,workers,7
yahoo,workouts,7
yahoo,worlds,7
yahoo,worship,7
yahoo,ylt,7
yahoo,yup,7
yahoo,zidane,7
yahoo,zip,7
yahoo,03,6
yahoo,05,6
yahoo,104,6
yahoo,110,6
yahoo,1500,6
yahoo,1600,6
yahoo,1800,6
yahoo,1968,6
yahoo,1972,6
yahoo,1981,6
yahoo,1990,6
yahoo,2007,6
yahoo,258,6
yahoo,25p,6
yahoo,273,6
yahoo,3120,6
yahoo,35p,6
yahoo,3a,6
yahoo,49,6
yahoo,4ac,6
yahoo,600,6
yahoo,61,6
yahoo,67,6
yahoo,6x,6
yahoo,888,6
yahoo,911,6
yahoo,914,6
yahoo,abs,6
yahoo,abusive,6
yahoo,academy,6
yahoo,accidentally,6
yahoo,acted,6
yahoo,actively,6
yahoo,adds,6
yahoo,adhd,6
yahoo,adp,6
yahoo,aerobic,6
yahoo,affecting,6
yahoo,afghanistan,6
yahoo,afternoon,6
yahoo,agrees,6
yahoo,allen,6
yahoo,allocated,6
yahoo,aloft,6
yahoo,anytime,6
yahoo,apa,6
yahoo,applying,6
yahoo,archives,6
yahoo,arrange,6
yahoo,ashamed,6
yahoo,assignment,6
yahoo,atlantic,6
yahoo,atleast,6
yahoo,attach,6
yahoo,attract,6
yahoo,attraction,6
yahoo,aug,6
yahoo,aunt,6
yahoo,awsome,6
yahoo,badly,6
yahoo,bashing,6
yahoo,beats,6
yahoo,becasue,6
yahoo,bedroom,6
yahoo,believing,6
yahoo,belongs,6
yahoo,bend,6
yahoo,berlin,6
yahoo,billing,6
yahoo,bn,6
yahoo,boiling,6
yahoo,boom,6
yahoo,bored,6
yahoo,bp,6
yahoo,brilliant,6
yahoo,brings,6
yahoo,brush,6
yahoo,bubble,6
yahoo,buddies,6
yahoo,bugs,6
yahoo,bull,6
yahoo,bun,6
yahoo,bureaus,6
yahoo,butterfly,6
yahoo,cal,6
yahoo,calamos,6
yahoo,calculus,6
yahoo,calm,6
yahoo,canal,6
yahoo,cancel,6
yahoo,candy,6
yahoo,caps,6
yahoo,cart,6
yahoo,cartoon,6
yahoo,catalog,6
yahoo,catholics,6
yahoo,cdc,6
yahoo,charlie,6
yahoo,chart,6
yahoo,cheated,6
yahoo,cheney,6
yahoo,chronic,6
yahoo,cities,6
yahoo,claims,6
yahoo,classified,6
yahoo,classroom,6
yahoo,cleveland,6
yahoo,clinic,6
yahoo,clone,6
yahoo,closely,6
yahoo,closing,6
yahoo,co2,6
yahoo,coaches,6
yahoo,cocky,6
yahoo,colour,6
yahoo,combined,6
yahoo,comic,6
yahoo,comin,6
yahoo,comming,6
yahoo,communist,6
yahoo,como,6
yahoo,comp,6
yahoo,completly,6
yahoo,concentrate,6
yahoo,conference,6
yahoo,configuration,6
yahoo,conflict,6
yahoo,confusing,6
yahoo,congratulations,6
yahoo,continuous,6
yahoo,contrast,6
yahoo,converted,6
yahoo,cosmic,6
yahoo,cough,6
yahoo,courage,6
yahoo,cowboys,6
yahoo,cr,6
yahoo,creates,6
yahoo,creation,6
yahoo,criminals,6
yahoo,cs,6
yahoo,curse,6
yahoo,custom,6
yahoo,danger,6
yahoo,darn,6
yahoo,dealer,6
yahoo,december,6
yahoo,deed,6
yahoo,depreciation,6
yahoo,dept,6
yahoo,derivatives,6
yahoo,derived,6
yahoo,describes,6
yahoo,desperate,6
yahoo,desturl,6
yahoo,dinners,6
yahoo,dioxide,6
yahoo,directed,6
yahoo,directory,6
yahoo,disc,6
yahoo,displays,6
yahoo,distinguish,6
yahoo,district,6
yahoo,dizzy,6
yahoo,dlnow,6
yahoo,doubts,6
yahoo,drawn,6
yahoo,dressed,6
yahoo,drew,6
yahoo,drowning,6
yahoo,duran,6
yahoo,dw,6
yahoo,earn,6
yahoo,ease,6
yahoo,eaten,6
yahoo,ecw,6
yahoo,edid,6
yahoo,efficiency,6
yahoo,einstein,6
yahoo,electromagnetic,6
yahoo,eli,6
yahoo,embarassed,6
yahoo,emotional,6
yahoo,employee,6
yahoo,enable,6
yahoo,encoded,6
yahoo,enjoyed,6
yahoo,envious,6
yahoo,epinions,6
yahoo,escape,6
yahoo,essence,6
yahoo,establishing,6
yahoo,esteem,6
yahoo,ethnic,6
yahoo,excessive,6
yahoo,exemptions,6
yahoo,expand,6
yahoo,experiencing,6
yahoo,export,6
yahoo,faced,6
yahoo,fail,6
yahoo,fantasies,6
yahoo,fantastic,6
yahoo,fascinating,6
yahoo,fashioned,6
yahoo,fastest,6
yahoo,fatty,6
yahoo,fights,6
yahoo,firm,6
yahoo,flows,6
yahoo,foreigners,6
yahoo,formation,6
yahoo,fought,6
yahoo,fp,6
yahoo,fraction,6
yahoo,freestyle,6
yahoo,frequently,6
yahoo,fret,6
yahoo,gates,6
yahoo,gear,6
yahoo,genes,6
yahoo,genital,6
yahoo,gently,6
yahoo,ghana,6
yahoo,ghost,6
yahoo,gifts,6
yahoo,girlfriends,6
yahoo,glance,6
yahoo,goods,6
yahoo,gore,6
yahoo,gospel,6
yahoo,graduated,6
yahoo,granted,6
yahoo,groban,6
yahoo,grocery,6
yahoo,gsis,6
yahoo,guilt,6
yahoo,guns,6
yahoo,h2o,6
yahoo,hairy,6
yahoo,handled,6
yahoo,handy,6
yahoo,happiness,6
yahoo,headed,6
yahoo,heads,6
yahoo,hehe,6
yahoo,heres,6
yahoo,hill,6
yahoo,hillary,6
yahoo,hindu,6
yahoo,hired,6
yahoo,historical,6
yahoo,hitler,6
yahoo,hm,6
yahoo,hosting,6
yahoo,hosts,6
yahoo,hpv,6
yahoo,hr,6
yahoo,hub,6
yahoo,icc,6
yahoo,illegals,6
yahoo,illicit,6
yahoo,improved,6
yahoo,inactive,6
yahoo,incline,6
yahoo,inflammation,6
yahoo,infrastructure,6
yahoo,inquiry,6
yahoo,insert,6
yahoo,installation,6
yahoo,integer,6
yahoo,integration,6
yahoo,intelligence,6
yahoo,interpret,6
yahoo,investor,6
yahoo,involve,6
yahoo,iranian,6
yahoo,irish,6
yahoo,issued,6
yahoo,janet,6
yahoo,javascript,6
yahoo,jennifer,6
yahoo,jerk,6
yahoo,joints,6
yahoo,jumping,6
yahoo,justify,6
yahoo,khan,6
yahoo,knocked,6
yahoo,labels,6
yahoo,laboratory,6
yahoo,laden,6
yahoo,lasted,6
yahoo,latter,6
yahoo,lawsuit,6
yahoo,lee,6
yahoo,lender,6
yahoo,letting,6
yahoo,liability,6
yahoo,lied,6
yahoo,lifestyle,6
yahoo,lift,6
yahoo,lil,6
yahoo,limestone,6
yahoo,lincoln,6
yahoo,lion,6
yahoo,lira,6
yahoo,locations,6
yahoo,locking,6
yahoo,logically,6
yahoo,lop,6
yahoo,lopez,6
yahoo,loser,6
yahoo,louisiana,6
yahoo,lowest,6
yahoo,ltrs,6
yahoo,ltype,6
yahoo,luther,6
yahoo,m1,6
yahoo,manga,6
yahoo,marco,6
yahoo,markings,6
yahoo,matthew,6
yahoo,maturity,6
yahoo,mcdonalds,6
yahoo,mechanism,6
yahoo,medicines,6
yahoo,meditation,6
yahoo,melanin,6
yahoo,memories,6
yahoo,merid,6
yahoo,merry,6
yahoo,messed,6
yahoo,metabolic,6
yahoo,mfgid,6
yahoo,micheal,6
yahoo,michigan,6
yahoo,micro,6
yahoo,millimetres,6
yahoo,mining,6
yahoo,mins,6
yahoo,miracle,6
yahoo,mlb,6
yahoo,mobitz,6
yahoo,monkeys,6
yahoo,monthly,6
yahoo,moses,6
yahoo,moviepass,6
yahoo,multi,6
yahoo,mutual,6
yahoo,n0,6
yahoo,n1st,6
yahoo,n9,6
yahoo,nails,6
yahoo,ncall,6
yahoo,ncheers,6
yahoo,ndis,6
yahoo,neighborhood,6
yahoo,nervous,6
yahoo,netbeans,6
yahoo,netc,6
yahoo,nets,6
yahoo,networking,6
yahoo,ngreen,6
yahoo,nharry,6
yahoo,nheat,6
yahoo,nhp,6
yahoo,nl,6
yahoo,nmultiply,6
yahoo,nnothing,6
yahoo,nok,6
yahoo,norton,6
yahoo,nother,6
yahoo,noun,6
yahoo,npositives,6
yahoo,nprice,6
yahoo,nrose,6
yahoo,nsave,6
yahoo,nsexual,6
yahoo,nsong,6
yahoo,nstep,6
yahoo,nthank,6
yahoo,nthats,6
yahoo,nthink,6
yahoo,ntoot,6
yahoo,nv,6
yahoo,nwhere,6
yahoo,nworld,6
yahoo,nwould,6
yahoo,observe,6
yahoo,occupational,6
yahoo,od,6
yahoo,offended,6
yahoo,offensive,6
yahoo,offering,6
yahoo,ontid,6
yahoo,oops,6
yahoo,operate,6
yahoo,opposes,6
yahoo,oracle,6
yahoo,ordered,6
yahoo,organic,6
yahoo,ours,6
yahoo,ownership,6
yahoo,p2p,6
yahoo,pa,6
yahoo,packages,6
yahoo,painful,6
yahoo,pairs,6
yahoo,palace,6
yahoo,passing,6
yahoo,patrick,6
yahoo,paxil,6
yahoo,paypal,6
yahoo,penny,6
yahoo,perception,6
yahoo,permit,6
yahoo,pest,6
yahoo,phase,6
yahoo,phases,6
yahoo,phenomena,6
yahoo,picking,6
yahoo,piks,6
yahoo,pipes,6
yahoo,plasma,6
yahoo,platform,6
yahoo,playoffs,6
yahoo,plot,6
yahoo,pm,6
yahoo,politics,6
yahoo,pop3,6
yahoo,pope,6
yahoo,porque,6
yahoo,possibility,6
yahoo,pound,6
yahoo,praxis,6
yahoo,presents,6
yahoo,pressing,6
yahoo,priest,6
yahoo,prize,6
yahoo,prob,6
yahoo,progress,6
yahoo,protected,6
yahoo,proving,6
yahoo,provision,6
yahoo,prude,6
yahoo,psychological,6
yahoo,puis,6
yahoo,pulse,6
yahoo,purchasing,6
yahoo,pva,6
yahoo,quantum,6
yahoo,quarter,6
yahoo,quartz,6
yahoo,qui,6
yahoo,rachel,6
yahoo,raider,6
yahoo,rainbow,6
yahoo,reads,6
yahoo,reagan,6
yahoo,realtor,6
yahoo,reboot,6
yahoo,receipt,6
yahoo,recipes,6
yahoo,recovery,6
yahoo,redir,6
yahoo,refused,6
yahoo,reinstall,6
yahoo,relies,6
yahoo,remains,6
yahoo,representative,6
yahoo,reproduce,6
yahoo,reptiles,6
yahoo,republic,6
yahoo,requirement,6
yahoo,resign,6
yahoo,responses,6
yahoo,responsibilities,6
yahoo,restart,6
yahoo,retain,6
yahoo,retention,6
yahoo,richard,6
yahoo,rings,6
yahoo,roast,6
yahoo,rob,6
yahoo,robert,6
yahoo,rookie,6
yahoo,rotate,6
yahoo,route,6
yahoo,routine,6
yahoo,sabres,6
yahoo,saint,6
yahoo,salts,6
yahoo,sam,6
yahoo,sandstone,6
yahoo,scene,6
yahoo,screening,6
yahoo,seats,6
yahoo,secured,6
yahoo,selection,6
yahoo,sends,6
yahoo,sequence,6
yahoo,servers,6
yahoo,seventeen,6
yahoo,shade,6
yahoo,shake,6
yahoo,sharper,6
yahoo,ships,6
yahoo,shit,6
yahoo,shooting,6
yahoo,shorter,6
yahoo,silent,6
yahoo,simplest,6
yahoo,singer,6
yahoo,sins,6
yahoo,sk,6
yahoo,slapped,6
yahoo,smokers,6
yahoo,socs,6
yahoo,soil,6
yahoo,sooner,6
yahoo,sorts,6
yahoo,southern,6
yahoo,spears,6
yahoo,spectrum,6
yahoo,spice,6
yahoo,spinal,6
yahoo,spine,6
yahoo,split,6
yahoo,spoiled,6
yahoo,sponsor,6
yahoo,stating,6
yahoo,stationary,6
yahoo,stations,6
yahoo,stats,6
yahoo,statutes,6
yahoo,stfu,6
yahoo,strategy,6
yahoo,stressed,6
yahoo,structures,6
yahoo,studying,6
yahoo,styles,6
yahoo,sucked,6
yahoo,sudden,6
yahoo,suite,6
yahoo,summary,6
yahoo,sunlight,6
yahoo,superior,6
yahoo,supplement,6
yahoo,supporting,6
yahoo,supreme,6
yahoo,survived,6
yahoo,suyo,6
yahoo,swelling,6
yahoo,tabs,6
yahoo,tasks,6
yahoo,taxation,6
yahoo,taylor,6
yahoo,technique,6
yahoo,tension,6
yahoo,terrorism,6
yahoo,testing,6
yahoo,th,6
yahoo,thanksgiving,6
yahoo,theme,6
yahoo,theorem,6
yahoo,tho,6
yahoo,thrown,6
yahoo,thumbs,6
yahoo,tie,6
yahoo,toefl,6
yahoo,tolerant,6
yahoo,toll,6
yahoo,ton,6
yahoo,tourist,6
yahoo,tpr,6
yahoo,tradition,6
yahoo,transunion,6
yahoo,trapped,6
yahoo,trash,6
yahoo,tries,6
yahoo,trigger,6
yahoo,trucks,6
yahoo,tub,6
yahoo,tuner,6
yahoo,tylenol,6
yahoo,typing,6
yahoo,uc,6
yahoo,uneducated,6
yahoo,unhappy,6
yahoo,uniform,6
yahoo,updated,6
yahoo,utility,6
yahoo,v0,6
yahoo,vaccine,6
yahoo,vacuum,6
yahoo,vaginal,6
yahoo,val,6
yahoo,veil,6
yahoo,verify,6
yahoo,vice,6
yahoo,views,6
yahoo,virtual,6
yahoo,visiting,6
yahoo,vocabulary,6
yahoo,waking,6
yahoo,warlock,6
yahoo,warranty,6
yahoo,washing,6
yahoo,wasting,6
yahoo,whois,6
yahoo,wholesale,6
yahoo,whoo,6
yahoo,wi,6
yahoo,wine,6
yahoo,worthy,6
yahoo,wrapped,6
yahoo,wtf,6
yahoo,yard,6
yahoo,yearbook,6
yahoo,zabasearch,6
yahoo,102,5
yahoo,112,5
yahoo,130,5
yahoo,13th,5
yahoo,15r,5
yahoo,1958,5
yahoo,1966,5
yahoo,1967,5
yahoo,1973,5
yahoo,1977,5
yahoo,1978,5
yahoo,1979,5
yahoo,1982,5
yahoo,1989,5
yahoo,1993,5
yahoo,228,5
yahoo,297,5
yahoo,2bqwerty,5
yahoo,2f3001,5
yahoo,2h,5
yahoo,3000,5
yahoo,344,5
yahoo,350,5
yahoo,3600,5
yahoo,3y,5
yahoo,48,5
yahoo,4x,5
yahoo,53,5
yahoo,58,5
yahoo,5a,5
yahoo,6000,5
yahoo,62,5
yahoo,745,5
yahoo,86,5
yahoo,8th,5
yahoo,900,5
yahoo,accomplished,5
yahoo,ace,5
yahoo,acetate,5
yahoo,acronym,5
yahoo,actors,5
yahoo,addictive,5
yahoo,administrator,5
yahoo,adv,5
yahoo,advertise,5
yahoo,advertisements,5
yahoo,af,5
yahoo,affair,5
yahoo,agenda,5
yahoo,agriculture,5
yahoo,ahh,5
yahoo,alaska,5
yahoo,alcl3,5
yahoo,alert,5
yahoo,allergies,5
yahoo,allergy,5
yahoo,allocation,5
yahoo,allowing,5
yahoo,amendment,5
yahoo,andrew,5
yahoo,angelfire,5
yahoo,ann,5
yahoo,antennae,5
yahoo,antibodies,5
yahoo,apache,5
yahoo,ape,5
yahoo,approve,5
yahoo,argument,5
yahoo,artists,5
yahoo,atomic,5
yahoo,attacks,5
yahoo,attitudes,5
yahoo,authority,5
yahoo,aw,5
yahoo,b4,5
yahoo,bachelor,5
yahoo,bag,5
yahoo,baggage,5
yahoo,barkley,5
yahoo,barriers,5
yahoo,bastard,5
yahoo,bayern,5
yahoo,bcuz,5
yahoo,bears,5
yahoo,beaver,5
yahoo,becuz,5
yahoo,bees,5
yahoo,beginner,5
yahoo,beholder,5
yahoo,betting,5
yahoo,bias,5
yahoo,biblical,5
yahoo,bien,5
yahoo,bike,5
yahoo,biotechnology,5
yahoo,blair,5
yahoo,blogger,5
yahoo,blogspot,5
yahoo,blow,5
yahoo,bob,5
yahoo,boils,5
yahoo,borders,5
yahoo,bothers,5
yahoo,bowler,5
yahoo,boxer,5
yahoo,boyfriends,5
yahoo,boyz,5
yahoo,bra,5
yahoo,brackets,5
yahoo,brahman,5
yahoo,brief,5
yahoo,bsn,5
yahoo,buffalo,5
yahoo,builder,5
yahoo,bum,5
yahoo,bureau,5
yahoo,butter,5
yahoo,buttons,5
yahoo,byproduct,5
yahoo,cab,5
yahoo,cabinet,5
yahoo,calculated,5
yahoo,cancelled,5
yahoo,cancers,5
yahoo,capitalism,5
yahoo,capitalization,5
yahoo,celibacy,5
yahoo,cellular,5
yahoo,celtic,5
yahoo,census,5
yahoo,centuries,5
yahoo,certificate,5
yahoo,cfda,5
yahoo,ch,5
yahoo,chad,5
yahoo,challenges,5
yahoo,challenging,5
yahoo,champion,5
yahoo,charity,5
yahoo,charm,5
yahoo,cheapest,5
yahoo,checkout,5
yahoo,chef,5
yahoo,chemicals,5
yahoo,chiff,5
yahoo,childish,5
yahoo,chip,5
yahoo,choosing,5
yahoo,chuck,5
yahoo,cia,5
yahoo,circuit,5
yahoo,civilians,5
yahoo,ck,5
yahoo,claiming,5
yahoo,clans,5
yahoo,classmates,5
yahoo,cleanup,5
yahoo,climate,5
yahoo,clips,5
yahoo,cloud,5
yahoo,coach,5
yahoo,cocaine,5
yahoo,coins,5
yahoo,coke,5
yahoo,collector,5
yahoo,combat,5
yahoo,comparison,5
yahoo,compatible,5
yahoo,complaint,5
yahoo,concerns,5
yahoo,conduct,5
yahoo,conducted,5
yahoo,config,5
yahoo,confusion,5
yahoo,connections,5
yahoo,console,5
yahoo,constants,5
yahoo,consultation,5
yahoo,container,5
yahoo,continues,5
yahoo,contributions,5
yahoo,cooper,5
yahoo,corel,5
yahoo,corp,5
yahoo,cotton,5
yahoo,counseling,5
yahoo,counties,5
yahoo,couse,5
yahoo,cousins,5
yahoo,covers,5
yahoo,creatures,5
yahoo,crucified,5
yahoo,crying,5
yahoo,css,5
yahoo,curriculum,5
yahoo,custody,5
yahoo,cuts,5
yahoo,dam,5
yahoo,dave,5
yahoo,davis,5
yahoo,dawn,5
yahoo,dc,5
yahoo,deceased,5
yahoo,decimals,5
yahoo,declared,5
yahoo,defiantly,5
yahoo,deficiency,5
yahoo,delilah,5
yahoo,demanding,5
yahoo,democratic,5
yahoo,deny,5
yahoo,deodorant,5
yahoo,der,5
yahoo,deserved,5
yahoo,desire,5
yahoo,despite,5
yahoo,detect,5
yahoo,determining,5
yahoo,devices,5
yahoo,dial,5
yahoo,dies,5
yahoo,diesel,5
yahoo,dietary,5
yahoo,differentiate,5
yahoo,digg,5
yahoo,dip,5
yahoo,diploma,5
yahoo,director,5
yahoo,disable,5
yahoo,disabled,5
yahoo,disadvantage,5
yahoo,disappointed,5
yahoo,disaster,5
yahoo,discipline,5
yahoo,discounted,5
yahoo,discover,5
yahoo,disorders,5
yahoo,distillation,5
yahoo,distributed,5
yahoo,diving,5
yahoo,divisible,5
yahoo,divx,5
yahoo,dominate,5
yahoo,donald,5
yahoo,downloading,5
yahoo,dreaming,5
yahoo,drip,5
yahoo,dropped,5
yahoo,duck,5
yahoo,dui,5
yahoo,dutch,5
yahoo,duties,5
yahoo,dynasty,5
yahoo,eagle,5
yahoo,earned,5
yahoo,earthquakes,5
yahoo,economics,5
yahoo,editor,5
yahoo,edmonton,5
yahoo,educated,5
yahoo,elective,5
yahoo,elements,5
yahoo,eliminate,5
yahoo,elizabeth,5
yahoo,ella,5
yahoo,emancipation,5
yahoo,embedded,5
yahoo,empire,5
yahoo,encoder,5
yahoo,engagement,5
yahoo,enlargement,5
yahoo,entity,5
yahoo,entrance,5
yahoo,environments,5
yahoo,equivalent,5
yahoo,essential,5
yahoo,eu,5
yahoo,eva,5
yahoo,exemption,5
yahoo,exiting,5
yahoo,exotic,5
yahoo,expecting,5
yahoo,experiment,5
yahoo,extend,5
yahoo,facility,5
yahoo,factory,5
yahoo,fahrenheit,5
yahoo,failed,5
yahoo,farmers,5
yahoo,fasting,5
yahoo,fav,5
yahoo,feeding,5
yahoo,fewer,5
yahoo,fifth,5
yahoo,filename,5
yahoo,filled,5
yahoo,finances,5
yahoo,financially,5
yahoo,financing,5
yahoo,fl,5
yahoo,floppy,5
yahoo,fluoride,5
yahoo,folders,5
yahoo,forbid,5
yahoo,forcing,5
yahoo,forex,5
yahoo,forgotten,5
yahoo,formal,5
yahoo,formulas,5
yahoo,foundation,5
yahoo,founding,5
yahoo,frames,5
yahoo,frank,5
yahoo,freeze,5
yahoo,freshwater,5
yahoo,fucking,5
yahoo,funding,5
yahoo,fuseaction,5
yahoo,fx,5
yahoo,ga,5
yahoo,gangsta,5
yahoo,gather,5
yahoo,gender,5
yahoo,genetically,5
yahoo,genocide,5
yahoo,genres,5
yahoo,gentlemen,5
yahoo,genuine,5
yahoo,glasses,5
yahoo,gosh,5
yahoo,grab,5
yahoo,graduation,5
yahoo,grammer,5
yahoo,grandfather,5
yahoo,greasers,5
yahoo,greatly,5
yahoo,grisoft,5
yahoo,guarantee,5
yahoo,gum,5
yahoo,habit,5
yahoo,hail,5
yahoo,handbook,5
yahoo,harsh,5
yahoo,hawk,5
yahoo,hd,5
yahoo,healthier,5
yahoo,hebrew,5
yahoo,hemisphere,5
yahoo,highlight,5
yahoo,hilton,5
yahoo,hips,5
yahoo,hiring,5
yahoo,holes,5
yahoo,homeland,5
yahoo,homestead,5
yahoo,hop,5
yahoo,horizon,5
yahoo,hosp,5
yahoo,houses,5
yahoo,hunt,5
yahoo,hypoglycemia,5
yahoo,icq,5
yahoo,identical,5
yahoo,identity,5
yahoo,il,5
yahoo,illinois,5
yahoo,img,5
yahoo,immature,5
yahoo,implies,5
yahoo,imposed,5
yahoo,improper,5
yahoo,indicated,5
yahoo,individually,5
yahoo,inexpensive,5
yahoo,infections,5
yahoo,infinite,5
yahoo,inflation,5
yahoo,influenced,5
yahoo,insignificant,5
yahoo,insomnia,5
yahoo,installing,5
yahoo,integers,5
yahoo,intent,5
yahoo,intention,5
yahoo,interaction,5
yahoo,interactive,5
yahoo,introduce,5
yahoo,investing,5
yahoo,investments,5
yahoo,invitation,5
yahoo,invited,5
yahoo,irritation,5
yahoo,islamic,5
yahoo,itch,5
yahoo,ivy,5
yahoo,jamaica,5
yahoo,jan,5
yahoo,jane,5
yahoo,je,5
yahoo,jeans,5
yahoo,jehovah,5
yahoo,jerks,5
yahoo,jersey,5
yahoo,jewelry,5
yahoo,joseph,5
yahoo,joule,5
yahoo,journal,5
yahoo,judaism,5
yahoo,judged,5
yahoo,juliet,5
yahoo,kanye,5
yahoo,karaoke,5
yahoo,kate,5
yahoo,keeper,5
yahoo,kidneys,5
yahoo,killer,5
yahoo,kit,5
yahoo,knee,5
yahoo,knife,5
yahoo,lacks,5
yahoo,laid,5
yahoo,lan,5
yahoo,lasts,5
yahoo,lately,5
yahoo,lateral,5
yahoo,leagues,5
yahoo,leak,5
yahoo,leavin,5
yahoo,lecture,5
yahoo,legion,5
yahoo,lesbian,5
yahoo,liar,5
yahoo,libertarian,5
yahoo,libraries,5
yahoo,lighting,5
yahoo,lit,5
yahoo,literature,5
yahoo,locator,5
yahoo,loses,5
yahoo,louis,5
yahoo,lover,5
yahoo,lovers,5
yahoo,lust,5
yahoo,magically,5
yahoo,magnitude,5
yahoo,mailing,5
yahoo,mammals,5
yahoo,margin,5
yahoo,masturbating,5
yahoo,maths,5
yahoo,measures,5
yahoo,medicare,5
yahoo,membership,5
yahoo,mens,5
yahoo,messy,5
yahoo,meter,5
yahoo,mexicans,5
yahoo,microwave,5
yahoo,minors,5
yahoo,mma,5
yahoo,modeling,5
yahoo,modem,5
yahoo,moist,5
yahoo,mol,5
yahoo,mole,5
yahoo,molecular,5
yahoo,molecule,5
yahoo,moments,5
yahoo,mommy,5
yahoo,monarchy,5
yahoo,mood,5
yahoo,morrison,5
yahoo,motherboard,5
yahoo,msm,5
yahoo,mspx,5
yahoo,mu,5
yahoo,multiplied,5
yahoo,mum,5
yahoo,mystery,5
yahoo,n18,5
yahoo,n21,5
yahoo,n23,5
yahoo,n24,5
yahoo,n25,5
yahoo,n2x,5
yahoo,nadd,5
yahoo,nalmost,5
yahoo,nalthough,5
yahoo,nam,5
yahoo,nanswer,5
yahoo,nany,5
yahoo,narrow,5
yahoo,nausea,5
yahoo,nbaby,5
yahoo,nbeing,5
yahoo,nbesides,5
yahoo,nbetter,5
yahoo,nbig,5
yahoo,nbuild,5
yahoo,neg,5
yahoo,neighbors,5
yahoo,nemail,5
yahoo,neptune,5
yahoo,newspapers,5
yahoo,newtons,5
yahoo,nfavourite,5
yahoo,nfind,5
yahoo,ngoals,5
yahoo,ngreat,5
yahoo,nicely,5
yahoo,nim,5
yahoo,ninternet,5
yahoo,njennifer,5
yahoo,nk,5
yahoo,nlife,5
yahoo,nlike,5
yahoo,nlink,5
yahoo,nln,5
yahoo,nlong,5
yahoo,nmake,5
yahoo,nmass,5
yahoo,nnew,5
yahoo,nnote,5
yahoo,nod32,5
yahoo,nonsense,5
yahoo,nout,5
yahoo,novel,5
yahoo,npeace,5
yahoo,nps,5
yahoo,nremember,5
yahoo,nseriously,5
yahoo,nthose,5
yahoo,nurses,5
yahoo,nusually,5
yahoo,nwhich,5
yahoo,oak,5
yahoo,obtaining,5
yahoo,occassionally,5
yahoo,oceans,5
yahoo,offense,5
yahoo,olden,5
yahoo,oldest,5
yahoo,olds,5
yahoo,olivia,5
yahoo,onboard,5
yahoo,opportunities,5
yahoo,organize,5
yahoo,orientation,5
yahoo,originated,5
yahoo,orlando,5
yahoo,orthodox,5
yahoo,outcome,5
yahoo,outline,5
yahoo,outstanding,5
yahoo,overs,5
yahoo,owns,5
yahoo,oxidation,5
yahoo,oxide,5
yahoo,pace,5
yahoo,pacific,5
yahoo,packets,5
yahoo,pagan,5
yahoo,pakistan,5
yahoo,palmer,5
yahoo,paragraph,5
yahoo,passive,5
yahoo,passwords,5
yahoo,peanut,5
yahoo,pentecostal,5
yahoo,perceived,5
yahoo,performed,5
yahoo,petroleum,5
yahoo,petty,5
yahoo,pg,5
yahoo,photobucket,5
yahoo,photographs,5
yahoo,piano,5
yahoo,placing,5
yahoo,plates,5
yahoo,poisoning,5
yahoo,polite,5
yahoo,politicians,5
yahoo,potatoes,5
yahoo,powder,5
yahoo,practicing,5
yahoo,prank,5
yahoo,precautions,5
yahoo,precious,5
yahoo,premium,5
yahoo,pretend,5
yahoo,prez,5
yahoo,principle,5
yahoo,prisons,5
yahoo,probable,5
yahoo,probation,5
yahoo,procedures,5
yahoo,proceed,5
yahoo,produces,5
yahoo,producing,5
yahoo,promote,5
yahoo,propane,5
yahoo,protecting,5
yahoo,protects,5
yahoo,proved,5
yahoo,providers,5
yahoo,providing,5
yahoo,publicly,5
yahoo,publishing,5
yahoo,puerto,5
yahoo,pulling,5
yahoo,punishment,5
yahoo,punk,5
yahoo,pursue,5
yahoo,puzzles,5
yahoo,pv,5
yahoo,quarters,5
yahoo,quicktime,5
yahoo,quiero,5
yahoo,racing,5
yahoo,radar,5
yahoo,rated,5
yahoo,rational,5
yahoo,reaches,5
yahoo,rear,5
yahoo,recall,5
yahoo,recieved,5
yahoo,recipients,5
yahoo,recived,5
yahoo,recognition,5
yahoo,recommended,5
yahoo,recruiter,5
yahoo,rectangle,5
yahoo,reduction,5
yahoo,referred,5
yahoo,refuse,5
yahoo,reject,5
yahoo,reminds,5
yahoo,removal,5
yahoo,removing,5
yahoo,rents,5
yahoo,reply,5
yahoo,representation,5
yahoo,residue,5
yahoo,resistant,5
yahoo,resolved,5
yahoo,respiratory,5
yahoo,respond,5
yahoo,restroom,5
yahoo,resume,5
yahoo,retail,5
yahoo,rey,5
yahoo,rinse,5
yahoo,robe,5
yahoo,rods,5
yahoo,romeo,5
yahoo,rooms,5
yahoo,rooney,5
yahoo,rounded,5
yahoo,rovers,5
yahoo,rub,5
yahoo,ruin,5
yahoo,russia,5
yahoo,russian,5
yahoo,sally,5
yahoo,sarcastic,5
yahoo,saves,5
yahoo,scalp,5
yahoo,scare,5
yahoo,schedules,5
yahoo,scholarship,5
yahoo,scoring,5
yahoo,scott,5
yahoo,sections,5
yahoo,secular,5
yahoo,seeds,5
yahoo,seizure,5
yahoo,semen,5
yahoo,senior,5
yahoo,sentences,5
yahoo,sexes,5
yahoo,shadow,5
yahoo,shelter,5
yahoo,shipping,5
yahoo,shoe,5
yahoo,simpler,5
yahoo,situated,5
yahoo,sixth,5
yahoo,sized,5
yahoo,skiing,5
yahoo,slide,5
yahoo,smiled,5
yahoo,smooth,5
yahoo,soak,5
yahoo,soldier,5
yahoo,solely,5
yahoo,solitary,5
yahoo,solving,5
yahoo,soooo,5
yahoo,soviet,5
yahoo,sperm,5
yahoo,spirits,5
yahoo,spritual,5
yahoo,spurs,5
yahoo,squad,5
yahoo,staff,5
yahoo,stainless,5
yahoo,stamps,5
yahoo,stanley,5
yahoo,statute,5
yahoo,stays,5
yahoo,stds,5
yahoo,steam,5
yahoo,stem,5
yahoo,stereotype,5
yahoo,steve,5
yahoo,steven,5
yahoo,stones,5
yahoo,stopping,5
yahoo,strip,5
yahoo,stroke,5
yahoo,strongest,5
yahoo,stubborn,5
yahoo,stunt,5
yahoo,subatomic,5
yahoo,supplements,5
yahoo,supportive,5
yahoo,surgeons,5
yahoo,swamps,5
yahoo,swap,5
yahoo,sweden,5
yahoo,sweets,5
yahoo,swim,5
yahoo,talkin,5
yahoo,taller,5
yahoo,tch,5
yahoo,tectonics,5
yahoo,teenager,5
yahoo,tempted,5
yahoo,tense,5
yahoo,termed,5
yahoo,terrestrial,5
yahoo,thailand,5
yahoo,thankful,5
yahoo,theatre,5
yahoo,theft,5
yahoo,therapist,5
yahoo,thin,5
yahoo,thirsty,5
yahoo,thumb,5
yahoo,tops,5
yahoo,toronto,5
yahoo,torture,5
yahoo,tournament,5
yahoo,toy,5
yahoo,trail,5
yahoo,transaction,5
yahoo,transmission,5
yahoo,transportation,5
yahoo,travelling,5
yahoo,travels,5
yahoo,travis,5
yahoo,tricky,5
yahoo,tripod,5
yahoo,truely,5
yahoo,tubes,5
yahoo,tummy,5
yahoo,tuneup,5
yahoo,turning,5
yahoo,twist,5
yahoo,twisted,5
yahoo,tx,5
yahoo,typed,5
yahoo,undergrad,5
yahoo,unreasonable,5
yahoo,upside,5
yahoo,upto,5
yahoo,usc,5
yahoo,valley,5
yahoo,vampires,5
yahoo,vb,5
yahoo,vegetables,5
yahoo,venus,5
yahoo,versa,5
yahoo,veterans,5
yahoo,vibrator,5
yahoo,victory,5
yahoo,vietnamese,5
yahoo,viewing,5
yahoo,vinci,5
yahoo,violation,5
yahoo,virgins,5
yahoo,w3schools,5
yahoo,waited,5
yahoo,wallet,5
yahoo,warden,5
yahoo,wayne,5
yahoo,wc,5
yahoo,weed,5
yahoo,weekends,5
yahoo,weekly,5
yahoo,weighs,5
yahoo,weights,5
yahoo,whereas,5
yahoo,winners,5
yahoo,winzip,5
yahoo,wisconsin,5
yahoo,wmd,5
yahoo,woodlands,5
yahoo,wrt,5
yahoo,wt,5
yahoo,wwii,5
yahoo,xy,5
yahoo,yeast,5
yahoo,yesterday,5
yahoo,yield,5
yahoo,youll,5
yahoo,zoning,5
yahoo,10th,4
yahoo,10y,4
yahoo,111,4
yahoo,114,4
yahoo,115,4
yahoo,11k,4
yahoo,14th,4
yahoo,171,4
yahoo,18th,4
yahoo,1925,4
yahoo,1936,4
yahoo,1964,4
yahoo,1969,4
yahoo,1974,4
yahoo,1975,4
yahoo,1976,4
yahoo,1995,4
yahoo,1996,4
yahoo,1997,4
yahoo,19th,4
yahoo,1b,4
yahoo,1kg,4
yahoo,202,4
yahoo,20lyrics,4
yahoo,20tool,4
yahoo,21st,4
yahoo,220,4
yahoo,225,4
yahoo,283155,4
yahoo,2a,4
yahoo,2k,4
yahoo,333,4
yahoo,365,4
yahoo,3nacl,4
yahoo,450,4
yahoo,613,4
yahoo,700,4
yahoo,720,4
yahoo,77,4
yahoo,77m,4
yahoo,7th,4
yahoo,803,4
yahoo,8080,4
yahoo,81,4
yahoo,90m,4
yahoo,960,4
yahoo,9th,4
yahoo,abc,4
yahoo,abdominal,4
yahoo,abide,4
yahoo,absence,4
yahoo,absolutly,4
yahoo,abstract,4
yahoo,abused,4
yahoo,academic,4
yahoo,accent,4
yahoo,accepts,4
yahoo,accessed,4
yahoo,acidic,4
yahoo,adams,4
yahoo,adapt,4
yahoo,addressed,4
yahoo,administrative,4
yahoo,admissions,4
yahoo,adress,4
yahoo,ads,4
yahoo,adsl,4
yahoo,adventure,4
yahoo,advocate,4
yahoo,aggravate,4
yahoo,agilent,4
yahoo,ai,4
yahoo,airplane,4
yahoo,ajax,4
yahoo,albums,4
yahoo,algebra,4
yahoo,alguien,4
yahoo,ali,4
yahoo,alkaline,4
yahoo,alternatives,4
yahoo,altitudes,4
yahoo,anal,4
yahoo,anesthetic,4
yahoo,animated,4
yahoo,anime,4
yahoo,antibiotic,4
yahoo,ants,4
yahoo,anybodys,4
yahoo,ap,4
yahoo,apartment,4
yahoo,apologize,4
yahoo,apostles,4
yahoo,appetite,4
yahoo,appointment,4
yahoo,approx,4
yahoo,archive,4
yahoo,argentine,4
yahoo,arguing,4
yahoo,arguments,4
yahoo,arin,4
yahoo,arnold,4
yahoo,arrest,4
yahoo,arsenal,4
yahoo,asians,4
yahoo,aspects,4
yahoo,assault,4
yahoo,assets,4
yahoo,assure,4
yahoo,astronomy,4
yahoo,athletics,4
yahoo,ati,4
yahoo,atlanta,4
yahoo,attacked,4
yahoo,attempts,4
yahoo,attended,4
yahoo,attorneys,4
yahoo,attracts,4
yahoo,audible,4
yahoo,aussies,4
yahoo,authoritarian,4
yahoo,avant,4
yahoo,avatars,4
yahoo,avi,4
yahoo,avrupa,4
yahoo,awake,4
yahoo,awarded,4
yahoo,aways,4
yahoo,ax,4
yahoo,babe,4
yahoo,badges,4
yahoo,bail,4
yahoo,bake,4
yahoo,baked,4
yahoo,balanced,4
yahoo,banjo,4
yahoo,bastards,4
yahoo,batteries,4
yahoo,bc,4
yahoo,beans,4
yahoo,beaten,4
yahoo,believer,4
yahoo,belive,4
yahoo,belts,4
yahoo,benign,4
yahoo,berries,4
yahoo,beside,4
yahoo,biased,4
yahoo,bio,4
yahoo,biologists,4
yahoo,birds,4
yahoo,blacks,4
yahoo,blade,4
yahoo,blah,4
yahoo,blast,4
yahoo,bleed,4
yahoo,bleeds,4
yahoo,blessing,4
yahoo,blew,4
yahoo,blip,4
yahoo,blogs,4
yahoo,bloody,4
yahoo,bls,4
yahoo,bnp,4
yahoo,boggling,4
yahoo,bombardment,4
yahoo,bombs,4
yahoo,boobs,4
yahoo,bookstore,4
yahoo,boost,4
yahoo,booth,4
yahoo,boots,4
yahoo,booty,4
yahoo,borderline,4
yahoo,borrow,4
yahoo,boston,4
yahoo,bounce,4
yahoo,brainwashed,4
yahoo,brave,4
yahoo,breakdown,4
yahoo,breathed,4
yahoo,brendan,4
yahoo,bridge,4
yahoo,brighter,4
yahoo,brightside,4
yahoo,bringing,4
yahoo,bruise,4
yahoo,buddha,4
yahoo,buddhism,4
yahoo,bug,4
yahoo,builds,4
yahoo,bulletin,4
yahoo,bully,4
yahoo,bumps,4
yahoo,burden,4
yahoo,buried,4
yahoo,burst,4
yahoo,busch,4
yahoo,cables,4
yahoo,cache,4
yahoo,calc,4
yahoo,calculate,4
yahoo,calorie,4
yahoo,cameron,4
yahoo,camping,4
yahoo,camps,4
yahoo,canadiens,4
yahoo,canvas,4
yahoo,capture,4
yahoo,carbs,4
yahoo,cardinals,4
yahoo,carrot,4
yahoo,carrying,4
yahoo,cartridge,4
yahoo,casa,4
yahoo,catabolism,4
yahoo,catalyst,4
yahoo,celebrating,4
yahoo,cgi,4
yahoo,chamber,4
yahoo,channels,4
yahoo,chanukah,4
yahoo,chating,4
yahoo,cheaply,4
yahoo,cheese,4
yahoo,chester,4
yahoo,chewing,4
yahoo,chick,4
yahoo,cigarettes,4
yahoo,cl,4
yahoo,claimed,4
yahoo,clan,4
yahoo,clark,4
yahoo,cleared,4
yahoo,cliche,4
yahoo,clicking,4
yahoo,clocks,4
yahoo,closet,4
yahoo,cm,4
yahoo,cma,4
yahoo,coeffecient,4
yahoo,colours,4
yahoo,colts,4
yahoo,column,4
yahoo,comedy,4
yahoo,communicating,4
yahoo,communications,4
yahoo,communists,4
yahoo,competitive,4
yahoo,competitors,4
yahoo,compiled,4
yahoo,compiler,4
yahoo,complained,4
yahoo,completed,4
yahoo,completion,4
yahoo,compounding,4
yahoo,computerworld,4
yahoo,concerts,4
yahoo,conclusions,4
yahoo,concrete,4
yahoo,conditional,4
yahoo,cone,4
yahoo,configured,4
yahoo,confirmed,4
yahoo,confuse,4
yahoo,congressional,4
yahoo,conscience,4
yahoo,consecutive,4
yahoo,consensus,4
yahoo,considers,4
yahoo,consist,4
yahoo,consumption,4
yahoo,contained,4
yahoo,continent,4
yahoo,contractor,4
yahoo,controlling,4
yahoo,convention,4
yahoo,conversations,4
yahoo,convey,4
yahoo,convicted,4
yahoo,convince,4
yahoo,cookie,4
yahoo,cooking,4
yahoo,coolest,4
yahoo,cop,4
yahoo,copied,4
yahoo,copyrighted,4
yahoo,corny,4
yahoo,corrupt,4
yahoo,cotten,4
yahoo,couldnt,4
yahoo,counsel,4
yahoo,counting,4
yahoo,craft,4
yahoo,crappy,4
yahoo,crate,4
yahoo,creed,4
yahoo,creepoid,4
yahoo,creon,4
yahoo,crest,4
yahoo,crucial,4
yahoo,cruel,4
yahoo,crystal,4
yahoo,cubs,4
yahoo,currency,4
yahoo,curvature,4
yahoo,curve,4
yahoo,cypher,4
yahoo,cytoplasm,4
yahoo,damned,4
yahoo,dancer,4
yahoo,darker,4
yahoo,darling,4
yahoo,dattebayo,4
yahoo,davesite,4
yahoo,dbpoweramp,4
yahoo,dd,4
yahoo,dd214,4
yahoo,deals,4
yahoo,debts,4
yahoo,dec,4
yahoo,decades,4
yahoo,decagon,4
yahoo,decides,4
yahoo,deciding,4
yahoo,decrypt,4
yahoo,dedicated,4
yahoo,defence,4
yahoo,defend,4
yahoo,defending,4
yahoo,degrades,4
yahoo,deliver,4
yahoo,delivered,4
yahoo,demands,4
yahoo,dems,4
yahoo,denim,4
yahoo,denmark,4
yahoo,descended,4
yahoo,descriptions,4
yahoo,deserves,4
yahoo,designated,4
yahoo,dhoni,4
yahoo,diamonds,4
yahoo,dick,4
yahoo,dictator,4
yahoo,differ,4
yahoo,dig,4
yahoo,digestive,4
yahoo,digits,4
yahoo,dilation,4
yahoo,dirt,4
yahoo,disabilities,4
yahoo,disability,4
yahoo,disadvantages,4
yahoo,disconnect,4
yahoo,discovery,4
yahoo,discrimination,4
yahoo,discusses,4
yahoo,discussing,4
yahoo,discussion,4
yahoo,disgusting,4
yahoo,disputes,4
yahoo,distances,4
yahoo,distilled,4
yahoo,distinction,4
yahoo,disturbed,4
yahoo,ditto,4
yahoo,dividend,4
yahoo,dividing,4
yahoo,dla,4
yahoo,dodging,4
yahoo,dosent,4
yahoo,douglock,4
yahoo,dow,4
yahoo,dowload,4
yahoo,downs,4
yahoo,downward,4
yahoo,doxycycline,4
yahoo,drag,4
yahoo,dries,4
yahoo,dropboxchange,4
yahoo,ducks,4
yahoo,dudes,4
yahoo,duke,4
yahoo,dumps,4
yahoo,dvds,4
yahoo,earliest,4
yahoo,earning,4
yahoo,earnings,4
yahoo,earthquake,4
yahoo,effective,4
yahoo,efforts,4
yahoo,ego,4
yahoo,elahly1907m,4
yahoo,electronica,4
yahoo,elementary,4
yahoo,elton,4
yahoo,elvis,4
yahoo,emits,4
yahoo,emotion,4
yahoo,employment,4
yahoo,encryption,4
yahoo,engineer,4
yahoo,enjoys,4
yahoo,enormous,4
yahoo,environmental,4
yahoo,equality,4
yahoo,equator,4
yahoo,era,4
yahoo,eric,4
yahoo,esp,4
yahoo,esta,4
yahoo,established,4
yahoo,estas,4
yahoo,estimated,4
yahoo,ethics,4
yahoo,etrecordshop,4
yahoo,euros,4
yahoo,evolutionary,4
yahoo,evolved,4
yahoo,exception,4
yahoo,excitement,4
yahoo,excluding,4
yahoo,executed,4
yahoo,exit,4
yahoo,exp,4
yahoo,expectations,4
yahoo,experian,4
yahoo,expertise,4
yahoo,expire,4
yahoo,explanations,4
yahoo,exploit,4
yahoo,exsisting,4
yahoo,extensive,4
yahoo,extracted,4
yahoo,f8,4
yahoo,fabio,4
yahoo,faces,4
yahoo,factual,4
yahoo,fails,4
yahoo,failure,4
yahoo,fantasizing,4
yahoo,faqs,4
yahoo,farming,4
yahoo,fatal,4
yahoo,fats,4
yahoo,fdic,4
yahoo,feathers,4
yahoo,females,4
yahoo,fergie,4
yahoo,fibromyalgia,4
yahoo,fifty,4
yahoo,filipino,4
yahoo,filmed,4
yahoo,films,4
yahoo,filters,4
yahoo,finale,4
yahoo,finalized,4
yahoo,finds,4
yahoo,fits,4
yahoo,fixing,4
yahoo,flavor,4
yahoo,flavored,4
yahoo,flesh,4
yahoo,flies,4
yahoo,flip,4
yahoo,floss,4
yahoo,flour,4
yahoo,flowing,4
yahoo,fmttemp,4
yahoo,foam,4
yahoo,focused,4
yahoo,foley,4
yahoo,followed,4
yahoo,font,4
yahoo,fooled,4
yahoo,forehead,4
yahoo,foreheads,4
yahoo,foreplay,4
yahoo,forest,4
yahoo,forests,4
yahoo,form1,4
yahoo,forte,4
yahoo,fortunate,4
yahoo,forwards,4
yahoo,fotofetch,4
yahoo,founder,4
yahoo,franchise,4
yahoo,franklin,4
yahoo,fraud,4
yahoo,freaking,4
yahoo,freckles,4
yahoo,freely,4
yahoo,freewebs,4
yahoo,freezer,4
yahoo,freud,4
yahoo,frustrated,4
yahoo,fullest,4
yahoo,fungus,4
yahoo,gamper,4
yahoo,gap,4
yahoo,gasoline,4
yahoo,gel,4
yahoo,generated,4
yahoo,genetic,4
yahoo,gentleman,4
yahoo,geology,4
yahoo,geometry,4
yahoo,georgia,4
yahoo,gere,4
yahoo,geronimo,4
yahoo,gerrard,4
yahoo,gettin,4
yahoo,giants,4
yahoo,gigabyte,4
yahoo,git,4
yahoo,gl,4
yahoo,gnome,4
yahoo,goin,4
yahoo,googling,4
yahoo,goverment,4
yahoo,govt,4
yahoo,gps,4
yahoo,grace,4
yahoo,gracie,4
yahoo,grad,4
yahoo,gram,4
yahoo,grandma,4
yahoo,graphic,4
yahoo,gravy,4
yahoo,gre,4
yahoo,greasy,4
yahoo,grief,4
yahoo,guaranteed,4
yahoo,guides,4
yahoo,gulch,4
yahoo,hadn,4
yahoo,hairs,4
yahoo,hallelujah,4
yahoo,hammer,4
yahoo,happily,4
yahoo,harbor,4
yahoo,hardened,4
yahoo,hasnt,4
yahoo,hates,4
yahoo,hats,4
yahoo,headaches,4
yahoo,headings,4
yahoo,hearted,4
yahoo,heavily,4
yahoo,herbal,4
yahoo,heroin,4
yahoo,hiccups,4
yahoo,hip,4
yahoo,historically,4
yahoo,hobby,4
yahoo,holland,4
yahoo,homer,4
yahoo,honours,4
yahoo,hornish,4
yahoo,hoyce,4
yahoo,hussein,4
yahoo,hydrocortisone,4
yahoo,hype,4
yahoo,hypocrisy,4
yahoo,hypoxia,4
yahoo,icons,4
yahoo,ide,4
yahoo,identify,4
yahoo,ig,4
yahoo,ignores,4
yahoo,illnesses,4
yahoo,ilrg,4
yahoo,imaginary,4
yahoo,imagination,4
yahoo,immediate,4
yahoo,imp,4
yahoo,import,4
yahoo,improvements,4
yahoo,inbox,4
yahoo,incorporated,4
yahoo,incorrect,4
yahoo,incredibly,4
yahoo,incumbent,4
yahoo,ineffective,4
yahoo,inert,4
yahoo,inertia,4
yahoo,infertility,4
yahoo,inflicted,4
yahoo,inherit,4
yahoo,inherited,4
yahoo,innings,4
yahoo,ins,4
yahoo,insanity,4
yahoo,instant,4
yahoo,instinct,4
yahoo,institutes,4
yahoo,insult,4
yahoo,intake,4
yahoo,intel,4
yahoo,intentionally,4
yahoo,interactions,4
yahoo,interior,4
yahoo,intersting,4
yahoo,interviews,4
yahoo,investigation,4
yahoo,investors,4
yahoo,involving,4
yahoo,ipod,4
yahoo,ironic,4
yahoo,islands,4
yahoo,isolation,4
yahoo,isometric,4
yahoo,iu,4
yahoo,jar,4
yahoo,jazz,4
yahoo,jealousy,4
yahoo,jeff,4
yahoo,jelly,4
yahoo,jesse,4
yahoo,jessie,4
yahoo,jestem,4
yahoo,jet,4
yahoo,jimmyr,4
yahoo,kah,4
yahoo,kane,4
yahoo,kansas,4
yahoo,kazaa,4
yahoo,kempo,4
yahoo,kent,4
yahoo,kerry,4
yahoo,kinetic,4
yahoo,kissed,4
yahoo,knob,4
yahoo,knock,4
yahoo,knockout,4
yahoo,ky,4
yahoo,labour,4
yahoo,labyrinth,4
yahoo,lama,4
yahoo,landlord,4
yahoo,laser,4
yahoo,lasting,4
yahoo,latitude,4
yahoo,laughed,4
yahoo,lavasoft,4
yahoo,lawn,4
yahoo,lazar,4
yahoo,leash,4
yahoo,lenders,4
yahoo,leo,4
yahoo,lewis,4
yahoo,lick,4
yahoo,lighter,4
yahoo,lightning,4
yahoo,liking,4
yahoo,lime,4
yahoo,limitations,4
yahoo,lindsay,4
yahoo,lisa,4
yahoo,llc,4
yahoo,lobbying,4
yahoo,lobe,4
yahoo,localized,4
yahoo,locked,4
yahoo,lohan,4
yahoo,londie,4
yahoo,lonely,4
yahoo,los,4
yahoo,losses,4
yahoo,macbeth,4
yahoo,macromedia,4
yahoo,magazines,4
yahoo,maharastra,4
yahoo,maid,4
yahoo,mails,4
yahoo,maintenance,4
yahoo,mall,4
yahoo,managed,4
yahoo,manually,4
yahoo,manufacturer,4
yahoo,manufacturers,4
yahoo,maps,4
yahoo,marlin,4
yahoo,masses,4
yahoo,mathematics,4
yahoo,maycomb,4
yahoo,mcafee,4
yahoo,md,4
yahoo,measurements,4
yahoo,measuring,4
yahoo,medal,4
yahoo,membrane,4
yahoo,menstrual,4
yahoo,mercer,4
yahoo,mercy,4
yahoo,meth,4
yahoo,metric,4
yahoo,mg,4
yahoo,mic,4
yahoo,michelle,4
yahoo,mickey,4
yahoo,mickie,4
yahoo,midnight,4
yahoo,minneapolis,4
yahoo,mirren,4
yahoo,misc,4
yahoo,miscarriage,4
yahoo,missouri,4
yahoo,mistaken,4
yahoo,mixing,4
yahoo,modules,4
yahoo,moisture,4
yahoo,montalivet,4
yahoo,moore,4
yahoo,mor,4
yahoo,morality,4
yahoo,moron,4
yahoo,mosley,4
yahoo,mosquito,4
yahoo,motivate,4
yahoo,mount,4
yahoo,mtv,4
yahoo,mumbai,4
yahoo,musical,4
yahoo,mv,4
yahoo,n100,4
yahoo,n13,4
yahoo,n15w,4
yahoo,n50,4
yahoo,n8x,4
yahoo,nalways,4
yahoo,namerican,4
yahoo,nanny,4
yahoo,narutobuzz,4
yahoo,nasa,4
yahoo,nationality,4
yahoo,navailability,4
yahoo,navg,4
yahoo,navyav8r,4
yahoo,nazi,4
yahoo,nbasically,4
yahoo,nbelieve,4
yahoo,nblack,4
yahoo,nboth,4
yahoo,ncan,4
yahoo,nchristian,4
yahoo,ncoach,4
yahoo,ncodetta,4
yahoo,ncompetition,4
yahoo,ncontact,4
yahoo,ncorporate,4
yahoo,ndf,4
yahoo,ndivide,4
yahoo,nduquesne,4
yahoo,nearest,4
yahoo,neat,4
yahoo,nelly,4
yahoo,neosporin,4
yahoo,newbies,4
yahoo,newthisweek,4
yahoo,newton,4
yahoo,nexample,4
yahoo,nfeb,4
yahoo,nfunction,4
yahoo,ngeneral,4
yahoo,ngot,4
yahoo,nhs,4
yahoo,nhttps,4
yahoo,nhuman,4
yahoo,niana,4
yahoo,nic,4
yahoo,nick,4
yahoo,nightcrawlers,4
yahoo,nintroduction,4
yahoo,nj,4
yahoo,njermainea,4
yahoo,nlearn,4
yahoo,nlooks,4
yahoo,nlow,4
yahoo,nmanagement,4
yahoo,nmf,4
yahoo,nmr,4
yahoo,nname,4
yahoo,nnegatives,4
yahoo,nnext,4
yahoo,nnorth,4
yahoo,nnsw,4
yahoo,nnumber,4
yahoo,noah,4
yahoo,norm,4
yahoo,notation,4
yahoo,notherwise,4
yahoo,np1,4
yahoo,nremove,4
yahoo,nright,4
yahoo,nset,4
yahoo,nsleepless,4
yahoo,nsource,4
yahoo,nspecial,4
yahoo,nstarting,4
yahoo,nsting,4
yahoo,nsun,4
yahoo,ntap,4
yahoo,nth,4
yahoo,ntheres,4
yahoo,nthus,4
yahoo,ntom,4
yahoo,ntransition,4
yahoo,nturning,4
yahoo,ntype,4
yahoo,numerous,4
yahoo,nunited,4
yahoo,nutility,4
yahoo,nutrients,4
yahoo,nvidia,4
yahoo,nwater,4
yahoo,nwork,4
yahoo,nyeah,4
yahoo,nyear,4
yahoo,o2,4
yahoo,obc,4
yahoo,obesity,4
yahoo,obey,4
yahoo,ocd,4
yahoo,ocho,4
yahoo,oco,4
yahoo,officially,4
yahoo,oiler,4
yahoo,oj,4
yahoo,oranges,4
yahoo,orchestra,4
yahoo,organisation,4
yahoo,origins,4
yahoo,orleans,4
yahoo,ounces,4
yahoo,ourclassreunion,4
yahoo,overlooked,4
yahoo,owls,4
yahoo,p2,4
yahoo,p500,4
yahoo,paced,4
yahoo,pains,4
yahoo,pair,4
yahoo,pal,4
yahoo,panch,4
yahoo,panthers,4
yahoo,parameters,4
yahoo,parasite,4
yahoo,parenting,4
yahoo,partition,4
yahoo,passport,4
yahoo,patriotsquestion911,4
yahoo,patrol,4
yahoo,pcs,4
yahoo,pe,4
yahoo,pearl,4
yahoo,peices,4
yahoo,pellet,4
yahoo,pencil,4
yahoo,peoplefinders,4
yahoo,perfection,4
yahoo,performer,4
yahoo,peroxidase,4
yahoo,persecution,4
yahoo,persia,4
yahoo,personalized,4
yahoo,perspirant,4
yahoo,pharmacy,4
yahoo,phentermine,4
yahoo,phillips,4
yahoo,philosophical,4
yahoo,physician,4
yahoo,physiological,4
yahoo,picky,4
yahoo,pigs,4
yahoo,pile,4
yahoo,pipe,4
yahoo,pisses,4
yahoo,pitching,4
yahoo,pitt,4
yahoo,planned,4
yahoo,playoff,4
yahoo,plea,4
yahoo,pleased,4
yahoo,pleasing,4
yahoo,pluto,4
yahoo,plz,4
yahoo,pod,4
yahoo,poem,4
yahoo,pointers,4
yahoo,politically,4
yahoo,polluting,4
yahoo,polo,4
yahoo,polynomial,4
yahoo,polypeptide,4
yahoo,polyvinyl,4
yahoo,poorly,4
yahoo,pores,4
yahoo,pos,4
yahoo,poster,4
yahoo,posture,4
yahoo,pot,4
yahoo,poverty,4
yahoo,precise,4
yahoo,preferences,4
yahoo,preferred,4
yahoo,prejudice,4
yahoo,premiership,4
yahoo,presented,4
yahoo,pretext,4
yahoo,preventing,4
yahoo,prevention,4
yahoo,prevents,4
yahoo,printing,4
yahoo,priority,4
yahoo,probability,4
yahoo,probate,4
yahoo,processors,4
yahoo,proclamation,4
yahoo,profession,4
yahoo,professor,4
yahoo,professors,4
yahoo,profiles,4
yahoo,promotions,4
yahoo,prompt,4
yahoo,propaganda,4
yahoo,proportion,4
yahoo,psy,4
yahoo,ptsd,4
yahoo,publication,4
yahoo,publications,4
yahoo,pudding,4
yahoo,pune,4
yahoo,punjabi,4
yahoo,purer,4
yahoo,purevolume,4
yahoo,purifiers,4
yahoo,pushing,4
yahoo,quiere,4
yahoo,quiz,4
yahoo,qwerty,4
yahoo,r1,4
yahoo,r2,4
yahoo,racket,4
yahoo,radical,4
yahoo,raises,4
yahoo,randy,4
yahoo,raped,4
yahoo,rash,4
yahoo,rc,4
yahoo,reached,4
yahoo,readings,4
yahoo,realestate,4
yahoo,realistic,4
yahoo,reasonably,4
yahoo,reception,4
yahoo,recievers,4
yahoo,recomend,4
yahoo,redeem,4
yahoo,redemption,4
yahoo,refered,4
yahoo,refering,4
yahoo,reflected,4
yahoo,reflection,4
yahoo,refs,4
yahoo,regularly,4
yahoo,rehnquist,4
yahoo,relatives,4
yahoo,relaxed,4
yahoo,remainder,4
yahoo,remedy,4
yahoo,remembering,4
yahoo,remind,4
yahoo,remix,4
yahoo,removes,4
yahoo,repeatedly,4
yahoo,represents,4
yahoo,requested,4
yahoo,reset,4
yahoo,residency,4
yahoo,resist,4
yahoo,resistance,4
yahoo,resolve,4
yahoo,resort,4
yahoo,respiration,4
yahoo,restaurants,4
yahoo,restrict,4
yahoo,retarded,4
yahoo,returned,4
yahoo,reunion,4
yahoo,reveal,4
yahoo,revoked,4
yahoo,ribosomes,4
yahoo,rick,4
yahoo,rico,4
yahoo,ringtones,4
yahoo,rios,4
yahoo,rivers,4
yahoo,roger,4
yahoo,rolling,4
yahoo,rome,4
yahoo,roof,4
yahoo,roots,4
yahoo,roster,4
yahoo,rough,4
yahoo,row,4
yahoo,royce,4
yahoo,rs,4
yahoo,rubbing,4
yahoo,runway,4
yahoo,sacride,4
yahoo,safely,4
yahoo,safer,4
yahoo,sake,4
yahoo,salty,4
yahoo,satellite,4
yahoo,satisfied,4
yahoo,saucer,4
yahoo,sba,4
yahoo,scenario,4
yahoo,sci,4
yahoo,scope,4
yahoo,scotland,4
yahoo,screaming,4
yahoo,screwing,4
yahoo,sees,4
yahoo,seinfield,4
yahoo,selena,4
yahoo,senator,4
yahoo,serendipitous,4
yahoo,servlet,4
yahoo,servo,4
yahoo,session,4
yahoo,settle,4
yahoo,shakira,4
yahoo,shamrock,4
yahoo,shaq,4
yahoo,sharpton,4
yahoo,shave,4
yahoo,sheer,4
yahoo,shells,4
yahoo,shias,4
yahoo,shock,4
yahoo,shops,4
yahoo,shoulder,4
yahoo,shrink,4
yahoo,sici,4
yahoo,sidney,4
yahoo,signup,4
yahoo,similarities,4
yahoo,simplified,4
yahoo,sincerely,4
yahoo,singapore,4
yahoo,sinners,4
yahoo,sir,4
yahoo,sits,4
yahoo,skirt,4
yahoo,slavery,4
yahoo,slv1,4
yahoo,smack,4
yahoo,smallest,4
yahoo,smelled,4
yahoo,smiles,4
yahoo,sniff,4
yahoo,sober,4
yahoo,someday,4
yahoo,sooooo,4
yahoo,soundclick,4
yahoo,sourceforge,4
yahoo,spanking,4
yahoo,sparknotes,4
yahoo,specified,4
yahoo,speeding,4
yahoo,speeds,4
yahoo,sphere,4
yahoo,spike,4
yahoo,spinner,4
yahoo,spinning,4
yahoo,sponge,4
yahoo,sponsors,4
yahoo,spontaneous,4
yahoo,spoon,4
yahoo,spy,4
yahoo,stability,4
yahoo,starters,4
yahoo,state1,4
yahoo,state2,4
yahoo,stationed,4
yahoo,steak,4
yahoo,steelers,4
yahoo,stewart,4
yahoo,sticking,4
yahoo,sticks,4
yahoo,stimulation,4
yahoo,stole,4
yahoo,stood,4
yahoo,stored,4
yahoo,stratosphere,4
yahoo,streams,4
yahoo,strengthen,4
yahoo,struggle,4
yahoo,stuffed,4
yahoo,stunts,4
yahoo,subbing,4
yahoo,substances,4
yahoo,substantial,4
yahoo,subtract,4
yahoo,subway,4
yahoo,successfully,4
yahoo,sufficient,4
yahoo,sugars,4
yahoo,suh,4
yahoo,suis,4
yahoo,suitable,4
yahoo,suits,4
yahoo,supported,4
yahoo,surf,4
yahoo,surgeon,4
yahoo,surround,4
yahoo,surrounded,4
yahoo,suspended,4
yahoo,suspicious,4
yahoo,suv,4
yahoo,sux,4
yahoo,swamp,4
yahoo,swiss,4
yahoo,swollen,4
yahoo,sydney,4
yahoo,syllabus,4
yahoo,syrup,4
yahoo,sz,4
yahoo,tablature,4
yahoo,tablets,4
yahoo,tait,4
yahoo,tale,4
yahoo,talented,4
yahoo,talked,4
yahoo,tao,4
yahoo,taoism,4
yahoo,tap,4
yahoo,tear,4
yahoo,ted,4
yahoo,teen,4
yahoo,teenage,4
yahoo,teh,4
yahoo,telemarketing,4
yahoo,temp,4
yahoo,template,4
yahoo,tesla,4
yahoo,thay,4
yahoo,theaters,4
yahoo,theoretical,4
yahoo,therapeutic,4
yahoo,therapies,4
yahoo,thermometer,4
yahoo,thief,4
yahoo,thierry,4
yahoo,thou,4
yahoo,thread,4
yahoo,thrive,4
yahoo,tht,4
yahoo,tidal,4
yahoo,tides,4
yahoo,til,4
yahoo,timing,4
yahoo,tire,4
yahoo,tires,4
yahoo,tna,4
yahoo,tone,4
yahoo,toolbars,4
yahoo,topical,4
yahoo,totti,4
yahoo,tourism,4
yahoo,tous,4
yahoo,towel,4
yahoo,toys,4
yahoo,tr,4
yahoo,trademark,4
yahoo,traditionally,4
yahoo,traditions,4
yahoo,trainer,4
yahoo,transcription,4
yahoo,translated,4
yahoo,travelled,4
yahoo,treatments,4
yahoo,trees,4
yahoo,trend,4
yahoo,trials,4
yahoo,tribes,4
yahoo,trim,4
yahoo,trna,4
yahoo,trolled,4
yahoo,tropical,4
yahoo,trusts,4
yahoo,trys,4
yahoo,tuition,4
yahoo,tunes,4
yahoo,tyrosine,4
yahoo,u2,4
yahoo,uhm,4
yahoo,ultimately,4
yahoo,unbalanced,4
yahoo,unconditionally,4
yahoo,underneath,4
yahoo,understood,4
yahoo,unfair,4
yahoo,unhealthy,4
yahoo,unlimited,4
yahoo,unnecessary,4
yahoo,unrelated,4
yahoo,unusual,4
yahoo,unwilling,4
yahoo,urge,4
yahoo,utexas,4
yahoo,uv,4
yahoo,uw,4
yahoo,vacationing,4
yahoo,validate,4
yahoo,valuation,4
yahoo,vapor,4
yahoo,variations,4
yahoo,verbal,4
yahoo,verified,4
yahoo,vg,4
yahoo,vhf,4
yahoo,viable,4
yahoo,vial,4
yahoo,victem,4
yahoo,viewed,4
yahoo,violet,4
yahoo,virginia,4
yahoo,virtually,4
yahoo,vodka,4
yahoo,wakefield,4
yahoo,warts,4
yahoo,wats,4
yahoo,wavelength,4
yahoo,wears,4
yahoo,webmd,4
yahoo,webpage,4
yahoo,webstation,4
yahoo,wendy,4
yahoo,wet,4
yahoo,wether,4
yahoo,wherein,4
yahoo,whilst,4
yahoo,whitepages,4
yahoo,wider,4
yahoo,widow,4
yahoo,wildebeest,4
yahoo,willy,4
yahoo,witnesses,4
yahoo,worm,4
yahoo,www1,4
yahoo,x2,4
yahoo,xanax,4
yahoo,xml,4
yahoo,xperience,4
yahoo,xx,4
yahoo,y2,4
yahoo,yakas,4
yahoo,yall,4
yahoo,yankees,4
yahoo,zeppelin,4
yahoo,zinedine,4
yahoo,035,3
yahoo,045,3
yahoo,07,3
yahoo,078,3
yahoo,09,3
yahoo,10435,3
yahoo,10447467,3
yahoo,10465074,3
yahoo,10495177,3
yahoo,10500177,3
yahoo,10503939,3
yahoo,1099,3
yahoo,10k,3
yahoo,11th,3
yahoo,1200,3
yahoo,125,3
yahoo,12th,3
yahoo,12y,3
yahoo,133,3
yahoo,1367,3
yahoo,150m,3
yahoo,152,3
yahoo,154,3
yahoo,15min,3
yahoo,160,3
yahoo,165,3
yahoo,16th,3
yahoo,1789,3
yahoo,1848,3
yahoo,1899,3
yahoo,1917,3
yahoo,192,3
yahoo,1930,3
yahoo,1940s,3
yahoo,1947,3
yahoo,1955,3
yahoo,1960,3
yahoo,1980s,3
yahoo,1984,3
yahoo,1985,3
yahoo,1986,3
yahoo,1987,3
yahoo,199,3
yahoo,2010,3
yahoo,2050,3
yahoo,240,3
yahoo,244,3
yahoo,245,3
yahoo,269270c98c51,3
yahoo,26hl,3
yahoo,26lr,3
yahoo,26svnum,3
yahoo,2821,3
yahoo,29c,3
yahoo,2ah,3
yahoo,30v,3
yahoo,312,3
yahoo,32bit,3
yahoo,330,3
yahoo,35000exp,3
yahoo,3d10,3
yahoo,3den,3
yahoo,3fq,3
yahoo,440,3
yahoo,47720,3
yahoo,49ers,3
yahoo,525,3
yahoo,54,3
yahoo,555,3
yahoo,557,3
yahoo,57,3
yahoo,5i,3
yahoo,675,3
yahoo,6m,3
yahoo,747,3
yahoo,77067,3
yahoo,791,3
yahoo,80s,3
yahoo,825,3
yahoo,86400,3
yahoo,87,3
yahoo,881,3
yahoo,8887,3
yahoo,8w,3
yahoo,8x,3
yahoo,940,3
yahoo,96,3
yahoo,abandoned,3
yahoo,aberdeen,3
yahoo,abidal,3
yahoo,abracadabra,3
yahoo,abraham,3
yahoo,absorbing,3
yahoo,absurd,3
yahoo,acceleration,3
yahoo,acceptance,3
yahoo,accepted,3
yahoo,accessories,3
yahoo,accomplish,3
yahoo,accomplishment,3
yahoo,accquired,3
yahoo,accumulation,3
yahoo,accuse,3
yahoo,achange,3
yahoo,achieving,3
yahoo,acmilan,3
yahoo,acs,3
yahoo,adamski,3
yahoo,adaware,3
yahoo,addict,3
yahoo,addicted,3
yahoo,addurl,3
yahoo,adin,3
yahoo,adjective,3
yahoo,adjusting,3
yahoo,adopt,3
yahoo,adverse,3
yahoo,advisable,3
yahoo,adware,3
yahoo,affection,3
yahoo,affirm,3
yahoo,affluent,3
yahoo,aggression,3
yahoo,agreements,3
yahoo,ako,3
yahoo,alexander,3
yahoo,alibris,3
yahoo,alittle,3
yahoo,aliyah,3
yahoo,allways,3
yahoo,almighty,3
yahoo,almoheet,3
yahoo,alt,3
yahoo,altered,3
yahoo,alternate,3
yahoo,ama,3
yahoo,amen,3
yahoo,amerian,3
yahoo,americas,3
yahoo,amos,3
yahoo,ana,3
yahoo,analog,3
yahoo,anarchy,3
yahoo,anchorage,3
yahoo,anderson,3
yahoo,andes,3
yahoo,andrea,3
yahoo,anesthesia,3
yahoo,anette,3
yahoo,angeles,3
yahoo,angels,3
yahoo,anger,3
yahoo,angola,3
yahoo,animalsatoz,3
yahoo,animeepisode,3
yahoo,ankle,3
yahoo,announce,3
yahoo,annualcreditreport,3
yahoo,answerers,3
yahoo,answser,3
yahoo,antennas,3
yahoo,anticodons,3
yahoo,antiparticle,3
yahoo,anxious,3
yahoo,anywho,3
yahoo,apartments,3
yahoo,apec,3
yahoo,apes,3
yahoo,app,3
yahoo,apparent,3
yahoo,appeared,3
yahoo,appliances,3
yahoo,appointments,3
yahoo,appreciation,3
yahoo,apt,3
yahoo,ar,3
yahoo,arabs,3
yahoo,arctos,3
yahoo,arizona,3
yahoo,arrangements,3
yahoo,arranges,3
yahoo,arrive,3
yahoo,arrogance,3
yahoo,artificial,3
yahoo,as9,3
yahoo,ascending,3
yahoo,asker,3
yahoo,askin,3
yahoo,assembly,3
yahoo,assessed,3
yahoo,assigend,3
yahoo,assigned,3
yahoo,assists,3
yahoo,assumptions,3
yahoo,astronauts,3
yahoo,aswell,3
yahoo,ate,3
yahoo,atheists,3
yahoo,athletes,3
yahoo,atrocity,3
yahoo,atspace,3
yahoo,attaches,3
yahoo,attachment,3
yahoo,attempted,3
yahoo,attempting,3
yahoo,attributes,3
yahoo,aura,3
yahoo,austin,3
yahoo,australian,3
yahoo,austria,3
yahoo,authorized,3
yahoo,autism,3
yahoo,avec,3
yahoo,awareness,3
yahoo,awful,3
yahoo,azlyrics,3
yahoo,azz,3
yahoo,b4usearch,3
yahoo,babelfish,3
yahoo,babysit,3
yahoo,bachelors,3
yahoo,backboard,3
yahoo,baffled,3
yahoo,bailey,3
yahoo,baits,3
yahoo,baking,3
yahoo,balancing,3
yahoo,ballet,3
yahoo,banana,3
yahoo,bandwidth,3
yahoo,banking,3
yahoo,baptist,3
yahoo,barbaric,3
yahoo,barenaked,3
yahoo,barn,3
yahoo,barrel,3
yahoo,barry,3
yahoo,bars,3
yahoo,bases,3
yahoo,basseterre,3
yahoo,baths,3
yahoo,batman,3
yahoo,batsman,3
yahoo,beacuse,3
yahoo,bearded,3
yahoo,bearing,3
yahoo,beast,3
yahoo,beasts,3
yahoo,beautifully,3
yahoo,becky,3
yahoo,beg,3
yahoo,believers,3
yahoo,beloved,3
yahoo,bench,3
yahoo,beneficial,3
yahoo,bennett,3
yahoo,berardi,3
yahoo,betty,3
yahoo,beware,3
yahoo,bhai,3
yahoo,bhawalpur,3
yahoo,bicycle,3
yahoo,billetera,3
yahoo,billy,3
yahoo,bipolar,3
yahoo,bites,3
yahoo,bitter,3
yahoo,blaine,3
yahoo,blimp,3
yahoo,blocked,3
yahoo,blockers,3
yahoo,blond,3
yahoo,blowing,3
yahoo,blown,3
yahoo,blu,3
yahoo,blueprints,3
yahoo,bodybuilding,3
yahoo,bollywood,3
yahoo,bomb,3
yahoo,bon,3
yahoo,bonding,3
yahoo,bono,3
yahoo,boo,3
yahoo,booze,3
yahoo,bore,3
yahoo,borland,3
yahoo,borne,3
yahoo,borrowed,3
yahoo,bouncing,3
yahoo,bowie,3
yahoo,braces,3
yahoo,bracket,3
yahoo,brad,3
yahoo,braincells,3
yahoo,brains,3
yahoo,brake,3
yahoo,branches,3
yahoo,brands,3
yahoo,brat,3
yahoo,breasts,3
yahoo,breathe,3
yahoo,brenda,3
yahoo,briggs,3
yahoo,bronx,3
yahoo,bruce,3
yahoo,bruises,3
yahoo,bryant,3
yahoo,btng,3
yahoo,bubbles,3
yahoo,bubbly,3
yahoo,budgets,3
yahoo,buffy,3
yahoo,bullet,3
yahoo,bulls,3
yahoo,bummer,3
yahoo,bump,3
yahoo,burner,3
yahoo,burnt,3
yahoo,burton,3
yahoo,butterflies,3
yahoo,bypass,3
yahoo,cafe,3
yahoo,calcium,3
yahoo,calculation,3
yahoo,cali,3
yahoo,calif,3
yahoo,camoranesi,3
yahoo,campaigning,3
yahoo,canadians,3
yahoo,cannon,3
yahoo,capabilities,3
yahoo,cape,3
yahoo,capillaries,3
yahoo,capitol,3
yahoo,carb,3
yahoo,carbohydrate,3
yahoo,cardboard,3
yahoo,cardiomyopathy,3
yahoo,caregiver,3
yahoo,carl,3
yahoo,carlos,3
yahoo,carlsbad,3
yahoo,carpet,3
yahoo,carrots,3
yahoo,cartilage,3
yahoo,casablanca,3
yahoo,casino,3
yahoo,cast,3
yahoo,caste,3
yahoo,castle,3
yahoo,catalase,3
yahoo,catalogue,3
yahoo,catcher,3
yahoo,catching,3
yahoo,catterpillar,3
yahoo,cave,3
yahoo,cc,3
yahoo,celeb,3
yahoo,celebrates,3
yahoo,cellulose,3
yahoo,cena,3
yahoo,cent,3
yahoo,centerd,3
yahoo,centers,3
yahoo,cereal,3
yahoo,cesium,3
yahoo,cfl,3
yahoo,challenged,3
yahoo,chaos,3
yahoo,characteristics,3
yahoo,charities,3
yahoo,chase,3
yahoo,checker,3
yahoo,checklist,3
yahoo,cheek,3
yahoo,cheering,3
yahoo,cheesy,3
yahoo,cherokee,3
yahoo,chicks,3
yahoo,childs,3
yahoo,chile,3
yahoo,chiropractic,3
yahoo,chivas,3
yahoo,chloride,3
yahoo,chlorzoxazone,3
yahoo,christina,3
yahoo,chub,3
yahoo,chuckle,3
yahoo,cigarette,3
yahoo,cincy,3
yahoo,circumference,3
yahoo,civilian,3
yahoo,civilization,3
yahoo,claude,3
yahoo,cleaning,3
yahoo,clearance,3
yahoo,clearing,3
yahoo,clears,3
yahoo,cling,3
yahoo,clinics,3
yahoo,clint,3
yahoo,closure,3
yahoo,cluster,3
yahoo,cms,3
yahoo,cna,3
yahoo,coached,3
yahoo,cockroach,3
yahoo,cockroaches,3
yahoo,codecs,3
yahoo,coding,3
yahoo,codons,3
yahoo,coils,3
yahoo,coincide,3
yahoo,collage,3
yahoo,collapse,3
yahoo,colleagues,3
yahoo,collected,3
yahoo,collecting,3
yahoo,collections,3
yahoo,colon,3
yahoo,colonial,3
yahoo,colorado,3
yahoo,combines,3
yahoo,combustion,3
yahoo,commander,3
yahoo,commnunities,3
yahoo,commute,3
yahoo,compensation,3
yahoo,complaing,3
yahoo,compound,3
yahoo,comprehensive,3
yahoo,compressed,3
yahoo,concepts,3
yahoo,concert,3
yahoo,conditioner,3
yahoo,condom,3
yahoo,condoms,3
yahoo,confederate,3
yahoo,confirmation,3
yahoo,confront,3
yahoo,congrats,3
yahoo,congressman,3
yahoo,connick,3
yahoo,consideration,3
yahoo,constellation,3
yahoo,consulate,3
yahoo,consultant,3
yahoo,consume,3
yahoo,consuming,3
yahoo,contacts,3
yahoo,contagious,3
yahoo,containers,3
yahoo,contents,3
yahoo,contest,3
yahoo,continents,3
yahoo,continued,3
yahoo,continuously,3
yahoo,contractions,3
yahoo,controversial,3
yahoo,convent,3
yahoo,convertible,3
yahoo,convertibles,3
yahoo,converts,3
yahoo,cooler,3
yahoo,cooling,3
yahoo,cope,3
yahoo,copyright,3
yahoo,corrected,3
yahoo,correctness,3
yahoo,corrupted,3
yahoo,cortisol,3
yahoo,costing,3
yahoo,costume,3
yahoo,cou,3
yahoo,countdown,3
yahoo,counted,3
yahoo,couples,3
yahoo,courtney,3
yahoo,covalently,3
yahoo,covering,3
yahoo,cowboy,3
yahoo,cows,3
yahoo,cpr,3
yahoo,cradle,3
yahoo,cramps,3
yahoo,crash,3
yahoo,creams,3
yahoo,credits,3
yahoo,creepin,3
yahoo,creepy,3
yahoo,critical,3
yahoo,crossing,3
yahoo,crow,3
yahoo,crowds,3
yahoo,crunch,3
yahoo,csiro,3
yahoo,csq,3
yahoo,cud,3
yahoo,cultures,3
yahoo,cum,3
yahoo,cured,3
yahoo,curiosity,3
yahoo,cursed,3
yahoo,customs,3
yahoo,dairy,3
yahoo,dallas,3
yahoo,damages,3
yahoo,dame,3
yahoo,damp,3
yahoo,dances,3
yahoo,dandruff,3
yahoo,daniel,3
yahoo,darkness,3
yahoo,darwin,3
yahoo,db,3
yahoo,dba,3
yahoo,deadman,3
yahoo,debuted,3
yahoo,decimalformat,3
yahoo,decisive,3
yahoo,decline,3
yahoo,deductions,3
yahoo,deere,3
yahoo,defeat,3
yahoo,defender,3
yahoo,defensive,3
yahoo,deffintly,3
yahoo,defines,3
yahoo,definetly,3
yahoo,deluded,3
yahoo,dem,3
yahoo,denial,3
yahoo,denise,3
yahoo,denoted,3
yahoo,dense,3
yahoo,deported,3
yahoo,depressing,3
yahoo,depressions,3
yahoo,derivative,3
yahoo,dermatologist,3
yahoo,desabol,3
yahoo,desecrated,3
yahoo,deserts,3
yahoo,designer,3
yahoo,designers,3
yahoo,desirable,3
yahoo,desired,3
yahoo,desires,3
yahoo,destiny,3
yahoo,detects,3
yahoo,detergent,3
yahoo,determines,3
yahoo,detroys,3
yahoo,develops,3
yahoo,devils,3
yahoo,devoid,3
yahoo,diagnosis,3
yahoo,dialect,3
yahoo,diamond,3
yahoo,dicaprio,3
yahoo,diego,3
yahoo,dieting,3
yahoo,differs,3
yahoo,dignity,3
yahoo,dim,3
yahoo,din,3
yahoo,dinosaur,3
yahoo,dipping,3
yahoo,directoryx,3
yahoo,discarded,3
yahoo,disciple,3
yahoo,discrete,3
yahoo,discussions,3
yahoo,disneyworld,3
yahoo,dispute,3
yahoo,diss,3
yahoo,dissed,3
yahoo,distillate,3
yahoo,distinct,3
yahoo,districts,3
yahoo,distruction,3
yahoo,disturbances,3
yahoo,ditch,3
yahoo,dive,3
yahoo,diverse,3
yahoo,divination,3
yahoo,dj,3
yahoo,documented,3
yahoo,doll,3
yahoo,doo,3
yahoo,doors,3
yahoo,dosage,3
yahoo,dotted,3
yahoo,doubtful,3
yahoo,drama,3
yahoo,dramatic,3
yahoo,draws,3
yahoo,dripping,3
yahoo,driverguide,3
yahoo,drooling,3
yahoo,drove,3
yahoo,duality,3
yahoo,duals,3
yahoo,dull,3
yahoo,dumber,3
yahoo,dynamite,3
yahoo,eample,3
yahoo,earths,3
yahoo,economically,3
yahoo,eddie,3
yahoo,educate,3
yahoo,effected,3
yahoo,effectively,3
yahoo,egyptian,3
yahoo,eh,3
yahoo,elect,3
yahoo,electrodes,3
yahoo,eligibility,3
yahoo,elijah,3
yahoo,eliminates,3
yahoo,elite,3
yahoo,elmer,3
yahoo,elsewhere,3
yahoo,emailaddresses,3
yahoo,embarrassed,3
yahoo,embryo,3
yahoo,emf,3
yahoo,emission,3
yahoo,emissions,3
yahoo,emphasis,3
yahoo,enabled,3
yahoo,enamel,3
yahoo,encarta,3
yahoo,encouraged,3
yahoo,encouraging,3
yahoo,encrypt,3
yahoo,enemies,3
yahoo,energies,3
yahoo,engadget,3
yahoo,engage,3
yahoo,engaging,3
yahoo,engineers,3
yahoo,enhanced,3
yahoo,entendu,3
yahoo,entering,3
yahoo,enters,3
yahoo,entertaining,3
yahoo,entries,3
yahoo,equities,3
yahoo,equity,3
yahoo,esposito,3
yahoo,estimate,3
yahoo,eternal,3
yahoo,evangelist,3
yahoo,evils,3
yahoo,ewido,3
yahoo,exchanges,3
yahoo,exempted,3
yahoo,existance,3
yahoo,expansion,3
yahoo,explored,3
yahoo,explosion,3
yahoo,explosive,3
yahoo,explosives,3
yahoo,extinct,3
yahoo,extraordinary,3
yahoo,extremist,3
yahoo,f1,3
yahoo,fa,3
yahoo,fabulous,3
yahoo,facebook,3
yahoo,fairy,3
yahoo,fait,3
yahoo,fakes,3
yahoo,falabella,3
yahoo,fallen,3
yahoo,fancy,3
yahoo,farmer,3
yahoo,farthest,3
yahoo,faves,3
yahoo,fbi,3
yahoo,featuring,3
yahoo,fecl3,3
yahoo,felix,3
yahoo,fellow,3
yahoo,felony,3
yahoo,feminist,3
yahoo,fences,3
yahoo,ferguson,3
yahoo,fetish,3
yahoo,fictional,3
yahoo,figured,3
yahoo,filter,3
yahoo,filtering,3
yahoo,finals,3
yahoo,findarticles,3
yahoo,finishes,3
yahoo,firend,3
yahoo,fission,3
yahoo,fist,3
yahoo,flags,3
yahoo,flame,3
yahoo,flaws,3
yahoo,flew,3
yahoo,flv,3
yahoo,flys,3
yahoo,folk,3
yahoo,followers,3
yahoo,fond,3
yahoo,fooling,3
yahoo,footage,3
yahoo,forbidden,3
yahoo,forerunners,3
yahoo,forgiven,3
yahoo,forgiveness,3
yahoo,fortheir,3
yahoo,fortunately,3
yahoo,forwarded,3
yahoo,founded,3
yahoo,fragile,3
yahoo,francesco,3
yahoo,franchisee,3
yahoo,francis,3
yahoo,fransisco,3
yahoo,fraternities,3
yahoo,fray,3
yahoo,freaks,3
yahoo,fred,3
yahoo,freddy,3
yahoo,fredom,3
yahoo,freebies,3
yahoo,freejapaneselessons,3
yahoo,freeprf,3
yahoo,fridge,3
yahoo,friendid,3
yahoo,froogle,3
yahoo,ftw,3
yahoo,funnier,3
yahoo,furtado,3
yahoo,fury,3
yahoo,fusion,3
yahoo,gains,3
yahoo,gallons,3
yahoo,gals,3
yahoo,gangsters,3
yahoo,ganguly,3
yahoo,garage,3
yahoo,garbage,3
yahoo,gatherers,3
yahoo,gatogewi,3
yahoo,gayla,3
yahoo,gays,3
yahoo,gb,3
yahoo,ge,3
yahoo,gears,3
yahoo,gee,3
yahoo,gemini,3
yahoo,generations,3
yahoo,generator,3
yahoo,genitals,3
yahoo,germ,3
yahoo,giburger,3
yahoo,gilman,3
yahoo,gin,3
yahoo,glossary,3
yahoo,glow,3
yahoo,gnarls,3
yahoo,goalie,3
yahoo,goat,3
yahoo,goddess,3
yahoo,goodbye,3
yahoo,gooders,3
yahoo,gop,3
yahoo,gosling,3
yahoo,goto,3
yahoo,grain,3
yahoo,grammar,3
yahoo,grandparents,3
yahoo,grasp,3
yahoo,gray,3
yahoo,grease,3
yahoo,greece,3
yahoo,greed,3
yahoo,greenland,3
yahoo,greg,3
yahoo,gretzky,3
yahoo,grind,3
yahoo,groove,3
yahoo,grossman,3
yahoo,grounded,3
yahoo,grows,3
yahoo,guardian,3
yahoo,guards,3
yahoo,guesses,3
yahoo,guests,3
yahoo,guilds,3
yahoo,guinness,3
yahoo,gulf,3
yahoo,gums,3
yahoo,gut,3
yahoo,gyno,3
yahoo,hae,3
yahoo,hahahah,3
yahoo,hai,3
yahoo,halves,3
yahoo,hardcore,3
yahoo,hating,3
yahoo,hatred,3
yahoo,headache,3
yahoo,headers,3
yahoo,heading,3
yahoo,headquarters,3
yahoo,healer,3
yahoo,heavyweight,3
yahoo,heavyweights,3
yahoo,heh,3
yahoo,helen,3
yahoo,hemoglobin,3
yahoo,herald,3
yahoo,hercules,3
yahoo,heritage,3
yahoo,hesitate,3
yahoo,highlights,3
yahoo,highs,3
yahoo,highway,3
yahoo,hilary,3
yahoo,hippocrate,3
yahoo,hippopotamus,3
yahoo,hires,3
yahoo,hives,3
yahoo,hk,3
yahoo,hog,3
yahoo,holder,3
yahoo,holds,3
yahoo,holocaust,3
yahoo,homeschool,3
yahoo,homosexuality,3
yahoo,hone,3
yahoo,honesty,3
yahoo,honorable,3
yahoo,honoring,3
yahoo,hood,3
yahoo,hook,3
yahoo,hopes,3
yahoo,hoping,3
yahoo,hopping,3
yahoo,horn,3
yahoo,horrific,3
yahoo,hostile,3
yahoo,hottest,3
yahoo,household,3
yahoo,hudson,3
yahoo,hughes,3
yahoo,hula,3
yahoo,humid,3
yahoo,humiliating,3
yahoo,humping,3
yahoo,hung,3
yahoo,husbands,3
yahoo,hydrated,3
yahoo,hymns,3
yahoo,hz,3
yahoo,ia,3
yahoo,iau,3
yahoo,icing,3
yahoo,identification,3
yahoo,idol,3
yahoo,ignoring,3
yahoo,iis,3
yahoo,imaginations,3
yahoo,imaging,3
yahoo,imbalance,3
yahoo,imgrefurl,3
yahoo,imgres,3
yahoo,imgurl,3
yahoo,immmediately,3
yahoo,imperfect,3
yahoo,implemented,3
yahoo,implied,3
yahoo,impression,3
yahoo,impulses,3
yahoo,incoming,3
yahoo,independence,3
yahoo,indians,3
yahoo,indicating,3
yahoo,indication,3
yahoo,indigo,3
yahoo,indivuals,3
yahoo,induced,3
yahoo,indystry,3
yahoo,infatuation,3
yahoo,infect,3
yahoo,inform,3
yahoo,ing,3
yahoo,ingenious,3
yahoo,ingredient,3
yahoo,inhaler,3
yahoo,inital,3
yahoo,injection,3
yahoo,injuring,3
yahoo,ink,3
yahoo,inputs,3
yahoo,inquire,3
yahoo,insects,3
yahoo,insecure,3
yahoo,insecurity,3
yahoo,insensitive,3
yahoo,insight,3
yahoo,inspectors,3
yahoo,inspirational,3
yahoo,instances,3
yahoo,instantly,3
yahoo,instilled,3
yahoo,institution,3
yahoo,institutions,3
yahoo,insured,3
yahoo,integrated,3
yahoo,intelious,3
yahoo,intentions,3
yahoo,interact,3
yahoo,interference,3
yahoo,interpreted,3
yahoo,intertwine,3
yahoo,intl,3
yahoo,intricate,3
yahoo,introducing,3
yahoo,introduction,3
yahoo,ints,3
yahoo,invaded,3
yahoo,invent,3
yahoo,invites,3
yahoo,ions,3
yahoo,ira,3
yahoo,iranians,3
yahoo,irony,3
yahoo,irrelevant,3
yahoo,isolated,3
yahoo,italians,3
yahoo,italics,3
yahoo,itches,3
yahoo,ja,3
yahoo,jacket,3
yahoo,jackie,3
yahoo,jainism,3
yahoo,jas,3
yahoo,jasc,3
yahoo,jeep,3
yahoo,jeez,3
yahoo,jeopardy,3
yahoo,joined,3
yahoo,jonathan,3
yahoo,jose,3
yahoo,journalling,3
yahoo,js,3
yahoo,jsut,3
yahoo,judas,3
yahoo,judges,3
yahoo,julius,3
yahoo,jumped,3
yahoo,kaka,3
yahoo,kaplan,3
yahoo,karl,3
yahoo,karo,3
yahoo,keepsakes,3
yahoo,keith,3
yahoo,keller,3
yahoo,kernel,3
yahoo,keylogger,3
yahoo,keyword,3
yahoo,keywords,3
yahoo,khali,3
yahoo,kicking,3
yahoo,killers,3
yahoo,kirk,3
yahoo,kmart,3
yahoo,kn,3
yahoo,kong,3
yahoo,kookoo,3
yahoo,koyota,3
yahoo,kris,3
yahoo,kt,3
yahoo,kubrick,3
yahoo,lab,3
yahoo,labeled,3
yahoo,lad,3
yahoo,lang,3
yahoo,lap,3
yahoo,laps,3
yahoo,latino,3
yahoo,laughs,3
yahoo,laundry,3
yahoo,laxman,3
yahoo,laying,3
yahoo,layout,3
yahoo,lb,3
yahoo,leaderboard,3
yahoo,leaks,3
yahoo,leaves,3
yahoo,lectures,3
yahoo,leeann,3
yahoo,lefty,3
yahoo,legalized,3
yahoo,legend,3
yahoo,legislature,3
yahoo,lend,3
yahoo,lending,3
yahoo,lengths,3
yahoo,lengthy,3
yahoo,lennon,3
yahoo,leonardo,3
yahoo,leviticus,3
yahoo,li,3
yahoo,liberty,3
yahoo,librarian,3
yahoo,licenses,3
yahoo,liens,3
yahoo,lies,3
yahoo,lifes,3
yahoo,lifted,3
yahoo,ligaments,3
yahoo,likewise,3
yahoo,linda,3
yahoo,linksys,3
yahoo,listening,3
yahoo,literacy,3
yahoo,llaves,3
yahoo,loaded,3
yahoo,locks,3
yahoo,loop,3
yahoo,looser,3
yahoo,loosing,3
yahoo,lordic,3
yahoo,loveable,3
yahoo,lowered,3
yahoo,loyal,3
yahoo,lulas,3
yahoo,luv,3
yahoo,lyon,3
yahoo,madison,3
yahoo,madonna,3
yahoo,magdalene,3
yahoo,malachi,3
yahoo,malaysia,3
yahoo,malaysian,3
yahoo,males,3
yahoo,manipulation,3
yahoo,manners,3
yahoo,manning,3
yahoo,mans,3
yahoo,mantle,3
yahoo,manufacturing,3
yahoo,margaret,3
yahoo,marketable,3
yahoo,marketed,3
yahoo,markets,3
yahoo,marta,3
yahoo,martha,3
yahoo,martian,3
yahoo,marvel,3
yahoo,massachusetts,3
yahoo,massless,3
yahoo,mast,3
yahoo,mastery,3
yahoo,masturbate,3
yahoo,materialistic,3
yahoo,matinee,3
yahoo,matlab,3
yahoo,mattress,3
yahoo,maurice,3
yahoo,mavs,3
yahoo,mcadams,3
yahoo,mcat,3
yahoo,mcdonald,3
yahoo,mclachlan,3
yahoo,meaningful,3
yahoo,measurement,3
yahoo,medalist,3
yahoo,medicaid,3
yahoo,medieval,3
yahoo,megapixel,3
yahoo,melt,3
yahoo,memorial,3
yahoo,mend,3
yahoo,meps,3
yahoo,merely,3
yahoo,meritocracy,3
yahoo,metastasis,3
yahoo,mets,3
yahoo,mex,3
yahoo,mf,3
yahoo,middles,3
yahoo,midi,3
yahoo,mighty,3
yahoo,mil,3
yahoo,mileage,3
yahoo,mill,3
yahoo,milli,3
yahoo,mines,3
yahoo,mini,3
yahoo,ministries,3
yahoo,minority,3
yahoo,miscategorized,3
yahoo,misery,3
yahoo,misrepresentation,3
yahoo,misunderstanding,3
yahoo,misunderstood,3
yahoo,mmm,3
yahoo,mn,3
yahoo,mock,3
yahoo,mocking,3
yahoo,mohammed,3
yahoo,molar,3
yahoo,mon,3
yahoo,monitoring,3
yahoo,monitors,3
yahoo,monkey,3
yahoo,monument,3
yahoo,moors,3
yahoo,morgan,3
yahoo,mortgages,3
yahoo,motel,3
yahoo,mov,3
yahoo,mower,3
yahoo,mp3raid,3
yahoo,mph,3
yahoo,mrs,3
yahoo,mud,3
yahoo,mufflers,3
yahoo,muhammed,3
yahoo,multimedia,3
yahoo,multiplication,3
yahoo,multiplying,3
yahoo,multitude,3
yahoo,murdered,3
yahoo,mysterio,3
yahoo,n11,3
yahoo,n12w,3
yahoo,n30,3
yahoo,n40,3
yahoo,n5x,3
yahoo,nacl,3
yahoo,nadj,3
yahoo,nadmission,3
yahoo,nadv,3
yahoo,nanoseconds,3
yahoo,nanotechnology,3
yahoo,napoleon,3
yahoo,narea,3
yahoo,narm,3
yahoo,naround,3
yahoo,narrator,3
yahoo,nascar,3
yahoo,nationalism,3
yahoo,naustralia,3
yahoo,navel,3
yahoo,nbc,3
yahoo,nblue,3
yahoo,nbusiness,3
yahoo,ncar,3
yahoo,ncause,3
yahoo,ncelsius,3
yahoo,nchorus,3
yahoo,nclb,3
yahoo,ndaniel,3
yahoo,ndiet,3
yahoo,ndim,3
yahoo,ndownload,3
yahoo,ndrink,3
yahoo,neach,3
yahoo,nearby,3
yahoo,neasy,3
yahoo,nebraska,3
yahoo,neccesity,3
yahoo,needles,3
yahoo,needless,3
yahoo,negativity,3
yahoo,negotiate,3
yahoo,nelectrons,3
yahoo,nenjoy,3
yahoo,nenough,3
yahoo,nerd,3
yahoo,neric,3
yahoo,neveryone,3
yahoo,newsroom,3
yahoo,nexpress,3
yahoo,nfeel,3
yahoo,nflying,3
yahoo,nfv,3
yahoo,ng,3
yahoo,ngenerally,3
yahoo,ngiven,3
yahoo,ngrams,3
yahoo,nheight,3
yahoo,nhigh,3
yahoo,nhit,3
yahoo,nhl,3
yahoo,nhopefully,3
yahoo,niche,3
yahoo,nickelback,3
yahoo,nickname,3
yahoo,nicotine,3
yahoo,nigeria,3
yahoo,nigerian,3
yahoo,nights,3
yahoo,nih,3
yahoo,nii,3
yahoo,nindigo,3
yahoo,nintendo,3
yahoo,nipples,3
yahoo,njames,3
yahoo,njan,3
yahoo,njohn,3
yahoo,nleave,3
yahoo,nlets,3
yahoo,nliter,3
yahoo,nlyrics,3
yahoo,nmailto,3
yahoo,nmeter,3
yahoo,nmiss,3
yahoo,nmuhammad,3
yahoo,nmusic,3
yahoo,nnature,3
yahoo,nnewtons,3
yahoo,nnormally,3
yahoo,nobviously,3
yahoo,noel,3
yahoo,noises,3
yahoo,nold,3
yahoo,nonce,3
yahoo,nonviolent,3
yahoo,noone,3
yahoo,noooh,3
yahoo,norange,3
yahoo,norberg,3
yahoo,normalized,3
yahoo,norman,3
yahoo,notification,3
yahoo,notion,3
yahoo,notre,3
yahoo,nour,3
yahoo,novice,3
yahoo,nparis,3
yahoo,npaul,3
yahoo,nperson,3
yahoo,nplus,3
yahoo,npolitical,3
yahoo,npretty,3
yahoo,nprobably,3
yahoo,npron,3
yahoo,nprotecting,3
yahoo,npv,3
yahoo,nratio,3
yahoo,nray,3
yahoo,nreally,3
yahoo,nred,3
yahoo,nregards,3
yahoo,nrockin,3
yahoo,nrt,3
yahoo,nrunning,3
yahoo,nsecond,3
yahoo,nsend,3
yahoo,nsex,3
yahoo,nshoot,3
yahoo,nspecies,3
yahoo,nspecifically,3
yahoo,nsqrt,3
yahoo,nstay,3
yahoo,nstrategic,3
yahoo,nsum,3
yahoo,ntech,3
yahoo,ntoo,3
yahoo,ntranslation,3
yahoo,ntrue,3
yahoo,ntrust,3
yahoo,nuke,3
yahoo,nunfortunately,3
yahoo,nuns,3
yahoo,nutritional,3
yahoo,nviolet,3
yahoo,nvote,3
yahoo,nwill,3
yahoo,nwow,3
yahoo,nyears,3
yahoo,nyellow,3
yahoo,nyo,3
yahoo,observed,3
yahoo,oc,3
yahoo,occurred,3
yahoo,odds,3
yahoo,offence,3
yahoo,offender,3
yahoo,offenders,3
yahoo,offenses,3
yahoo,offerings,3
yahoo,oklahoma,3
yahoo,olsen,3
yahoo,onlineconversion,3
yahoo,ontario,3
yahoo,opera,3
yahoo,operates,3
yahoo,operational,3
yahoo,operator,3
yahoo,opponent,3
yahoo,oppression,3
yahoo,optometry,3
yahoo,orbitals,3
yahoo,organ,3
yahoo,organised,3
yahoo,organizer,3
yahoo,organs,3
yahoo,orthopedic,3
yahoo,osama,3
yahoo,ot,3
yahoo,ottawa,3
yahoo,ouch,3
yahoo,oui,3
yahoo,outcomes,3
yahoo,outlet,3
yahoo,outs,3
yahoo,outsides,3
yahoo,outsourcing,3
yahoo,overlap,3
yahoo,overstate,3
yahoo,overview,3
yahoo,owen,3
yahoo,owing,3
yahoo,owners,3
yahoo,oxycodone,3
yahoo,pacbell,3
yahoo,packed,3
yahoo,packet,3
yahoo,pae,3
yahoo,pagerank,3
yahoo,painting,3
yahoo,paired,3
yahoo,palestine,3
yahoo,palm,3
yahoo,pan,3
yahoo,paperclips,3
yahoo,para,3
yahoo,parental,3
yahoo,parenthesis,3
yahoo,parks,3
yahoo,parliament,3
yahoo,passenger,3
yahoo,passionate,3
yahoo,pasted,3
yahoo,patent,3
yahoo,patented,3
yahoo,patriots,3
yahoo,patrols,3
yahoo,patterson,3
yahoo,pda,3
yahoo,pecan,3
yahoo,peevey,3
yahoo,pelosi,3
yahoo,pelvic,3
yahoo,penalties,3
yahoo,penninsula,3
yahoo,pens,3
yahoo,pensacola,3
yahoo,pension,3
yahoo,peoplesearch,3
yahoo,performs,3
yahoo,peril,3
yahoo,periodic,3
yahoo,perl,3
yahoo,personnel,3
yahoo,pharmaceutical,3
yahoo,phd,3
yahoo,phenomenon,3
yahoo,phony,3
yahoo,photographic,3
yahoo,physique,3
yahoo,piercings,3
yahoo,pik,3
yahoo,pilot,3
yahoo,pilots,3
yahoo,pimple,3
yahoo,pin,3
yahoo,pirate,3
yahoo,pistol,3
yahoo,pits,3
yahoo,pl,3
yahoo,placement,3
yahoo,plague,3
yahoo,plantar,3
yahoo,plasmid,3
yahoo,plastics,3
yahoo,pleases,3
yahoo,pleasure,3
yahoo,pls,3
yahoo,poa,3
yahoo,pockets,3
yahoo,poh,3
yahoo,pointing,3
yahoo,poles,3
yahoo,politely,3
yahoo,poll,3
yahoo,polysome,3
yahoo,pond,3
yahoo,poo,3
yahoo,pooling,3
yahoo,poora,3
yahoo,pops,3
yahoo,portrait,3
yahoo,portraying,3
yahoo,portuguese,3
yahoo,posesivo,3
yahoo,posing,3
yahoo,positively,3
yahoo,possessions,3
yahoo,possiblity,3
yahoo,posters,3
yahoo,postings,3
yahoo,powerhomebiz,3
yahoo,powerplant,3
yahoo,powerpoint,3
yahoo,practices,3
yahoo,practitioners,3
yahoo,praise,3
yahoo,prasad,3
yahoo,prawns,3
yahoo,predicted,3
yahoo,prednisone,3
yahoo,preference,3
yahoo,prefixes,3
yahoo,prefrences,3
yahoo,preliminary,3
yahoo,preperation,3
yahoo,pres,3
yahoo,prescribe,3
yahoo,prescribed,3
yahoo,prescriptions,3
yahoo,presentation,3
yahoo,prettiest,3
yahoo,prev,3
yahoo,previews,3
yahoo,previously,3
yahoo,priceless,3
yahoo,primitive,3
yahoo,principal,3
yahoo,principles,3
yahoo,prints,3
yahoo,proactive,3
yahoo,probaly,3
yahoo,probly,3
yahoo,processed,3
yahoo,productivity,3
yahoo,profend,3
yahoo,proficient,3
yahoo,profound,3
yahoo,prop,3
yahoo,proposal,3
yahoo,prospecting,3
yahoo,proxy,3
yahoo,ps,3
yahoo,psi,3
yahoo,psv,3
yahoo,psychiatric,3
yahoo,pub,3
yahoo,pubic,3
yahoo,pubmed,3
yahoo,pulls,3
yahoo,pumps,3
yahoo,puppets,3
yahoo,purdue,3
yahoo,purely,3
yahoo,pussycat,3
yahoo,puttin,3
yahoo,pyramid,3
yahoo,pythagorean,3
yahoo,qt,3
yahoo,quack,3
yahoo,quadra,3
yahoo,qualification,3
yahoo,quantitative,3
yahoo,quantity,3
yahoo,quart,3
yahoo,quarterback,3
yahoo,quipe,3
yahoo,quoi,3
yahoo,quotationspage,3
yahoo,rabbits,3
yahoo,racial,3
yahoo,racists,3
yahoo,radars,3
yahoo,radioactive,3
yahoo,rage,3
yahoo,rams,3
yahoo,randomly,3
yahoo,ranging,3
yahoo,ranked,3
yahoo,rankings,3
yahoo,rarely,3
yahoo,rat,3
yahoo,rating,3
yahoo,rb,3
yahoo,rbation,3
yahoo,reactors,3
yahoo,readers,3
yahoo,realized,3
yahoo,realty,3
yahoo,realy,3
yahoo,rearview,3
yahoo,rebirth,3
yahoo,reccomend,3
yahoo,receives,3
yahoo,receiving,3
yahoo,recieving,3
yahoo,recognized,3
yahoo,recollection,3
yahoo,recorded,3
yahoo,rediff,3
yahoo,redirect,3
yahoo,redneck,3
yahoo,redundant,3
yahoo,redwood,3
yahoo,reeling,3
yahoo,referenced,3
yahoo,reform,3
yahoo,reformed,3
yahoo,refrigerator,3
yahoo,regardless,3
yahoo,regs,3
yahoo,regulate,3
yahoo,regulations,3
yahoo,relaxes,3
yahoo,relaxing,3
yahoo,relegated,3
yahoo,reliability,3
yahoo,relief,3
yahoo,relieve,3
yahoo,reltionship,3
yahoo,remark,3
yahoo,remote,3
yahoo,remotely,3
yahoo,repeated,3
yahoo,repetition,3
yahoo,replies,3
yahoo,reprehensible,3
yahoo,reproductive,3
yahoo,reputation,3
yahoo,reseal,3
yahoo,reserve,3
yahoo,residential,3
yahoo,resigned,3
yahoo,resigns,3
yahoo,respectful,3
yahoo,respectfully,3
yahoo,respective,3
yahoo,restoril,3
yahoo,restraining,3
yahoo,resumes,3
yahoo,returns,3
yahoo,reunited,3
yahoo,reunitetonight,3
yahoo,rev,3
yahoo,revolve,3
yahoo,richmond,3
yahoo,ridged,3
yahoo,rifle,3
yahoo,righteous,3
yahoo,rises,3
yahoo,risky,3
yahoo,roaches,3
yahoo,roads,3
yahoo,robots,3
yahoo,rocking,3
yahoo,rod,3
yahoo,rondo,3
yahoo,rope,3
yahoo,rossi,3
yahoo,rotten,3
yahoo,rotting,3
yahoo,rrna,3
yahoo,rufus,3
yahoo,ruled,3
yahoo,ruler,3
yahoo,sadows,3
yahoo,safari,3
yahoo,safest,3
yahoo,saha,3
yahoo,salvation,3
yahoo,sameway,3
yahoo,sammy,3
yahoo,satan,3
yahoo,satisfaction,3
yahoo,satisfy,3
yahoo,sawyer,3
yahoo,sayings,3
yahoo,sbcglobal,3
yahoo,scarce,3
yahoo,scheme,3
yahoo,schwarzenegger,3
yahoo,scissors,3
yahoo,scored,3
yahoo,scottish,3
yahoo,scrap,3
yahoo,scripts,3
yahoo,se,3
yahoo,seasonal,3
yahoo,secretary,3
yahoo,sediments,3
yahoo,seekasong,3
yahoo,seeking,3
yahoo,selective,3
yahoo,seller,3
yahoo,seminar,3
yahoo,seminars,3
yahoo,sempervirens,3
yahoo,sender,3
yahoo,seniors,3
yahoo,separated,3
yahoo,sequoia,3
yahoo,serbian,3
yahoo,serendipity,3
yahoo,serves,3
yahoo,sessions,3
yahoo,sew,3
yahoo,shaft,3
yahoo,shakes,3
yahoo,shane,3
yahoo,shaped,3
yahoo,shapes,3
yahoo,shaved,3
yahoo,shedaisy,3
yahoo,sheen,3
yahoo,sheets,3
yahoo,shine,3
yahoo,shirley,3
yahoo,shocked,3
yahoo,shooter,3
yahoo,shortcut,3
yahoo,siblings,3
yahoo,sickness,3
yahoo,sidelines,3
yahoo,sigh,3
yahoo,signature,3
yahoo,silica,3
yahoo,similiar,3
yahoo,simone,3
yahoo,simplify,3
yahoo,sincere,3
yahoo,singh,3
yahoo,singled,3
yahoo,sings,3
yahoo,singular,3
yahoo,sinuses,3
yahoo,sinusitis,3
yahoo,sissy,3
yahoo,situps,3
yahoo,sizes,3
yahoo,skateboard,3
yahoo,skateboarding,3
yahoo,skater,3
yahoo,skates,3
yahoo,skill,3
yahoo,skipped,3
yahoo,skull,3
yahoo,skype,3
yahoo,slaves,3
yahoo,sleepy,3
yahoo,sli,3
yahoo,sliding,3
yahoo,slut,3
yahoo,smalll,3
yahoo,smashits,3
yahoo,snacking,3
yahoo,snake,3
yahoo,soca,3
yahoo,softball,3
yahoo,softwares,3
yahoo,solarsystem,3
yahoo,solved,3
yahoo,sons,3
yahoo,sophomore,3
yahoo,sorrry,3
yahoo,southeast,3
yahoo,spaces,3
yahoo,spades,3
yahoo,spaghetti,3
yahoo,specialised,3
yahoo,specs,3
yahoo,speek,3
yahoo,spiral,3
yahoo,splitting,3
yahoo,spoke,3
yahoo,sponsored,3
yahoo,sporadic,3
yahoo,sporting,3
yahoo,spotted,3
yahoo,spurrier,3
yahoo,sputnik,3
yahoo,spywares,3
yahoo,sqft,3
yahoo,squats,3
yahoo,stab,3
yahoo,stairs,3
yahoo,stalin,3
yahoo,stanford,3
yahoo,starbucks,3
yahoo,staring,3
yahoo,starring,3
yahoo,starter,3
yahoo,static,3
yahoo,statistic,3
yahoo,statistical,3
yahoo,stealing,3
yahoo,steering,3
yahoo,stems,3
yahoo,stereo,3
yahoo,stereotyping,3
yahoo,sticky,3
yahoo,stimulate,3
yahoo,stimulates,3
yahoo,stinking,3
yahoo,stoned,3
yahoo,stoped,3
yahoo,straght,3
yahoo,strain,3
yahoo,straining,3
yahoo,strap,3
yahoo,strategic,3
yahoo,strenght,3
yahoo,stretch,3
yahoo,stretching,3
yahoo,stripes,3
yahoo,strokes,3
yahoo,struggled,3
yahoo,struggling,3
yahoo,studied,3
yahoo,submarines,3
yahoo,substituting,3
yahoo,subtlety,3
yahoo,succeeds,3
yahoo,suddenly,3
yahoo,suggests,3
yahoo,suicid,3
yahoo,sulfur,3
yahoo,sulfuric,3
yahoo,summit,3
yahoo,sumo,3
yahoo,sung,3
yahoo,sunny,3
yahoo,suns,3
yahoo,sunset,3
yahoo,sunshine,3
yahoo,superbowl,3
yahoo,superbowls,3
yahoo,superstar,3
yahoo,supplies,3
yahoo,supports,3
yahoo,supprised,3
yahoo,surfaces,3
yahoo,surfing,3
yahoo,surrounding,3
yahoo,surveys,3
yahoo,suyas,3
yahoo,sven,3
yahoo,sweatishoney,3
yahoo,swimmers,3
yahoo,swingers,3
yahoo,switches,3
yahoo,switzerland,3
yahoo,swivel,3
yahoo,symbolic,3
yahoo,ta,3
yahoo,tackel,3
yahoo,tampon,3
yahoo,tapioca,3
yahoo,targeted,3
yahoo,tat,3
yahoo,taxing,3
yahoo,tbnh,3
yahoo,tbnid,3
yahoo,tbnw,3
yahoo,tc,3
yahoo,tcp,3
yahoo,teachings,3
yahoo,teleportation,3
yahoo,telescope,3
yahoo,temazepam,3
yahoo,temporarily,3
yahoo,tennesee,3
yahoo,tens,3
yahoo,terrific,3
yahoo,territories,3
yahoo,terry,3
yahoo,testicles,3
yahoo,textbook,3
yahoo,thanked,3
yahoo,thanx,3
yahoo,theatrical,3
yahoo,thefreesite,3
yahoo,theirs,3
yahoo,theoretically,3
yahoo,therapists,3
yahoo,thereafter,3
yahoo,theyre,3
yahoo,thicktail,3
yahoo,thighs,3
yahoo,thirty,3
yahoo,thn,3
yahoo,thoreau,3
yahoo,thorough,3
yahoo,threatening,3
yahoo,threesome,3
yahoo,thrilled,3
yahoo,thse,3
yahoo,thugs,3
yahoo,thyroid,3
yahoo,tic,3
yahoo,tide,3
yahoo,tightened,3
yahoo,tights,3
yahoo,timeanddate,3
yahoo,tis,3
yahoo,titan,3
yahoo,titanic,3
yahoo,titled,3
yahoo,tivo,3
yahoo,toalla,3
yahoo,tobe,3
yahoo,token,3
yahoo,tolkien,3
yahoo,tonights,3
yahoo,tooth,3
yahoo,tornado,3
yahoo,torrents,3
yahoo,tortured,3
yahoo,totalitarian,3
yahoo,touchdowns,3
yahoo,towns,3
yahoo,toyota,3
yahoo,trace,3
yahoo,tracks,3
yahoo,trader,3
yahoo,traditionl,3
yahoo,trafford,3
yahoo,trailers,3
yahoo,transported,3
yahoo,transporting,3
yahoo,trashed,3
yahoo,trauma,3
yahoo,treasure,3
yahoo,treasury,3
yahoo,trickles,3
yahoo,triggered,3
yahoo,trinidad,3
yahoo,triple,3
yahoo,triplet,3
yahoo,trips,3
yahoo,trojan,3
yahoo,trucking,3
yahoo,trusted,3
yahoo,tryin,3
yahoo,turkish,3
yahoo,turtles,3
yahoo,tutor,3
yahoo,tutoring,3
yahoo,twelve,3
yahoo,twisters,3
yahoo,tyr,3
yahoo,ufos,3
yahoo,ulc,3
yahoo,ulcers,3
yahoo,ummm,3
yahoo,una,3
yahoo,unc,3
yahoo,uncheck,3
yahoo,uncommon,3
yahoo,undefeated,3
yahoo,underdog,3
yahoo,understandable,3
yahoo,undoubtedly,3
yahoo,unemployment,3
yahoo,unfinished,3
yahoo,uniforms,3
yahoo,unionization,3
yahoo,universally,3
yahoo,unix,3
yahoo,unlawful,3
yahoo,unlucky,3
yahoo,unsolved,3
yahoo,untrained,3
yahoo,untreated,3
yahoo,unwanted,3
yahoo,unzip,3
yahoo,updating,3
yahoo,uphold,3
yahoo,uptight,3
yahoo,uranus,3
yahoo,urban,3
yahoo,urself,3
yahoo,ursus,3
yahoo,usage,3
yahoo,ut,3
yahoo,utc,3
yahoo,uva,3
yahoo,v1,3
yahoo,v2,3
yahoo,valentine,3
yahoo,valve,3
yahoo,vancouver,3
yahoo,vanguard,3
yahoo,varieties,3
yahoo,varying,3
yahoo,vcr,3
yahoo,vehicles,3
yahoo,vendor,3
yahoo,vendors,3
yahoo,verizon,3
yahoo,vermiculite,3
yahoo,verses,3
yahoo,vessel,3
yahoo,videolan,3
yahoo,vieira,3
yahoo,viewers,3
yahoo,vintage,3
yahoo,vinyl,3
yahoo,vnc,3
yahoo,void,3
yahoo,voluntary,3
yahoo,voter,3
yahoo,voucher,3
yahoo,vowels,3
yahoo,vulnerable,3
yahoo,wages,3
yahoo,waitress,3
yahoo,waiver,3
yahoo,wales,3
yahoo,walkman,3
yahoo,waltz,3
yahoo,warnings,3
yahoo,warriors,3
yahoo,watcher,3
yahoo,watchers,3
yahoo,waterproofer,3
yahoo,watford,3
yahoo,wav,3
yahoo,weddings,3
yahoo,wednesday,3
yahoo,weightloss,3
yahoo,wel,3
yahoo,wellbutrin,3
yahoo,welll,3
yahoo,wellness,3
yahoo,westhollywood,3
yahoo,whay,3
yahoo,wheel,3
yahoo,wheres,3
yahoo,whew,3
yahoo,whining,3
yahoo,wholly,3
yahoo,whos,3
yahoo,wikiquote,3
yahoo,willie,3
yahoo,willyblues,3
yahoo,wimbledon,3
yahoo,windsor,3
yahoo,wink,3
yahoo,winner,3
yahoo,wired,3
yahoo,wishes,3
yahoo,witch,3
yahoo,witnessing,3
yahoo,wives,3
yahoo,wizard,3
yahoo,wm,3
yahoo,wnat,3
yahoo,woke,3
yahoo,wolves,3
yahoo,womack,3
yahoo,womens,3
yahoo,wondered,3
yahoo,wonders,3
yahoo,woohoo,3
yahoo,wool,3
yahoo,worker,3
yahoo,workload,3
yahoo,workspace,3
yahoo,worldwide,3
yahoo,worrying,3
yahoo,wot,3
yahoo,wr,3
yahoo,wreckless,3
yahoo,wrestling,3
yahoo,wrist,3
yahoo,writer,3
yahoo,writers,3
yahoo,wud,3
yahoo,ww2,3
yahoo,www99,3
yahoo,xpr,3
yahoo,xpress,3
yahoo,xylem,3
yahoo,y1,3
yahoo,yah,3
yahoo,yahshua,3
yahoo,yankee,3
yahoo,yds,3
yahoo,yearbooks,3
yahoo,yoga,3
yahoo,yor,3
yahoo,yourmp3,3
yahoo,za,3
yahoo,zealand,3
yahoo,zinc,3
yahoo,zoo,3
yahoo,zoobooks,3
yahoo,000,2
yahoo,005,2
yahoo,0269,2
yahoo,04newsreleases,2
yahoo,0768002346,2
yahoo,0775378,2
yahoo,080385,2
yahoo,10000,2
yahoo,1000000,2
yahoo,1000000000,2
yahoo,1000th,2
yahoo,1005,2
yahoo,1006040900348,2
yahoo,100lbs,2
yahoo,100m,2
yahoo,101442,2
yahoo,1024,2
yahoo,10488588,2
yahoo,1058,2
yahoo,1099392876098,2
yahoo,10a,2
yahoo,10m,2
yahoo,10q,2
yahoo,10r,2
yahoo,10seconds,2
yahoo,10x12,2
yahoo,110m,2
yahoo,110mb,2
yahoo,1140481,2
yahoo,1144714485914,2
yahoo,1149,2
yahoo,1183,2
yahoo,1195,2
yahoo,12019,2
yahoo,120m,2
yahoo,1212,2
yahoo,123,2
yahoo,12w,2
yahoo,12x,2
yahoo,132360,2
yahoo,1348,2
yahoo,135bpm,2
yahoo,1432,2
yahoo,1566,2
yahoo,15th,2
yahoo,15w,2
yahoo,16000,2
yahoo,1625,2
yahoo,163,2
yahoo,1649,2
yahoo,16x,2
yahoo,1700,2
yahoo,179,2
yahoo,17th,2
yahoo,180cm,2
yahoo,185,2
yahoo,1851,2
yahoo,1866,2
yahoo,1872,2
yahoo,1882,2
yahoo,18972,2
yahoo,1904,2
yahoo,1929,2
yahoo,193,2
yahoo,1940,2
yahoo,1944,2
yahoo,1945,2
yahoo,1952,2
yahoo,1956,2
yahoo,1957,2
yahoo,1959,2
yahoo,1960s,2
yahoo,1961,2
yahoo,1962,2
yahoo,1963,2
yahoo,1965,2
yahoo,1971,2
yahoo,1980,2
yahoo,1983,2
yahoo,1991,2
yahoo,1gig,2
yahoo,1l,2
yahoo,1mb,2
yahoo,200412,2
yahoo,20060614203408aa27lhw,2
yahoo,200m,2
yahoo,2087,2
yahoo,20always,2
yahoo,20files,2
yahoo,20mcguire,2
yahoo,20removal,2
yahoo,20s,2
yahoo,20sisters,2
yahoo,20th,2
yahoo,20winfixer,2
yahoo,20x,2
yahoo,20you,2
yahoo,21531,2
yahoo,2157,2
yahoo,222,2
yahoo,227,2
yahoo,230,2
yahoo,233,2
yahoo,2355,2
yahoo,238444,2
yahoo,23m,2
yahoo,2400,2
yahoo,2500,2
yahoo,256,2
yahoo,25m,2
yahoo,260,2
yahoo,281992,2
yahoo,292,2
yahoo,293,2
yahoo,296,2
yahoo,2ba1056b1a10559f,2
yahoo,2brose,2
yahoo,2f,2
yahoo,2h2o,2
yahoo,2my,2
yahoo,2on,2
yahoo,2pac,2
yahoo,2points,2
yahoo,2u,2
yahoo,300m,2
yahoo,301553,2
yahoo,314,2
yahoo,325,2
yahoo,32c9,2
yahoo,33333333,2
yahoo,335,2
yahoo,3400,2
yahoo,34743,2
yahoo,3500,2
yahoo,3536,2
yahoo,384,2
yahoo,386,2
yahoo,391210,2
yahoo,391212,2
yahoo,391213,2
yahoo,3a4,2
yahoo,3ammstsa,2
yahoo,3b2,2
yahoo,3c476,2
yahoo,3demily,2
yahoo,3e2,2
yahoo,3ivx,2
yahoo,3nano3,2
yahoo,3naoh,2
yahoo,3w,2
yahoo,401k,2
yahoo,408019,2
yahoo,408037,2
yahoo,408183,2
yahoo,410635,2
yahoo,4437059,2
yahoo,449,2
yahoo,45m,2
yahoo,46deg,2
yahoo,4775308,2
yahoo,4a,2
yahoo,4gb,2
yahoo,4x4,2
yahoo,5000,2
yahoo,50kg,2
yahoo,511,2
yahoo,5303,2
yahoo,535,2
yahoo,5390,2
yahoo,55798,2
yahoo,56,2
yahoo,5760,2
yahoo,5moles,2
yahoo,60k,2
yahoo,60th,2
yahoo,610,2
yahoo,623,2
yahoo,62440849565313084626389,2
yahoo,6257086,2
yahoo,6270610,2
yahoo,640bde8f33141d15,2
yahoo,64m,2
yahoo,666,2
yahoo,66666666,2
yahoo,666666666666666,2
yahoo,669,2
yahoo,673,2
yahoo,68,2
yahoo,69168,2
yahoo,69625,2
yahoo,6ft,2
yahoo,7012412,2
yahoo,725,2
yahoo,73,2
yahoo,732141,2
yahoo,737,2
yahoo,741,2
yahoo,750,2
yahoo,75m,2
yahoo,772,2
yahoo,775,2
yahoo,781,2
yahoo,782,2
yahoo,79,2
yahoo,7931163,2
yahoo,7am,2
yahoo,802,2
yahoo,822,2
yahoo,843,2
yahoo,8463,2
yahoo,868,2
yahoo,88,2
yahoo,882c,2
yahoo,88376,2
yahoo,8911879011921726011959866892355,2
yahoo,8lbs,2
yahoo,8m,2
yahoo,9246,2
yahoo,93,2
yahoo,97m,2
yahoo,995,2
yahoo,999,2
yahoo,a2,2
yahoo,a56,2
yahoo,aaahhh,2
yahoo,aatg,2
yahoo,abacus,2
yahoo,abe,2
yahoo,abiding,2
yahoo,abit,2
yahoo,abolished,2
yahoo,abortions,2
yahoo,aboutthepaper,2
yahoo,absolutley,2
yahoo,absorbs,2
yahoo,abstain,2
yahoo,abusing,2
yahoo,abut,2
yahoo,acc,2
yahoo,accelerators,2
yahoo,accesories,2
yahoo,accessing,2
yahoo,accommodation,2
yahoo,accomodate,2
yahoo,accordingly,2
yahoo,accountability,2
yahoo,accountant,2
yahoo,ached,2
yahoo,aches,2
yahoo,acidity,2
yahoo,acidplanet,2
yahoo,acitvities,2
yahoo,acknowledge,2
yahoo,acl,2
yahoo,acount,2
yahoo,acquire,2
yahoo,acre,2
yahoo,activate,2
yahoo,activites,2
yahoo,actor,2
yahoo,actrav,2
yahoo,actresses,2
yahoo,actuality,2
yahoo,acute,2
yahoo,addictions,2
yahoo,addidas,2
yahoo,addons,2
yahoo,adequate,2
yahoo,adjectives,2
yahoo,admendment,2
yahoo,administer,2
yahoo,administers,2
yahoo,admiration,2
yahoo,admire,2
yahoo,admires,2
yahoo,adopting,2
yahoo,adrenaline,2
yahoo,advancement,2
yahoo,advent,2
yahoo,adventures,2
yahoo,adventurous,2
yahoo,advised,2
yahoo,advising,2
yahoo,advisor,2
yahoo,advisors,2
yahoo,aee,2
yahoo,aefsdr,2
yahoo,aerosmith,2
yahoo,aetiology,2
yahoo,affairs,2
yahoo,affiliated,2
yahoo,afforderable,2
yahoo,afganistan,2
yahoo,afile,2
yahoo,afters,2
yahoo,ag,2
yahoo,aggressive,2
yahoo,aging,2
yahoo,agp,2
yahoo,ahhhh,2
yahoo,ahhhhhh,2
yahoo,aieee,2
yahoo,aiesec,2
yahoo,ailment,2
yahoo,airfare,2
yahoo,airline,2
yahoo,airlines,2
yahoo,airplanes,2
yahoo,airship,2
yahoo,aish,2
yahoo,aj,2
yahoo,ajb,2
yahoo,alabama,2
yahoo,alba,2
yahoo,alchohol,2
yahoo,aldosterone,2
yahoo,aldridge,2
yahoo,ale,2
yahoo,algiedi,2
yahoo,algorithm,2
yahoo,algorithms,2
yahoo,align,2
yahoo,alike,2
yahoo,alka,2
yahoo,alkali,2
yahoo,alkalosis,2
yahoo,alleged,2
yahoo,allegory,2
yahoo,alleviate,2
yahoo,alliance,2
yahoo,alligators,2
yahoo,allowance,2
yahoo,allowances,2
yahoo,alloy,2
yahoo,allready,2
yahoo,allworldknowledge,2
yahoo,alps,2
yahoo,altavista,2
yahoo,alter,2
yahoo,alternatively,2
yahoo,altogether,2
yahoo,alue,2
yahoo,aluminumnum,2
yahoo,alzheimer,2
yahoo,amazed,2
yahoo,amazingly,2
yahoo,ambitions,2
yahoo,ambitious,2
yahoo,amblyopic,2
yahoo,amd,2
yahoo,amend,2
yahoo,ameriwebs,2
yahoo,ammo,2
yahoo,ammount,2
yahoo,ammunition,2
yahoo,amnesia,2
yahoo,amongst,2
yahoo,amplitude,2
yahoo,amt,2
yahoo,anally,2
yahoo,analysts,2
yahoo,analyze,2
yahoo,anatomy,2
yahoo,andre,2
yahoo,ands,2
yahoo,andyjennings,2
yahoo,anemia,2
yahoo,anemic,2
yahoo,anerobic,2
yahoo,angelina,2
yahoo,angiograph,2
yahoo,anglo,2
yahoo,animist,2
yahoo,annamali,2
yahoo,announcements,2
yahoo,annoyed,2
yahoo,anoning,2
yahoo,anorexia,2
yahoo,ans,2
yahoo,ansa,2
yahoo,antagonist,2
yahoo,antecdotal,2
yahoo,anthem,2
yahoo,antibacterial,2
yahoo,antibotic,2
yahoo,antiduirectic,2
yahoo,antigone,2
yahoo,antimatter,2
yahoo,antioxidants,2
yahoo,antiseptic,2
yahoo,antispyware,2
yahoo,antithesis,2
yahoo,antivirous,2
yahoo,anus,2
yahoo,anwering,2
yahoo,anyday,2
yahoo,anyfreehost,2
yahoo,ao,2
yahoo,apathetic,2
yahoo,apbcynhzdpqloegjdyrcaedzy6ix,2
yahoo,aperture,2
yahoo,appearing,2
yahoo,appellate,2
yahoo,applier,2
yahoo,appointee,2
yahoo,apprentice,2
yahoo,approaching,2
yahoo,approving,2
yahoo,apr,2
yahoo,apron,2
yahoo,apy,2
yahoo,aqu,2
yahoo,aquarius,2
yahoo,arabeya,2
yahoo,arabian,2
yahoo,arbitrary,2
yahoo,arc,2
yahoo,architect,2
yahoo,arena,2
yahoo,ares,2
yahoo,argantina,2
yahoo,argues,2
yahoo,arise,2
yahoo,arithmetic,2
yahoo,arizonian,2
yahoo,arkansas,2
yahoo,arlington,2
yahoo,arne,2
yahoo,arnt,2
yahoo,arranged,2
yahoo,arrington,2
yahoo,arrow,2
yahoo,arson,2
yahoo,arteries,2
yahoo,artillery,2
yahoo,asa,2
yahoo,ascension,2
yahoo,asda,2
yahoo,asec2355,2
yahoo,ash,2
yahoo,ashanti,2
yahoo,ashes,2
yahoo,ashlee,2
yahoo,ashley,2
yahoo,ashleys,2
yahoo,askcomputerexpert,2
yahoo,askthebuilder,2
yahoo,aspirin,2
yahoo,assainment,2
yahoo,assaulting,2
yahoo,assessor,2
yahoo,assest,2
yahoo,assign,2
yahoo,assignments,2
yahoo,assination,2
yahoo,assoc,2
yahoo,assumption,2
yahoo,asteroids,2
yahoo,astika,2
yahoo,aswered,2
yahoo,asylum,2
yahoo,aszholes,2
yahoo,atheist,2
yahoo,athens,2
yahoo,athlete,2
yahoo,athority,2
yahoo,atlanti6,2
yahoo,atropine,2
yahoo,attacking,2
yahoo,attractions,2
yahoo,auburn,2
yahoo,audience,2
yahoo,audiologist,2
yahoo,auditory,2
yahoo,auk,2
yahoo,aussie,2
yahoo,authentication,2
yahoo,autoclave,2
yahoo,autocomplete,2
yahoo,autonomy,2
yahoo,autopsies,2
yahoo,autumn,2
yahoo,av,2
yahoo,avg,2
yahoo,avocado,2
yahoo,avoided,2
yahoo,avoiding,2
yahoo,avoids,2
yahoo,awardspace,2
yahoo,awfull,2
yahoo,awg,2
yahoo,awhonn,2
yahoo,awkward,2
yahoo,awww,2
yahoo,ay,2
yahoo,aye,2
yahoo,aytch,2
yahoo,b0000506nq001001,2
yahoo,ba,2
yahoo,babble,2
yahoo,babyphat,2
yahoo,babysitting,2
yahoo,backdoor,2
yahoo,backgrounds,2
yahoo,backs,2
yahoo,badge,2
yahoo,bah,2
yahoo,bailando,2
yahoo,bakaal,2
yahoo,bakerhotel,2
yahoo,bakkaaaaaaaaaaaaaa,2
yahoo,balch,2
yahoo,bald,2
yahoo,balderdash,2
yahoo,ballack,2
yahoo,ballanced,2
yahoo,balling,2
yahoo,balloon,2
yahoo,baloney,2
yahoo,banknotes,2
yahoo,bannanna,2
yahoo,baptized,2
yahoo,bard,2
yahoo,bare,2
yahoo,barley,2
yahoo,barnes,2
yahoo,barny,2
yahoo,barthez,2
yahoo,bartter,2
yahoo,base64,2
yahoo,basket,2
yahoo,bassist,2
yahoo,bathrooms,2
yahoo,bauer,2
yahoo,bba,2
yahoo,bbb,2
yahoo,bcoz,2
yahoo,bdsm,2
yahoo,bearer,2
yahoo,bearings,2
yahoo,bearshare,2
yahoo,beating,2
yahoo,beaucoup,2
yahoo,beavers,2
yahoo,becareful,2
yahoo,becauser,2
yahoo,beckenbauer,2
yahoo,beckett,2
yahoo,beckforda,2
yahoo,beckham,2
yahoo,bedi,2
yahoo,bedtime,2
yahoo,bee,2
yahoo,beef,2
yahoo,befriend,2
yahoo,begun,2
yahoo,behalf,2
yahoo,behave,2
yahoo,behaviors,2
yahoo,behaviour,2
yahoo,behe,2
yahoo,bein,2
yahoo,belkin,2
yahoo,bells,2
yahoo,bending,2
yahoo,bends,2
yahoo,beneath,2
yahoo,beneficiary,2
yahoo,benfica,2
yahoo,bennetta,2
yahoo,berin,2
yahoo,bernoulli,2
yahoo,bessel,2
yahoo,bestbuy,2
yahoo,bestfriend,2
yahoo,betasearch,2
yahoo,beverly,2
yahoo,beyonce,2
yahoo,bhopal,2
yahoo,bhoys,2
yahoo,bhupathi,2
yahoo,bic,2
yahoo,bicarbonate,2
yahoo,bicep,2
yahoo,biggie,2
yahoo,billboards,2
yahoo,billups,2
yahoo,billybob,2
yahoo,bins,2
yahoo,biochemical,2
yahoo,biography,2
yahoo,biomes,2
yahoo,birdingbabylon,2
yahoo,biron,2
yahoo,bishoff,2
yahoo,bishop,2
yahoo,bitchy,2
yahoo,bitcomet,2
yahoo,biting,2
yahoo,bits,2
yahoo,bittorrent,2
yahoo,bizarre,2
yahoo,bizzare,2
yahoo,blacker,2
yahoo,blackhawks,2
yahoo,blackplanet,2
yahoo,blades,2
yahoo,blahs,2
yahoo,blake,2
yahoo,blakea,2
yahoo,blamed,2
yahoo,blanket,2
yahoo,bleh,2
yahoo,blender,2
yahoo,blessed,2
yahoo,blessings,2
yahoo,blinds,2
yahoo,blink,2
yahoo,blissful,2
yahoo,blockbuster,2
yahoo,blogged,2
yahoo,blooded,2
yahoo,blower,2
yahoo,blows,2
yahoo,blues,2
yahoo,bluetooth,2
yahoo,bluff,2
yahoo,bluffing,2
yahoo,blunder,2
yahoo,bmlv,2
yahoo,bo,2
yahoo,boa,2
yahoo,boardees,2
yahoo,boardgames,2
yahoo,bobby,2
yahoo,bobo,2
yahoo,boca,2
yahoo,bogus,2
yahoo,bohemian,2
yahoo,boison,2
yahoo,bold,2
yahoo,bollyfm,2
yahoo,bollywoodmusic,2
yahoo,bolstering,2
yahoo,bolt,2
yahoo,bolts,2
yahoo,bomber,2
yahoo,bonita,2
yahoo,bonus,2
yahoo,bonuses,2
yahoo,booger,2
yahoo,boogeyman,2
yahoo,booked,2
yahoo,booking,2
yahoo,boomtown,2
yahoo,booths,2
yahoo,booting,2
yahoo,bopping,2
yahoo,bordeaux,2
yahoo,borderers,2
yahoo,boredom,2
yahoo,borrows,2
yahoo,bosnich,2
yahoo,boson,2
yahoo,botany,2
yahoo,botox,2
yahoo,bottles,2
yahoo,bounded,2
yahoo,boundries,2
yahoo,boutique,2
yahoo,bow,2
yahoo,bowel,2
yahoo,bowflex,2
yahoo,bowlers,2
yahoo,bowling,2
yahoo,boxes,2
yahoo,brainwashing,2
yahoo,brandy,2
yahoo,brasilia,2
yahoo,brasilian,2
yahoo,bravo,2
yahoo,breaths,2
yahoo,breeding,2
yahoo,bremen,2
yahoo,bribe,2
yahoo,bridges,2
yahoo,briefs,2
yahoo,brigade,2
yahoo,brihadisvara,2
yahoo,brill,2
yahoo,brits,2
yahoo,broadband,2
yahoo,broadly,2
yahoo,broadsheet,2
yahoo,brody,2
yahoo,bromine,2
yahoo,brontosaurus,2
yahoo,bronze,2
yahoo,brownells,2
yahoo,brushes,2
yahoo,brussels,2
yahoo,brutal,2
yahoo,bubba,2
yahoo,buck,2
yahoo,bud,2
yahoo,buddhanet,2
yahoo,buddys,2
yahoo,buff,2
yahoo,buffon,2
yahoo,buiding,2
yahoo,builders,2
yahoo,buisness,2
yahoo,bulb,2
yahoo,bulgarian,2
yahoo,bulge,2
yahoo,bundy,2
yahoo,bunions,2
yahoo,bunker,2
yahoo,burial,2
yahoo,burials,2
yahoo,burts,2
yahoo,burundi,2
yahoo,bury,2
yahoo,businessplan,2
yahoo,busta,2
yahoo,butlera,2
yahoo,butterfield,2
yahoo,butterworth,2
yahoo,buys,2
yahoo,bw,2
yahoo,byauth,2
yahoo,c0571ce217333f2443ed712c933e60fe,2
yahoo,c2h2o,2
yahoo,c947,2
yahoo,cabspace,2
yahoo,cac2,2
yahoo,cacl2,2
yahoo,caddie,2
yahoo,cadillac,2
yahoo,cadio,2
yahoo,cae,2
yahoo,caesar,2
yahoo,caffiene,2
yahoo,cafu,2
yahoo,cahill,2
yahoo,caliente,2
yahoo,calstatela,2
yahoo,cam,2
yahoo,cambridgeesol,2
yahoo,camed,2
yahoo,camino,2
yahoo,campbell,2
yahoo,camper,2
yahoo,campus,2
yahoo,canberra,2
yahoo,canceled,2
yahoo,cancelling,2
yahoo,cand,2
yahoo,candied,2
yahoo,canis,2
yahoo,canker,2
yahoo,cannavaro,2
yahoo,canoe,2
yahoo,canola,2
yahoo,canon,2
yahoo,cantaloupe,2
yahoo,canucks,2
yahoo,capability,2
yahoo,capps,2
yahoo,capsule,2
yahoo,captains,2
yahoo,captured,2
yahoo,cardiac,2
yahoo,cared,2
yahoo,carefull,2
yahoo,careless,2
yahoo,caries,2
yahoo,carnivores,2
yahoo,carrier,2
yahoo,carter,2
yahoo,cartography,2
yahoo,cartridges,2
yahoo,casettes,2
yahoo,caseworker,2
yahoo,caspian,2
yahoo,castes,2
yahoo,castro,2
yahoo,casual,2
yahoo,catalogs,2
yahoo,catalyze,2
yahoo,catenate,2
yahoo,cathedral,2
yahoo,catherine,2
yahoo,cattle,2
yahoo,cauldron,2
yahoo,cb,2
yahoo,cbs,2
yahoo,cbse,2
yahoo,ccleaner,2
yahoo,ccr,2
yahoo,cdex,2
yahoo,ce,2
yahoo,celebrated,2
yahoo,celebration,2
yahoo,celebrities,2
yahoo,celebrity,2
yahoo,celiac,2
yahoo,celtics,2
yahoo,cemetery,2
yahoo,cenetr,2
yahoo,centres,2
yahoo,centripetal,2
yahoo,ceremonies,2
yahoo,certifed,2
yahoo,certificates,2
yahoo,cervix,2
yahoo,cetain,2
yahoo,chairs,2
yahoo,chakra,2
yahoo,chancellor,2
yahoo,chant,2
yahoo,chants,2
yahoo,chao,2
yahoo,chapel,2
yahoo,chapped,2
yahoo,characterised,2
yahoo,characteristic,2
yahoo,charactes,2
yahoo,charecteristics,2
yahoo,charlene,2
yahoo,charset,2
yahoo,charter,2
yahoo,chce,2
yahoo,che,2
yahoo,checkers,2
yahoo,cheeks,2
yahoo,cheerios,2
yahoo,cheerleaders,2
yahoo,chelseafc,2
yahoo,chem,2
yahoo,chemically,2
yahoo,chemists,2
yahoo,chemotherapy,2
yahoo,cherry,2
yahoo,cheryl,2
yahoo,chests,2
yahoo,chi,2
yahoo,chiefs,2
yahoo,childrens,2
yahoo,chill,2
yahoo,chinatown,2
yahoo,chocolates,2
yahoo,choir,2
yahoo,choking,2
yahoo,chop,2
yahoo,chorley,2
yahoo,christianist,2
yahoo,christmus,2
yahoo,christopher,2
yahoo,chromatophobia,2
yahoo,chromium,2
yahoo,chromosomes,2
yahoo,chucking,2
yahoo,chuncks,2
yahoo,churchill,2
yahoo,chutes,2
yahoo,ci,2
yahoo,cic,2
yahoo,cider,2
yahoo,cif,2
yahoo,cinderella,2
yahoo,cinnamon,2
yahoo,cirucuits,2
yahoo,cisco,2
yahoo,cited,2
yahoo,citizenry,2
yahoo,cjb,2
yahoo,clamped,2
yahoo,clarification,2
yahoo,clarified,2
yahoo,clarify,2
yahoo,clash,2
yahoo,classico,2
yahoo,classicos,2
yahoo,cld,2
yahoo,cleaners,2
yahoo,cleanly,2
yahoo,cleans,2
yahoo,cleanses,2
yahoo,clearwater,2
yahoo,clemens,2
yahoo,clever,2
yahoo,clicked,2
yahoo,clickthesky,2
yahoo,climbed,2
yahoo,cline,2
yahoo,clipserve,2
yahoo,clique,2
yahoo,clive,2
yahoo,clnk,2
yahoo,closes,2
yahoo,clot,2
yahoo,cloth,2
yahoo,clothe,2
yahoo,clueless,2
yahoo,clusters,2
yahoo,clymidia,2
yahoo,cms1,2
yahoo,cnet,2
yahoo,cnh2non,2
yahoo,coaching,2
yahoo,coalition,2
yahoo,cobras,2
yahoo,coburn,2
yahoo,coc,2
yahoo,cochise,2
yahoo,coconut,2
yahoo,coconuts,2
yahoo,cocoyams,2
yahoo,coded,2
yahoo,codependency,2
yahoo,coeffiecint,2
yahoo,coffeecup,2
yahoo,coffeecups,2
yahoo,coined,2
yahoo,cole,2
yahoo,colege,2
yahoo,coli,2
yahoo,collateral,2
yahoo,colleague,2
yahoo,collective,2
yahoo,collge,2
yahoo,collision,2
yahoo,collisions,2
yahoo,colomac,2
yahoo,colonic,2
yahoo,colonies,2
yahoo,colorful,2
yahoo,coloseum,2
yahoo,columbus,2
yahoo,coma,2
yahoo,combinations,2
yahoo,comedian,2
yahoo,comedic,2
yahoo,comeon,2
yahoo,comforting,2
yahoo,commanded,2
yahoo,commandments,2
yahoo,commended,2
yahoo,commenter,2
yahoo,commercially,2
yahoo,commerical,2
yahoo,commited,2
yahoo,communicate,2
yahoo,companion,2
yahoo,companys,2
yahoo,compaq,2
yahoo,compasses,2
yahoo,compassion,2
yahoo,competences,2
yahoo,competitions,2
yahoo,compiles,2
yahoo,compitition,2
yahoo,complaints,2
yahoo,complecated,2
yahoo,complexity,2
yahoo,compliated,2
yahoo,complications,2
yahoo,compose,2
yahoo,composer,2
yahoo,composite,2
yahoo,composition,2
yahoo,compounded,2
yahoo,compounds,2
yahoo,compressor,2
yahoo,compton,2
yahoo,compulsive,2
yahoo,compus,2
yahoo,compute,2
yahoo,computing,2
yahoo,con,2
yahoo,concerning,2
yahoo,conclude,2
yahoo,condemn,2
yahoo,condensated,2
yahoo,condones,2
yahoo,conductor,2
yahoo,conenct,2
yahoo,cones,2
yahoo,confectionery,2
yahoo,confess,2
yahoo,confession,2
yahoo,confid,2
yahoo,confidagree,2
yahoo,confidentiality,2
yahoo,confidentiality1,2
yahoo,configure,2
yahoo,confirm,2
yahoo,conflagaration,2
yahoo,conflicts,2
yahoo,conjunction,2
yahoo,connecticut,2
yahoo,connecting,2
yahoo,connects,2
yahoo,connotation,2
yahoo,conquer,2
yahoo,cons,2
yahoo,conscious,2
yahoo,consciousness,2
yahoo,consent,2
yahoo,conservatism,2
yahoo,conservatives,2
yahoo,considerate,2
yahoo,consisting,2
yahoo,consolidate,2
yahoo,const,2
yahoo,constituted,2
yahoo,constitutes,2
yahoo,contaminated,2
yahoo,contamination,2
yahoo,contexts,2
yahoo,continually,2
yahoo,continuances,2
yahoo,continuum,2
yahoo,contractors,2
yahoo,contracts,2
yahoo,contrary,2
yahoo,contributing,2
yahoo,contributors,2
yahoo,controller,2
yahoo,controlls,2
yahoo,controversy,2
yahoo,conveniences,2
yahoo,conventional,2
yahoo,converge,2
yahoo,converter,2
yahoo,converters,2
yahoo,converting,2
yahoo,conviction,2
yahoo,convinced,2
yahoo,convo,2
yahoo,coo,2
yahoo,cookbook,2
yahoo,coolgoose,2
yahoo,coollawyer,2
yahoo,coordinated,2
yahoo,copys,2
yahoo,cordgrass,2
yahoo,cornell,2
yahoo,corners,2
yahoo,cornstarch,2
yahoo,cornwall,2
yahoo,cornwallis,2
yahoo,coronary,2
yahoo,correction,2
yahoo,corrections,2
yahoo,corresponding,2
yahoo,costa,2
yahoo,cotyledons,2
yahoo,coulomb,2
yahoo,councellor,2
yahoo,counselling,2
yahoo,counsler,2
yahoo,coup,2
yahoo,courdaroy,2
yahoo,coursework,2
yahoo,courthouse,2
yahoo,coutries,2
yahoo,covalent,2
yahoo,coven,2
yahoo,cowboysonlineproshop,2
yahoo,cp,2
yahoo,cracked,2
yahoo,crafts,2
yahoo,craineya,2
yahoo,creations,2
yahoo,creativity,2
yahoo,creator,2
yahoo,credentials,2
yahoo,credibility,2
yahoo,creditor,2
yahoo,creditprofile,2
yahoo,creer,2
yahoo,creole,2
yahoo,cresswella,2
yahoo,cried,2
yahoo,crises,2
yahoo,crisps,2
yahoo,crispy,2
yahoo,critically,2
yahoo,criticize,2
yahoo,critics,2
yahoo,cro,2
yahoo,cronies,2
yahoo,crooked,2
yahoo,crooks,2
yahoo,crops,2
yahoo,crosby,2
yahoo,crossword,2
yahoo,crows,2
yahoo,crowsdarts,2
yahoo,crusades,2
yahoo,crushed,2
yahoo,crusty,2
yahoo,crystallize,2
yahoo,crystals,2
yahoo,csc,2
yahoo,csszengarden,2
yahoo,ctcd,2
yahoo,cuban,2
yahoo,cuckoos,2
yahoo,culprit,2
yahoo,culturally,2
yahoo,cuple,2
yahoo,cures,2
yahoo,cursor,2
yahoo,customarily,2
yahoo,customize,2
yahoo,cutey,2
yahoo,cutie,2
yahoo,cuzzthereizz,2
yahoo,cy,2
yahoo,cyanosis,2
yahoo,cyberculture,2
yahoo,cyclic,2
yahoo,cyclometer,2
yahoo,cyguns,2
yahoo,cyndi,2
yahoo,cyprus,2
yahoo,cyst,2
yahoo,cysts,2
yahoo,cze,2
yahoo,dady,2
yahoo,dalai,2
yahoo,damaged,2
yahoo,danced,2
yahoo,dangle,2
yahoo,daniele,2
yahoo,dao,2
yahoo,daojia,2
yahoo,daojiao,2
yahoo,daomain,2
yahoo,darius,2
yahoo,darlington,2
yahoo,darpa,2
yahoo,darwins,2
yahoo,dash,2
yahoo,databases,2
yahoo,datacon,2
yahoo,davor,2
yahoo,daybut,2
yahoo,daycare,2
yahoo,daylight,2
yahoo,dca,2
yahoo,dcdancenet,2
yahoo,dcf,2
yahoo,dealership,2
yahoo,dean,2
yahoo,debated,2
yahoo,debtors,2
yahoo,debunked,2
yahoo,debut,2
yahoo,decade,2
yahoo,decay,2
yahoo,decayed,2
yahoo,decency,2
yahoo,deck,2
yahoo,declaration,2
yahoo,decode,2
yahoo,decompose,2
yahoo,decomposition,2
yahoo,deepest,2
yahoo,deet,2
yahoo,defective,2
yahoo,defects,2
yahoo,defenses,2
yahoo,defer,2
yahoo,deffinitly,2
yahoo,deficiencies,2
yahoo,deficit,2
yahoo,definatley,2
yahoo,definetely,2
yahoo,defining,2
yahoo,definitly,2
yahoo,deflected,2
yahoo,degrade,2
yahoo,del,2
yahoo,delaware,2
yahoo,deleting,2
yahoo,delicate,2
yahoo,delivers,2
yahoo,delivery,2
yahoo,demi,2
yahoo,deneb,2
yahoo,denny,2
yahoo,denote,2
yahoo,dentists,2
yahoo,denying,2
yahoo,departments,2
yahoo,dependent,2
yahoo,depicting,2
yahoo,deposited,2
yahoo,depressants,2
yahoo,derive,2
yahoo,dermal,2
yahoo,derre,2
yahoo,derrya,2
yahoo,desiweb,2
yahoo,deskjet,2
yahoo,dessert,2
yahoo,destination,2
yahoo,detailing,2
yahoo,detective,2
yahoo,deterioration,2
yahoo,develope,2
yahoo,developemt,2
yahoo,developments,2
yahoo,deviant,2
yahoo,devo,2
yahoo,devoted,2
yahoo,dh,2
yahoo,dharma,2
yahoo,diagnosed,2
yahoo,diagnoses,2
yahoo,diagnostic,2
yahoo,diagonal,2
yahoo,dialectical,2
yahoo,diaw,2
yahoo,dicount,2
yahoo,dicsussion,2
yahoo,didnted,2
yahoo,dieing,2
yahoo,dielectric,2
yahoo,dieter,2
yahoo,diets,2
yahoo,diff,2
yahoo,diffuse,2
yahoo,diffusion,2
yahoo,digest,2
yahoo,digesting,2
yahoo,digestion,2
yahoo,digger,2
yahoo,diggers,2
yahoo,dillegent,2
yahoo,dillusional,2
yahoo,diluted,2
yahoo,dime,2
yahoo,dimes,2
yahoo,dimple,2
yahoo,dinierosa,2
yahoo,dino,2
yahoo,diplomate,2
yahoo,dirk,2
yahoo,dis,2
yahoo,disagreeable,2
yahoo,disappeared,2
yahoo,disaters,2
yahoo,disciples,2
yahoo,disclaimed,2
yahoo,discolored,2
yahoo,discomfort,2
yahoo,discouraged,2
yahoo,discoveries,2
yahoo,discreet,2
yahoo,discussed,2
yahoo,disenchanted,2
yahoo,dishant,2
yahoo,disks,2
yahoo,dislike,2
yahoo,dislikes,2
yahoo,disorderly,2
yahoo,disorganized,2
yahoo,displaced,2
yahoo,displacement,2
yahoo,displaylang,2
yahoo,disprove,2
yahoo,disqualifying,2
yahoo,disregard,2
yahoo,dissapear,2
yahoo,dissociation,2
yahoo,dissolution,2
yahoo,dissolving,2
yahoo,distinguishes,2
yahoo,distracted,2
yahoo,distractions,2
yahoo,distributor,2
yahoo,disturb,2
yahoo,disturbance,2
yahoo,disturbing,2
yahoo,div,2
yahoo,divergent,2
yahoo,diversity,2
yahoo,divert,2
yahoo,divine,2
yahoo,divisable,2
yahoo,divisions,2
yahoo,divisors,2
yahoo,divorces,2
yahoo,dizziness,2
yahoo,dlc,2
yahoo,dmk,2
yahoo,dnf,2
yahoo,dnt,2
yahoo,doa,2
yahoo,doberman,2
yahoo,docotor,2
yahoo,doctrine,2
yahoo,doctrinially,2
yahoo,documentary,2
yahoo,documentery,2
yahoo,dodgers,2
yahoo,doe,2
yahoo,doen,2
yahoo,dojo,2
yahoo,dolphin,2
yahoo,domains,2
yahoo,domino,2
yahoo,donate,2
yahoo,donating,2
yahoo,dong,2
yahoo,donkey,2
yahoo,donna,2
yahoo,dono,2
yahoo,dons,2
yahoo,dookie,2
yahoo,dope,2
yahoo,dos,2
yahoo,dot,2
yahoo,dots,2
yahoo,doubles,2
yahoo,doubting,2
yahoo,douglasa,2
yahoo,downing,2
yahoo,downloadable,2
yahoo,downloadhindimp3s,2
yahoo,downplayed,2
yahoo,dozens,2
yahoo,drafted,2
yahoo,drain,2
yahoo,drastically,2
yahoo,drawbacks,2
yahoo,dri,2
yahoo,dribbling,2
yahoo,drifters,2
yahoo,drilled,2
yahoo,driveway,2
yahoo,drool,2
yahoo,drummer,2
yahoo,dshs,2
yahoo,dubya,2
yahoo,duckling,2
yahoo,ducts,2
yahoo,dud3,2
yahoo,duece,2
yahoo,dulce,2
yahoo,dulces,2
yahoo,dumass,2
yahoo,dumped,2
yahoo,durnan,2
yahoo,dv,2
yahoo,dvdrw,2
yahoo,dwelling,2
yahoo,dwight,2
yahoo,dwlz,2
yahoo,dwon,2
yahoo,dylan,2
yahoo,e122b0bac6e83d43,2
yahoo,eagles,2
yahoo,eardrum,2
yahoo,earl,2
yahoo,easter,2
yahoo,easyer,2
yahoo,eats,2
yahoo,ebt,2
yahoo,echocardiography,2
yahoo,echocardogram,2
yahoo,eclectic,2
yahoo,eclipse,2
yahoo,ecommerce,2
yahoo,econsumer,2
yahoo,ecuentro,2
yahoo,edgware,2
yahoo,edited,2
yahoo,edith,2
yahoo,edmunds,2
yahoo,educator,2
yahoo,eforie,2
yahoo,efx,2
yahoo,eg,2
yahoo,egan,2
yahoo,egress,2
yahoo,egyptpost,2
yahoo,ehs,2
yahoo,eighteen,2
yahoo,ein,2
yahoo,einarssona,2
yahoo,ejaculating,2
yahoo,ekg,2
yahoo,elaborate,2
yahoo,elbow,2
yahoo,elcomsoft,2
yahoo,elderbridge,2
yahoo,elderly,2
yahoo,electoral,2
yahoo,electrochemical,2
yahoo,electromagnetical,2
yahoo,electronics,2
yahoo,elegant,2
yahoo,elementery,2
yahoo,elementry,2
yahoo,elevates,2
yahoo,elevation,2
yahoo,elevations,2
yahoo,eligible,2
yahoo,eligiblity,2
yahoo,elk,2
yahoo,elland,2
yahoo,elliptic,2
yahoo,elliptical,2
yahoo,elrod,2
yahoo,elses,2
yahoo,elyrics,2
yahoo,emailed,2
yahoo,emelianenko,2
yahoo,emerges,2
yahoo,emerson,2
yahoo,emilyrose1,2
yahoo,emilyrosepictures,2
yahoo,eminem,2
yahoo,emitted,2
yahoo,emma,2
yahoo,emoticon,2
yahoo,emotionally,2
yahoo,emp3world,2
yahoo,empathizing,2
yahoo,emperor,2
yahoo,emptying,2
yahoo,emu,2
yahoo,emusic,2
yahoo,enc,2
yahoo,encompasses,2
yahoo,encounter,2
yahoo,encrypted,2
yahoo,ency,2
yahoo,encyclopedia,2
yahoo,endocrine,2
yahoo,endpoint,2
yahoo,endure,2
yahoo,enemy,2
yahoo,enforce,2
yahoo,enforcing,2
yahoo,engeged,2
yahoo,engraving,2
yahoo,eniviroment,2
yahoo,enjoyable,2
yahoo,enjoying,2
yahoo,enola,2
yahoo,enriched,2
yahoo,enterprise,2
yahoo,entertain,2
yahoo,enthused,2
yahoo,enthusiasts,2
yahoo,entrepreneur,2
yahoo,entrepreneurship,2
yahoo,entrez,2
yahoo,enunciation,2
yahoo,envelope,2
yahoo,envy,2
yahoo,eout,2
yahoo,epidural,2
yahoo,epinephrine,2
yahoo,epitonic,2
yahoo,epocrates,2
yahoo,eq,2
yahoo,equipped,2
yahoo,equiv,2
yahoo,equivalence,2
yahoo,eres,2
yahoo,ericsson,2
yahoo,erroneous,2
yahoo,erth,2
yahoo,erumor,2
yahoo,escalate,2
yahoo,esoteric,2
yahoo,espera,2
yahoo,espn,2
yahoo,essentially,2
yahoo,essien,2
yahoo,esstablish,2
yahoo,estabilished,2
yahoo,establishes,2
yahoo,establishment,2
yahoo,estoy,2
yahoo,estuaries,2
yahoo,eternity,2
yahoo,etf,2
yahoo,ethereal,2
yahoo,ethnicity,2
yahoo,ethylene,2
yahoo,etnies,2
yahoo,etymology,2
yahoo,etzvram,2
yahoo,eukaryotic,2
yahoo,euler,2
yahoo,euphoria,2
yahoo,europa,2
yahoo,ev1,2
yahoo,evade,2
yahoo,evaluate,2
yahoo,evaluating,2
yahoo,evaluation,2
yahoo,evangelical,2
yahoo,evaporation,2
yahoo,evas,2
yahoo,eventhough,2
yahoo,everbank,2
yahoo,evergreen,2
yahoo,evergreens,2
yahoo,everton,2
yahoo,everwhelming,2
yahoo,evict,2
yahoo,evoperated,2
yahoo,ew,2
yahoo,ewfrf,2
yahoo,ewok,2
yahoo,ewwwwwwwwwwwwwwwwwwwwwwwwwwwwww,2
yahoo,exameples,2
yahoo,examination,2
yahoo,examiner,2
yahoo,examining,2
yahoo,exceed,2
yahoo,excercising,2
yahoo,exchanging,2
yahoo,excite,2
yahoo,excommunicated,2
yahoo,executors,2
yahoo,exempt,2
yahoo,exfoliate,2
yahoo,exhibiting,2
yahoo,existed,2
yahoo,existent,2
yahoo,exothermic,2
yahoo,expectation,2
yahoo,expects,2
yahoo,expences,2
yahoo,experimenting,2
yahoo,experiments,2
yahoo,exploder,2
yahoo,exploitation,2
yahoo,exponents,2
yahoo,exporting,2
yahoo,exposed,2
yahoo,exposition,2
yahoo,exterior,2
yahoo,extremelly,2
yahoo,extremities,2
yahoo,eyed,2
yahoo,eyesight,2
yahoo,ezekiel,2
yahoo,f2,2
yahoo,f51,2
yahoo,fab,2
yahoo,fabien,2
yahoo,facial,2
yahoo,fad,2
yahoo,fade,2
yahoo,failing,2
yahoo,fainting,2
yahoo,fairest,2
yahoo,fairness,2
yahoo,faking,2
yahoo,fame,2
yahoo,famer,2
yahoo,familysearch,2
yahoo,familywatchdog,2
yahoo,fanatics,2
yahoo,fantaisa,2
yahoo,fantasia,2
yahoo,faranheit,2
yahoo,farms,2
yahoo,farts,2
yahoo,fascism,2
yahoo,fashions,2
yahoo,fastweb,2
yahoo,fate,2
yahoo,faulty,2
yahoo,favorable,2
yahoo,favors,2
yahoo,favourable,2
yahoo,favoured,2
yahoo,favourite,2
yahoo,favourites,2
yahoo,fax,2
yahoo,fcra,2
yahoo,federer,2
yahoo,fedor,2
yahoo,feeders,2
yahoo,feelin,2
yahoo,feild,2
yahoo,feilds,2
yahoo,feinstein,2
yahoo,felon,2
yahoo,feminine,2
yahoo,fermi,2
yahoo,ferrari,2
yahoo,fertile,2
yahoo,fertility,2
yahoo,fest,2
yahoo,festival,2
yahoo,fetched,2
yahoo,fetishes,2
yahoo,ffa,2
yahoo,fibonacci,2
yahoo,fibres,2
yahoo,fifa,2
yahoo,fifteen,2
yahoo,figo,2
yahoo,figures,2
yahoo,figuring,2
yahoo,filemanager,2
yahoo,filetype,2
yahoo,filext,2
yahoo,fills,2
yahoo,filtered,2
yahoo,finalised,2
yahoo,financed,2
yahoo,financials,2
yahoo,finch,2
yahoo,finches,2
yahoo,finder,2
yahoo,finite,2
yahoo,fiona,2
yahoo,firearms,2
yahoo,firestarter,2
yahoo,firewire,2
yahoo,firmly,2
yahoo,firms,2
yahoo,firmware,2
yahoo,firstly,2
yahoo,fiscal,2
yahoo,fitted,2
yahoo,fiver,2
yahoo,fixer,2
yahoo,fixes,2
yahoo,flachau,2
yahoo,flamable,2
yahoo,flaming,2
yahoo,flashy,2
yahoo,flatts,2
yahoo,flaw,2
yahoo,fleet,2
yahoo,fletcher,2
yahoo,flex,2
yahoo,flirt,2
yahoo,floaters,2
yahoo,floating,2
yahoo,floorplan,2
yahoo,florence,2
yahoo,florent,2
yahoo,floridabuilding,2
yahoo,floyd,2
yahoo,fluor,2
yahoo,fluorosis,2
yahoo,flush,2
yahoo,flute,2
yahoo,flutters,2
yahoo,flyers,2
yahoo,flyes,2
yahoo,fn,2
yahoo,fob,2
yahoo,focuses,2
yahoo,focussed,2
yahoo,fodder,2
yahoo,folderlock,2
yahoo,follicles,2
yahoo,fondue,2
yahoo,foolery,2
yahoo,foolish,2
yahoo,footed,2
yahoo,foreclosure,2
yahoo,forge,2
yahoo,fork,2
yahoo,formats,2
yahoo,formidable,2
yahoo,fortunecity,2
yahoo,forwarder,2
yahoo,forza,2
yahoo,fourth,2
yahoo,fouryearpremed,2
yahoo,foward,2
yahoo,foxx,2
yahoo,foye,2
yahoo,fp03117,2
yahoo,fpif,2
yahoo,fr2,2
yahoo,framed,2
yahoo,framework,2
yahoo,franchisees,2
yahoo,frankle,2
yahoo,franz,2
yahoo,fraudulent,2
yahoo,fraudwatchinternational,2
yahoo,freaky,2
yahoo,freeconf,2
yahoo,freedomain,2
yahoo,freedownloadscenter,2
yahoo,freehostia,2
yahoo,freelance,2
yahoo,freelancing,2
yahoo,freepatentforms,2
yahoo,frees,2
yahoo,freetranslation,2
yahoo,freeware,2
yahoo,freewarefiles,2
yahoo,freeway,2
yahoo,freewebtown,2
yahoo,frequent,2
yahoo,friendlier,2
yahoo,friendsreunited,2
yahoo,frist,2
yahoo,frivolity,2
yahoo,frm,2
yahoo,frontend,2
yahoo,fronts,2
yahoo,fructose,2
yahoo,fruitchart,2
yahoo,frustrating,2
yahoo,fry,2
yahoo,fsm,2
yahoo,fsphost,2
yahoo,fu,2
yahoo,fudd,2
yahoo,fuhrer,2
yahoo,fukuoka,2
yahoo,fulfill,2
yahoo,fullback,2
yahoo,fuller,2
yahoo,fultime,2
yahoo,functional,2
yahoo,functioning,2
yahoo,funkymonk,2
yahoo,furnace,2
yahoo,furthr,2
yahoo,futureaccountant,2
yahoo,fuzzy,2
yahoo,g8,2
yahoo,galaxies,2
yahoo,galen,2
yahoo,gallas,2
yahoo,gallbladder,2
yahoo,galloping,2
yahoo,gallstones,2
yahoo,gambian,2
yahoo,gameadvisor,2
yahoo,gamer,2
yahoo,gaming,2
yahoo,gang,2
yahoo,gangster,2
yahoo,garden,2
yahoo,gardens,2
yahoo,gardiner,2
yahoo,garuda,2
yahoo,gasp,2
yahoo,gathers,2
yahoo,gators,2
yahoo,gattuso,2
yahoo,gazing,2
yahoo,gbb,2
yahoo,gbc,2
yahoo,gclid,2
yahoo,gcp,2
yahoo,gdp,2
yahoo,geared,2
yahoo,geek,2
yahoo,gellar,2
yahoo,genentech,2
yahoo,generalizations,2
yahoo,generalized,2
yahoo,generalizing,2
yahoo,generating,2
yahoo,generic3,2
yahoo,generous,2
yahoo,gennaro,2
yahoo,genocides,2
yahoo,genuinely,2
yahoo,geocitiestips,2
yahoo,geometrical,2
yahoo,geoproblems,2
yahoo,germanic,2
yahoo,germinate,2
yahoo,germination,2
yahoo,geromino,2
yahoo,gesture,2
yahoo,getsmart,2
yahoo,ghananian,2
yahoo,ghanawaec,2
yahoo,ghosts,2
yahoo,gianluca,2
yahoo,gianluigi,2
yahoo,gielgud,2
yahoo,gig,2
yahoo,gigglepoetry,2
yahoo,giitaayan,2
yahoo,gilbert,2
yahoo,gilliam,2
yahoo,gilmour,2
yahoo,gimme,2
yahoo,gimmick,2
yahoo,gina,2
yahoo,giong,2
yahoo,giro,2
yahoo,giver,2
yahoo,gju,2
yahoo,glaucoma,2
yahoo,glimpsed,2
yahoo,glockenspiel,2
yahoo,glove,2
yahoo,glucose,2
yahoo,gmacbank,2
yahoo,gms,2
yahoo,gn,2
yahoo,gnc,2
yahoo,goalkeepers,2
yahoo,goalses,2
yahoo,goats,2
yahoo,golddigger,2
yahoo,goldie,2
yahoo,golfer,2
yahoo,golfers,2
yahoo,golive,2
yahoo,goodie,2
yahoo,goodness,2
yahoo,goodwill,2
yahoo,googles,2
yahoo,gooses,2
yahoo,gordie,2
yahoo,gorham,2
yahoo,gospels,2
yahoo,gossip,2
yahoo,gout,2
yahoo,gouw,2
yahoo,govern,2
yahoo,governance,2
yahoo,governing,2
yahoo,governor,2
yahoo,governorates,2
yahoo,governors,2
yahoo,gr8,2
yahoo,graaaaaaaaaaaaahaaaaaama,2
yahoo,grabbed,2
yahoo,gradauate,2
yahoo,gradfather,2
yahoo,graduating,2
yahoo,graff,2
yahoo,grafts,2
yahoo,grainger,2
yahoo,grains,2
yahoo,grams,2
yahoo,grandchildren,2
yahoo,granddaughter,2
yahoo,graphical,2
yahoo,graphically,2
yahoo,grass,2
yahoo,grateful,2
yahoo,gravesen,2
yahoo,greely,2
yahoo,greener,2
yahoo,gregana,2
yahoo,gregory,2
yahoo,grievance,2
yahoo,grieved,2
yahoo,griffith,2
yahoo,griffithsa,2
yahoo,grilled,2
yahoo,grillz,2
yahoo,grizzly,2
yahoo,grosso,2
yahoo,grounds,2
yahoo,groupworks,2
yahoo,grove,2
yahoo,grover,2
yahoo,growht,2
yahoo,grudge,2
yahoo,gspot,2
yahoo,guidence,2
yahoo,guido,2
yahoo,gulls,2
yahoo,gumm,2
yahoo,gustas,2
yahoo,guyana,2
yahoo,gv,2
yahoo,gw,2
yahoo,h10010,2
yahoo,h10025,2
yahoo,h2o2,2
yahoo,hacer,2
yahoo,hack,2
yahoo,hacking,2
yahoo,haggling,2
yahoo,haih,2
yahoo,hainsworth,2
yahoo,haired,2
yahoo,hairline,2
yahoo,halftime,2
yahoo,halliburton,2
yahoo,hallucinogens,2
yahoo,hamlin,2
yahoo,hampton,2
yahoo,handbag,2
yahoo,handbrake,2
yahoo,handing,2
yahoo,handling,2
yahoo,handshakes,2
yahoo,hangout,2
yahoo,hanks,2
yahoo,hans,2
yahoo,happenin,2
yahoo,happenings,2
yahoo,harassment,2
yahoo,harborcountry,2
yahoo,hardinga,2
yahoo,hardwired,2
yahoo,hardworking,2
yahoo,hardy,2
yahoo,harkins,2
yahoo,harlem,2
yahoo,harmfully,2
yahoo,harmonies,2
yahoo,harmony,2
yahoo,harper,2
yahoo,hart,2
yahoo,harts,2
yahoo,harvard,2
yahoo,hass,2
yahoo,hasselbeck,2
yahoo,hassles,2
yahoo,hatcheries,2
yahoo,hateful,2
yahoo,haters,2
yahoo,haunted,2
yahoo,haunting,2
yahoo,havana,2
yahoo,havn,2
yahoo,hawaii,2
yahoo,hazard,2
yahoo,hazardous,2
yahoo,hazards,2
yahoo,hc,2
yahoo,hdl,2
yahoo,healthalternatives2000,2
yahoo,healya,2
yahoo,heartless,2
yahoo,heats,2
yahoo,heatsink,2
yahoo,heavenly,2
yahoo,heaviness,2
yahoo,hebrews,2
yahoo,heights,2
yahoo,heinlein,2
yahoo,heirarchy,2
yahoo,heisenburg,2
yahoo,helpfull,2
yahoo,helppagebuilder,2
yahoo,helpwizard,2
yahoo,hemispher,2
yahoo,hemispheres,2
yahoo,henderson,2
yahoo,hepatitis,2
yahoo,heracles,2
yahoo,herbalife,2
yahoo,herbchina2000,2
yahoo,herbs,2
yahoo,herd,2
yahoo,herds,2
yahoo,hereditary,2
yahoo,heretical,2
yahoo,herman,2
yahoo,hermoso,2
yahoo,hero,2
yahoo,heroes,2
yahoo,herpes,2
yahoo,hexagons,2
yahoo,hfgk,2
yahoo,hhim,2
yahoo,higgs,2
yahoo,highlands,2
yahoo,highschool,2
yahoo,hijab,2
yahoo,hijackthis,2
yahoo,hindi,2
yahoo,hindimidi,2
yahoo,hinduism,2
yahoo,hipocites,2
yahoo,hippies,2
yahoo,histones,2
yahoo,hitting,2
yahoo,hizell,2
yahoo,hmmmmm,2
yahoo,hoe,2
yahoo,holiness,2
yahoo,homeschooling,2
yahoo,hometown,2
yahoo,homeworkhelp,2
yahoo,homonyms,2
yahoo,homophobes,2
yahoo,hon,2
yahoo,hong,2
yahoo,honourable,2
yahoo,hoo,2
yahoo,hoot,2
yahoo,hopeful,2
yahoo,horace,2
yahoo,horizontal,2
yahoo,hormonal,2
yahoo,horrib,2
yahoo,horrors,2
yahoo,hosking,2
yahoo,hoster,2
yahoo,hotels,2
yahoo,hotpot,2
yahoo,hottie,2
yahoo,hottr,2
yahoo,hotty,2
yahoo,howard,2
yahoo,howe,2
yahoo,howitworks4,2
yahoo,howto,2
yahoo,hoy,2
yahoo,hpw,2
yahoo,hs,2
yahoo,hsc,2
yahoo,htpasswd,2
yahoo,httpd,2
yahoo,hubble,2
yahoo,hubblesite,2
yahoo,hugs,2
yahoo,hulsea,2
yahoo,humanitirian,2
yahoo,humanity,2
yahoo,humerus,2
yahoo,humidity,2
yahoo,humility,2
yahoo,hummers,2
yahoo,humour,2
yahoo,hundredth,2
yahoo,hunger,2
yahoo,hunter,2
yahoo,hurd,2
yahoo,hurricane,2
yahoo,hurricanes,2
yahoo,hutu,2
yahoo,hydrating,2
yahoo,hydroxychloroquine,2
yahoo,hydroxylase,2
yahoo,hygene,2
yahoo,hymen,2
yahoo,hyper,2
yahoo,hyperextended,2
yahoo,hypothesis,2
yahoo,hypothetical,2
yahoo,ibo,2
yahoo,ic,2
yahoo,icosahedron,2
yahoo,ideally,2
yahoo,identifying,2
yahoo,idiotic,2
yahoo,idk,2
yahoo,ie6,2
yahoo,ieee,2
yahoo,iesearch,2
yahoo,ifas,2
yahoo,ignor,2
yahoo,igol,2
yahoo,ij,2
yahoo,illiterate,2
yahoo,illness,2
yahoo,illustrations,2
yahoo,immense,2
yahoo,immunodeficiency,2
yahoo,impacts,2
yahoo,imperialistic,2
yahoo,implants,2
yahoo,importantly,2
yahoo,impotent,2
yahoo,impressed,2
yahoo,improvement,2
yahoo,impulse,2
yahoo,impulsive,2
yahoo,imt,2
yahoo,inability,2
yahoo,incandescent,2
yahoo,incarcerated,2
yahoo,incase,2
yahoo,incentives,2
yahoo,incher,2
yahoo,incidents,2
yahoo,inconsequential,2
yahoo,incontinent,2
yahoo,incorporating,2
yahoo,increasingly,2
yahoo,incriminate,2
yahoo,indcol,2
yahoo,independant,2
yahoo,independently,2
yahoo,indiaglitz,2
yahoo,indiamp3,2
yahoo,indianapolis,2
yahoo,indianpilots,2
yahoo,indiaresults,2
yahoo,indies,2
yahoo,industries,2
yahoo,inefficient,2
yahoo,inertial,2
yahoo,infamous,2
yahoo,infectious,2
yahoo,inferior,2
yahoo,infestans,2
yahoo,infidelity,2
yahoo,infinate,2
yahoo,inflammatory,2
yahoo,influential,2
yahoo,infomration,2
yahoo,inforamtion,2
yahoo,informed,2
yahoo,ingdirect,2
yahoo,ingress,2
yahoo,inhabit,2
yahoo,inhabiting,2
yahoo,initiative,2
yahoo,injected,2
yahoo,injustice,2
yahoo,injustices,2
yahoo,inkblot,2
yahoo,inland,2
yahoo,inlays,2
yahoo,inn,2
yahoo,innerpulse,2
yahoo,inning,2
yahoo,insect,2
yahoo,insecticide,2
yahoo,insecurites,2
yahoo,insides,2
yahoo,insinuating,2
yahoo,insisting,2
yahoo,inspected,2
yahoo,inspiron,2
yahoo,inspite,2
yahoo,instill,2
yahoo,instilling,2
yahoo,instincts,2
yahoo,institutional,2
yahoo,instructor,2
yahoo,instruments,2
yahoo,insulators,2
yahoo,insure,2
yahoo,insurgents,2
yahoo,integral,2
yahoo,intend,2
yahoo,intense,2
yahoo,intensive,2
yahoo,interations,2
yahoo,intercedes,2
yahoo,interceptions,2
yahoo,interconnected,2
yahoo,interfere,2
yahoo,intermediate,2
yahoo,internationally,2
yahoo,internazionale,2
yahoo,intersects,2
yahoo,intervention,2
yahoo,intinput,2
yahoo,intonation,2
yahoo,intramurals,2
yahoo,intresting,2
yahoo,intro,2
yahoo,intuition,2
yahoo,invade,2
yahoo,invading,2
yahoo,invariably,2
yahoo,invention,2
yahoo,inventions,2
yahoo,inventor,2
yahoo,inverse,2
yahoo,invertabrates,2
yahoo,investigaating,2
yahoo,investigate,2
yahoo,investigating,2
yahoo,invisible,2
yahoo,inviting,2
yahoo,involvement,2
yahoo,iodine,2
yahoo,ion,2
yahoo,ionization,2
yahoo,ionosphere,2
yahoo,ipl,2
yahoo,ipod101,2
yahoo,ir,2
yahoo,irfanview,2
yahoo,irlande,2
yahoo,irregular,2
yahoo,irresponsible,2
yahoo,irritate,2
yahoo,irvine,2
yahoo,isaac,2
yahoo,isbn,2
yahoo,isiah,2
yahoo,isis,2
yahoo,islaam,2
yahoo,ism,2
yahoo,isolationist,2
yahoo,isotropy,2
yahoo,israeli,2
yahoo,isten,2
yahoo,ita,2
yahoo,italia,2
yahoo,itemize,2
yahoo,itune,2
yahoo,iv,2
yahoo,iverson,2
yahoo,iwant,2
yahoo,izle1,2
yahoo,jaap,2
yahoo,jab,2
yahoo,jacob,2
yahoo,jacques,2
yahoo,jagweb,2
yahoo,janis,2
yahoo,janus,2
yahoo,jarrod,2
yahoo,jcb,2
yahoo,jean,2
yahoo,jeffrey,2
yahoo,jello,2
yahoo,jem,2
yahoo,jerusalem,2
yahoo,jesli,2
yahoo,jestes,2
yahoo,jets,2
yahoo,jeune,2
yahoo,jewelery,2
yahoo,ji,2
yahoo,jid,2
yahoo,jimmy,2
yahoo,jindajind,2
yahoo,jis,2
yahoo,jitterbug,2
yahoo,joey,2
yahoo,jog,2
yahoo,johannson,2
yahoo,jolie,2
yahoo,jon,2
yahoo,joplin,2
yahoo,joueur,2
yahoo,jovi,2
yahoo,jrr,2
yahoo,jsessionid,2
yahoo,jst,2
yahoo,jstor,2
yahoo,judeo,2
yahoo,judgments,2
yahoo,judo,2
yahoo,jungle,2
yahoo,juniors,2
yahoo,juntos,2
yahoo,jupiter,2
yahoo,jurassic,2
yahoo,jury,2
yahoo,jus,2
yahoo,justfuckinggoogleit,2
yahoo,juve,2
yahoo,juvenile,2
yahoo,juventus,2
yahoo,k700i,2
yahoo,ka,2
yahoo,kagan,2
yahoo,kahn,2
yahoo,kai,2
yahoo,kapoor,2
yahoo,karat,2
yahoo,karate,2
yahoo,kareena,2
yahoo,karen,2
yahoo,karimi,2
yahoo,karraja,2
yahoo,kating,2
yahoo,kc,2
yahoo,kellie,2
yahoo,kellya,2
yahoo,kennedy,2
yahoo,kenpo,2
yahoo,kenseth,2
yahoo,kevin,2
yahoo,keyboards,2
yahoo,keyloggers,2
yahoo,keypad,2
yahoo,keystrokes,2
yahoo,kgs,2
yahoo,khakis,2
yahoo,kickme,2
yahoo,kicks,2
yahoo,kiddo,2
yahoo,kikuyu,2
yahoo,kilgallona,2
yahoo,kilograms,2
yahoo,kindergarten,2
yahoo,kings,2
yahoo,kitchen,2
yahoo,kitten,2
yahoo,kitty,2
yahoo,kkk,2
yahoo,klingons,2
yahoo,km,2
yahoo,knockers,2
yahoo,knockoffs,2
yahoo,knot,2
yahoo,knotted,2
yahoo,knowhow,2
yahoo,knowledgable,2
yahoo,kohit,2
yahoo,koizumi,2
yahoo,koko,2
yahoo,kool,2
yahoo,koolmoves,2
yahoo,korean,2
yahoo,kow,2
yahoo,krock,2
yahoo,krueger,2
yahoo,krz,2
yahoo,ksu,2
yahoo,kudos,2
yahoo,kulay,2
yahoo,kuwait,2
yahoo,kwaanza,2
yahoo,kwan,2
yahoo,kwanzaa,2
yahoo,kwon,2
yahoo,l4,2
yahoo,l5,2
yahoo,laa,2
yahoo,lachey,2
yahoo,lacking,2
yahoo,lactic,2
yahoo,ladder,2
yahoo,lakers,2
yahoo,laloo,2
yahoo,lamborghini,2
yahoo,landau,2
yahoo,landing,2
yahoo,lands,2
yahoo,langauge,2
yahoo,larry,2
yahoo,larsen,2
yahoo,lathes,2
yahoo,latitudes,2
yahoo,lauded,2
yahoo,lauderdale,2
yahoo,laughter,2
yahoo,launched,2
yahoo,lauper,2
yahoo,laurie,2
yahoo,lawrence,2
yahoo,layouts,2
yahoo,lazenby,2
yahoo,lc,2
yahoo,ldl,2
yahoo,leaf,2
yahoo,leans,2
yahoo,leap,2
yahoo,learn2,2
yahoo,learns,2
yahoo,leavenworth,2
yahoo,lebanon,2
yahoo,lebron,2
yahoo,ledger,2
yahoo,leep,2
yahoo,legendre,2
yahoo,leggs,2
yahoo,legis,2
yahoo,legit,2
yahoo,leinhart,2
yahoo,lekair,2
yahoo,lenght,2
yahoo,lens,2
yahoo,lenses,2
yahoo,lent,2
yahoo,lester,2
yahoo,letted,2
yahoo,levski,2
yahoo,lewisa,2
yahoo,lhota,2
yahoo,lhs,2
yahoo,liang,2
yahoo,lice,2
yahoo,lichties,2
yahoo,lien,2
yahoo,lifts,2
yahoo,liga,2
yahoo,lightening,2
yahoo,lightfoot,2
yahoo,lightyear,2
yahoo,lilian,2
yahoo,limb,2
yahoo,limbo,2
yahoo,limitaion,2
yahoo,linden,2
yahoo,lined,2
yahoo,lingo,2
yahoo,lingual,2
yahoo,liove,2
yahoo,lip,2
yahoo,lipids,2
yahoo,liposuction,2
yahoo,liscenses,2
yahoo,lister,2
yahoo,liter,2
yahoo,liters,2
yahoo,lithium,2
yahoo,lmhost,2
yahoo,lng,2
yahoo,loathe,2
yahoo,localised,2
yahoo,locally,2
yahoo,locatable,2
yahoo,logarithmic,2
yahoo,logitech,2
yahoo,logs,2
yahoo,longr,2
yahoo,longstanding,2
yahoo,looney,2
yahoo,loooooooool,2
yahoo,loops,2
yahoo,lords,2
yahoo,lou,2
yahoo,louie,2
yahoo,lovely,2
yahoo,loyalty,2
yahoo,lp,2
yahoo,lpage,2
yahoo,lpg,2
yahoo,lr,2
yahoo,lube,2
yahoo,lubricant,2
yahoo,luca,2
yahoo,luda,2
yahoo,ludacris,2
yahoo,lude,2
yahoo,luggagebase,2
yahoo,lumps,2
yahoo,lurking,2
yahoo,lurks,2
yahoo,lustre,2
yahoo,lusts,2
yahoo,luxuries,2
yahoo,luxury,2
yahoo,ly,2
yahoo,lynne,2
yahoo,lyrics007,2
yahoo,lyricsdomain,2
yahoo,lyricsmagnet,2
yahoo,lysol,2
yahoo,m62,2
yahoo,m621,2
yahoo,mabye,2
yahoo,machinery,2
yahoo,madamn,2
yahoo,madden,2
yahoo,madness,2
yahoo,mag4you,2
yahoo,magic8,2
yahoo,magical,2
yahoo,magician,2
yahoo,magma,2
yahoo,magnetism,2
yahoo,magnums,2
yahoo,magsaysay,2
yahoo,mahajan,2
yahoo,maiden,2
yahoo,mailbox,2
yahoo,mainframe,2
yahoo,mainlined,2
yahoo,maintaining,2
yahoo,maintypeid,2
yahoo,majorities,2
yahoo,makelele,2
yahoo,makin,2
yahoo,malcontent,2
yahoo,malicious,2
yahoo,malloc,2
yahoo,malone,2
yahoo,malouda,2
yahoo,mals,2
yahoo,maltesa,2
yahoo,malvolio,2
yahoo,mam,2
yahoo,mama,2
yahoo,mamas,2
yahoo,mammalian,2
yahoo,manages,2
yahoo,maneuvered,2
yahoo,mangos,2
yahoo,mangrove,2
yahoo,manifest,2
yahoo,manifested,2
yahoo,manmade,2
yahoo,manned,2
yahoo,mansion,2
yahoo,manslaughter,2
yahoo,manson,2
yahoo,mantal,2
yahoo,mantras,2
yahoo,manuela,2
yahoo,manufacture,2
yahoo,manufactured,2
yahoo,maple,2
yahoo,mapped,2
yahoo,marathon,2
yahoo,marcus,2
yahoo,mardiv,2
yahoo,margins,2
yahoo,mariah,2
yahoo,marijuana,2
yahoo,markana,2
yahoo,markov,2
yahoo,marquesa,2
yahoo,marrying,2
yahoo,marseille,2
yahoo,marsh,2
yahoo,marshes,2
yahoo,martina,2
yahoo,martindale,2
yahoo,martyr,2
yahoo,marx,2
yahoo,marxism,2
yahoo,maryland,2
yahoo,masanobu,2
yahoo,mashed,2
yahoo,masks,2
yahoo,maslow,2
yahoo,mason,2
yahoo,massacre,2
yahoo,masturbation,2
yahoo,materazzi,2
yahoo,mates,2
yahoo,mathematically,2
yahoo,mathematicians,2
yahoo,matician,2
yahoo,mating,2
yahoo,matthews,2
yahoo,mauro,2
yahoo,maxiam,2
yahoo,maximization,2
yahoo,maxtor,2
yahoo,maze,2
yahoo,mbriefs,2
yahoo,mc,2
yahoo,mcbride,2
yahoo,mccain,2
yahoo,mccary,2
yahoo,mcnabb,2
yahoo,mcqueen,2
yahoo,mdf,2
yahoo,mds,2
yahoo,meantime,2
yahoo,measly,2
yahoo,mechanic,2
yahoo,medals,2
yahoo,mederma,2
yahoo,medical041206,2
yahoo,mediocre,2
yahoo,mega,2
yahoo,megabytes,2
yahoo,melatonin,2
yahoo,mellow,2
yahoo,melodramatic,2
yahoo,melting,2
yahoo,memorex,2
yahoo,memos,2
yahoo,menage,2
yahoo,menber,2
yahoo,mencia,2
yahoo,menopause,2
yahoo,menstruation,2
yahoo,mentions,2
yahoo,mercado,2
yahoo,merchandise,2
yahoo,merchant,2
yahoo,merchantability,2
yahoo,merchants,2
yahoo,meridian,2
yahoo,merit,2
yahoo,messing,2
yahoo,meta,2
yahoo,metabolites,2
yahoo,metamorphosis,2
yahoo,metasearch,2
yahoo,mezzo,2
yahoo,mgcars,2
yahoo,mhappy,2
yahoo,mice,2
yahoo,microevolution,2
yahoo,microwaves,2
yahoo,migrate,2
yahoo,miguel,2
yahoo,militia,2
yahoo,milky,2
yahoo,millaaaaaaaaaaaaa,2
yahoo,miller,2
yahoo,milliliter,2
yahoo,mimo,2
yahoo,minded,2
yahoo,mineral,2
yahoo,minerals,2
yahoo,miners,2
yahoo,mingle,2
yahoo,minimal,2
yahoo,minimat25,2
yahoo,minimizing,2
yahoo,minorities,2
yahoo,mint,2
yahoo,mirabelli,2
yahoo,miracles,2
yahoo,miro,2
yahoo,mis,2
yahoo,misconceptions,2
yahoo,misguide,2
yahoo,mishap,2
yahoo,misleading,2
yahoo,misplaced,2
yahoo,missionary,2
yahoo,mit,2
yahoo,mitchner,2
yahoo,mite,2
yahoo,mitosis,2
yahoo,mlm,2
yahoo,mmmm,2
yahoo,mmmmaaaaaaaaannnnnnnnn,2
yahoo,mobility,2
yahoo,mobius,2
yahoo,modulation,2
yahoo,modulus,2
yahoo,mojo,2
yahoo,molten,2
yahoo,moms,2
yahoo,monetary,2
yahoo,moni,2
yahoo,monique,2
yahoo,monk,2
yahoo,monogomous,2
yahoo,monounsaturated,2
yahoo,monty,2
yahoo,monuments,2
yahoo,moorea,2
yahoo,morals,2
yahoo,moravia,2
yahoo,moreover,2
yahoo,mormon,2
yahoo,mormonism,2
yahoo,mormons,2
yahoo,morris,2
yahoo,morrisons,2
yahoo,mortal,2
yahoo,mortems,2
yahoo,mosquitos,2
yahoo,motivated,2
yahoo,motivates,2
yahoo,motives,2
yahoo,motors,2
yahoo,motto,2
yahoo,moulton,2
yahoo,mound,2
yahoo,mounted,2
yahoo,mouthwash,2
yahoo,movements,2
yahoo,mp3000,2
yahoo,mp3free4me,2
yahoo,mp3fusion,2
yahoo,mp5,2
yahoo,mpeg,2
yahoo,msdn,2
yahoo,msg,2
yahoo,msgr,2
yahoo,msgshit,2
yahoo,msud,2
yahoo,mts,2
yahoo,muggers,2
yahoo,mulgrew,2
yahoo,mullets,2
yahoo,munich,2
yahoo,munsters,2
yahoo,murray,2
yahoo,muscular,2
yahoo,museum,2
yahoo,mushroom,2
yahoo,mushy,2
yahoo,musichunter,2
yahoo,musicians,2
yahoo,mutates,2
yahoo,mw,2
yahoo,mx,2
yahoo,mybe,2
yahoo,mymusiclayouts,2
yahoo,myriad,2
yahoo,mysterious,2
yahoo,mystical,2
yahoo,mystics,2
yahoo,mythical,2
yahoo,mytoken,2
yahoo,n15r,2
yahoo,n15t,2
yahoo,n17,2
yahoo,n1930,2
yahoo,n1934,2
yahoo,n1966,2
yahoo,n1974,2
yahoo,n1978,2
yahoo,n1982,2
yahoo,n1998,2
yahoo,n1999,2
yahoo,n2006,2
yahoo,n20x,2
yahoo,n29,2
yahoo,n2a,2
yahoo,n2b,2
yahoo,n2n,2
yahoo,n32,2
yahoo,n3r,2
yahoo,n3x,2
yahoo,n600,2
yahoo,n62,2
yahoo,n7w,2
yahoo,n96,2
yahoo,nabout,2
yahoo,nacademy,2
yahoo,naccess,2
yahoo,naccounting,2
yahoo,naccutaly,2
yahoo,nace,2
yahoo,nact,2
yahoo,nadal,2
yahoo,naddiction,2
yahoo,nadding,2
yahoo,nadrien,2
yahoo,nadvantages,2
yahoo,nag,2
yahoo,nagging,2
yahoo,nailed,2
yahoo,nair,2
yahoo,nairdrie,2
yahoo,nal,2
yahoo,nalbion,2
yahoo,nalbum,2
yahoo,nalloa,2
yahoo,nangel,2
yahoo,nangelfire,2
yahoo,nanne,2
yahoo,nanong,2
yahoo,nanybody,2
yahoo,nap,2
yahoo,nappeal,2
yahoo,narbroath,2
yahoo,narc,2
yahoo,nartist,2
yahoo,nashville,2
yahoo,nask,2
yahoo,nastronomical,2
yahoo,nathaniel,2
yahoo,nationalgeographic,2
yahoo,natomic,2
yahoo,naustralian,2
yahoo,nautica,2
yahoo,nav,2
yahoo,naval,2
yahoo,navobenzone,2
yahoo,naye,2
yahoo,nayr,2
yahoo,nayudame,2
yahoo,nazis,2
yahoo,nbackground,2
yahoo,nbattle,2
yahoo,nbatv,2
yahoo,nbcz,2
yahoo,nbeatles,2
yahoo,nbecket,2
yahoo,nbelly,2
yahoo,nbelow,2
yahoo,nberwick,2
yahoo,nbetween,2
yahoo,nbob,2
yahoo,nbodybuilders,2
yahoo,nbowflex,2
yahoo,nbrahman,2
yahoo,nbrass,2
yahoo,nbrave,2
yahoo,nbreak,2
yahoo,nbrechin,2
yahoo,nbusers,2
yahoo,nca,2
yahoo,ncanada,2
yahoo,ncandida,2
yahoo,ncarlito,2
yahoo,ncauses,2
yahoo,ncc,2
yahoo,nceltic,2
yahoo,nchemical,2
yahoo,nchez,2
yahoo,nchina,2
yahoo,nclean,2
yahoo,nclerk,2
yahoo,ncoal,2
yahoo,ncoda,2
yahoo,ncolor,2
yahoo,ncome,2
yahoo,ncompany,2
yahoo,nconcept,2
yahoo,nconservation,2
yahoo,ncontrol,2
yahoo,ncool,2
yahoo,ncourtesy,2
yahoo,ncourtroom,2
yahoo,ncricket,2
yahoo,ncrooked,2
yahoo,ncurious,2
yahoo,ncurvature,2
yahoo,nda,2
yahoo,ndaaaaaaaaaaaaaaaaaaaannya,2
yahoo,ndale,2
yahoo,ndang,2
yahoo,ndaniela,2
yahoo,ndannya,2
yahoo,ndavid,2
yahoo,ndavida,2
yahoo,ndcdancecollective,2
yahoo,nde,2
yahoo,ndear,2
yahoo,ndemocracy,2
yahoo,ndemocrats,2
yahoo,ndevelopment,2
yahoo,ndirty,2
yahoo,ndoes,2
yahoo,ndog,2
yahoo,ndont,2
yahoo,ndoubles,2
yahoo,ndraws,2
yahoo,ndrop,2
yahoo,ndry,2
yahoo,ndudley,2
yahoo,ndusk,2
yahoo,ndutch,2
yahoo,ndvd,2
yahoo,neal,2
yahoo,nearth,2
yahoo,neater,2
yahoo,necesitado,2
yahoo,neconomics,2
yahoo,ned,2
yahoo,neddiea,2
yahoo,needing,2
yahoo,negatives,2
yahoo,negitive,2
yahoo,neigborhoods,2
yahoo,neighborhoods,2
yahoo,neighresources,2
yahoo,neil,2
yahoo,neila,2
yahoo,neirika,2
yahoo,nelson,2
yahoo,nen,2
yahoo,nend,2
yahoo,nenergy,2
yahoo,nenter,2
yahoo,nenterprise,2
yahoo,nentrepreneurship,2
yahoo,neo,2
yahoo,neocon,2
yahoo,nepal,2
yahoo,nephew,2
yahoo,nervosa,2
yahoo,nest,2
yahoo,netflix,2
yahoo,netfreehost,2
yahoo,nethanol,2
yahoo,netherlands,2
yahoo,netminder,2
yahoo,netwok,2
yahoo,neu,2
yahoo,neutrinos,2
yahoo,nevanescence,2
yahoo,neventually,2
yahoo,nevery,2
yahoo,newco,2
yahoo,newest,2
yahoo,newpage120,2
yahoo,newportsp,2
yahoo,newsoftwares,2
yahoo,nexposition,2
yahoo,nfancy,2
yahoo,nfever,2
yahoo,nfill,2
yahoo,nfirefox,2
yahoo,nflat,2
yahoo,nfolder,2
yahoo,nfollow,2
yahoo,nfood,2
yahoo,nforce,2
yahoo,nforest,2
yahoo,nform,2
yahoo,nforms,2
yahoo,nfortune,2
yahoo,nfraction,2
yahoo,nfraza,2
yahoo,nfreewebs,2
yahoo,nfriday,2
yahoo,nfurthermore,2
yahoo,nfw,2
yahoo,ngames,2
yahoo,ngarya,2
yahoo,ngeocities,2
yahoo,ngetting,2
yahoo,ngirl,2
yahoo,ngive,2
yahoo,ngoal,2
yahoo,ngoalies,2
yahoo,ngoing,2
yahoo,ngoldburg,2
yahoo,ngoodluck,2
yahoo,ngreene,2
yahoo,ngusto,2
yahoo,ngylfia,2
yahoo,nhalf,2
yahoo,nhappy,2
yahoo,nhardy,2
yahoo,nhate,2
yahoo,nhaving,2
yahoo,nhmm,2
yahoo,nhmmm,2
yahoo,nhomosexuality,2
yahoo,nhra,2
yahoo,nhundreds,2
yahoo,nhydrates,2
yahoo,nicc,2
yahoo,nicene,2
yahoo,nicer,2
yahoo,nicholson,2
yahoo,nicing,2
yahoo,nickel,2
yahoo,nidea,2
yahoo,niger,2
yahoo,nighmare,2
yahoo,nignore,2
yahoo,nil,2
yahoo,nile,2
yahoo,nimagine,2
yahoo,nindia,2
yahoo,ninformation,2
yahoo,ninja,2
yahoo,ninstead,2
yahoo,nint,2
yahoo,ninternational,2
yahoo,ninto,2
yahoo,nique,2
yahoo,niron,2
yahoo,nisn,2
yahoo,nitalie,2
yahoo,nite,2
yahoo,njack,2
yahoo,njeff,2
yahoo,njoela,2
yahoo,njojo,2
yahoo,njonathana,2
yahoo,njudge,2
yahoo,njury,2
yahoo,nkhali,2
yahoo,nkids,2
yahoo,nkill,2
yahoo,nkiss,2
yahoo,nknow,2
yahoo,nleavesden,2
yahoo,nlee,2
yahoo,nliama,2
yahoo,nlosses,2
yahoo,nlove,2
yahoo,nlucky,2
yahoo,nlying,2
yahoo,nmanila,2
yahoo,nmark,2
yahoo,nmars,2
yahoo,nmatthewa,2
yahoo,nmazal,2
yahoo,nme,2
yahoo,nmen,2
yahoo,nmention,2
yahoo,nmexican,2
yahoo,nmichael,2
yahoo,nmichaela,2
yahoo,nmicrowaves,2
yahoo,nmight,2
yahoo,nmike,2
yahoo,nmix,2
yahoo,nmng,2
yahoo,nmo,2
yahoo,nmonica,2
yahoo,nmove,2
yahoo,nmp,2
yahoo,nmuestra,2
yahoo,nmuliply,2
yahoo,nnamely,2
yahoo,nnatural,2
yahoo,nnba,2
yahoo,nnelly,2
yahoo,nnewsroom,2
yahoo,nnicholas,2
yahoo,nnick,2
yahoo,nnickname,2
yahoo,nnights,2
yahoo,nnnstore,2
yahoo,nnordictrack,2
yahoo,nnotice,2
yahoo,nnumerology,2
yahoo,no3,2
yahoo,noaa,2
yahoo,noble,2
yahoo,noboby,2
yahoo,noc,2
yahoo,noe,2
yahoo,noffspring,2
yahoo,noften,2
yahoo,noggin,2
yahoo,noil,2
yahoo,nokay,2
yahoo,nola,2
yahoo,noliver,2
yahoo,nomadic,2
yahoo,nominal,2
yahoo,nonbelievers,2
yahoo,nonconforming,2
yahoo,nondeterministic,2
yahoo,nonmetal,2
yahoo,nonprofits,2
yahoo,nonrenewable,2
yahoo,noon,2
yahoo,noooo,2
yahoo,nopen,2
yahoo,noperating,2
yahoo,noperation,2
yahoo,nordictrack,2
yahoo,norgsoc9,2
yahoo,normaly,2
yahoo,norris,2
yahoo,northeast,2
yahoo,northrn,2
yahoo,noscar,2
yahoo,notepad,2
yahoo,notts,2
yahoo,nouns,2
yahoo,nov,2
yahoo,nowdays,2
yahoo,npakistan,2
yahoo,npart,2
yahoo,npaula,2
yahoo,npegans,2
yahoo,npercentage,2
yahoo,nperformed,2
yahoo,npersonally,2
yahoo,npete,2
yahoo,nph,2
yahoo,npoints,2
yahoo,npoor,2
yahoo,npower,2
yahoo,npowers,2
yahoo,nprepared,2
yahoo,nproducing,2
yahoo,nproperty,2
yahoo,nprune,2
yahoo,npsa,2
yahoo,npsicosis,2
yahoo,npulp,2
yahoo,npussycat,2
yahoo,nquitting,2
yahoo,nrather,2
yahoo,nrbd,2
yahoo,nreal,2
yahoo,nrealestate,2
yahoo,nrearrange,2
yahoo,nrecapitulation,2
yahoo,nrejoice,2
yahoo,nrequire,2
yahoo,nretransition,2
yahoo,nrewrite,2
yahoo,nrey,2
yahoo,nrgds,2
yahoo,nrich,2
yahoo,nricharda,2
yahoo,nrihanna,2
yahoo,nroba,2
yahoo,nrobbiea,2
yahoo,nrock,2
yahoo,nrod,2
yahoo,nruia,2
yahoo,nrupert,2
yahoo,nsan,2
yahoo,nscotland,2
yahoo,nsean,2
yahoo,nseana,2
yahoo,nseason,2
yahoo,nsecretarial,2
yahoo,nseek,2
yahoo,nseems,2
yahoo,nselect,2
yahoo,nserie,2
yahoo,nserpico,2
yahoo,nshape,2
yahoo,nshauna,2
yahoo,nsheriff,2
yahoo,nshowmessage,2
yahoo,nsilly,2
yahoo,nsimona,2
yahoo,nsingles,2
yahoo,nslide,2
yahoo,nslope,2
yahoo,nsmile,2
yahoo,nsnow,2
yahoo,nsomeone,2
yahoo,nsomething,2
yahoo,nsometimes,2
yahoo,nspecify,2
yahoo,nspike,2
yahoo,nspongebob,2
yahoo,nspybot,2
yahoo,nstar,2
yahoo,nstephena,2
yahoo,nsteroids,2
yahoo,nstevea,2
yahoo,nstill,2
yahoo,nstiner,2
yahoo,nstranger,2
yahoo,nsts2,2
yahoo,nsuccess,2
yahoo,nsuffering,2
yahoo,nsugar,2
yahoo,nsunlight,2
yahoo,nsw,2
yahoo,nsymptoms,2
yahoo,ntalk,2
yahoo,nteach,2
yahoo,ntelangiectasis,2
yahoo,ntemperature,2
yahoo,nthird,2
yahoo,nthrs,2
yahoo,nthu,2
yahoo,ntimes,2
yahoo,ntipsy,2
yahoo,ntna,2
yahoo,ntogether,2
yahoo,ntools,2
yahoo,ntouch,2
yahoo,ntrade,2
yahoo,ntripod,2
yahoo,ntu,2
yahoo,ntwo,2
yahoo,nucleic,2
yahoo,nuetrons,2
yahoo,nufc,2
yahoo,null,2
yahoo,nullius,2
yahoo,numbed,2
yahoo,numerical,2
yahoo,numerological,2
yahoo,numerology,2
yahoo,numlock,2
yahoo,nuntil,2
yahoo,nunzip,2
yahoo,nup,2
yahoo,nupon,2
yahoo,nur,2
yahoo,nurine,2
yahoo,nurture,2
yahoo,nus,2
yahoo,nut,2
yahoo,nvictoria,2
yahoo,nvoid,2
yahoo,nw,2
yahoo,nwait,2
yahoo,nwedding,2
yahoo,nweight,2
yahoo,nwere,2
yahoo,nwish,2
yahoo,nwritten,2
yahoo,nya,2
yahoo,nyahoo,2
yahoo,nyet,2
yahoo,nyourname,2
yahoo,nzonealarm,2
yahoo,oakland,2
yahoo,obama,2
yahoo,obe,2
yahoo,obedience,2
yahoo,objective,2
yahoo,objectives,2
yahoo,objector,2
yahoo,obligated,2
yahoo,obligations,2
yahoo,obscene,2
yahoo,observations,2
yahoo,obsessive,2
yahoo,obsolete,2
yahoo,obtener,2
yahoo,occasionally,2
yahoo,occasions,2
yahoo,occidental,2
yahoo,occult,2
yahoo,occultists,2
yahoo,occupancy,2
yahoo,occupation,2
yahoo,occurring,2
yahoo,ocos053,2
yahoo,oddball,2
yahoo,odi,2
yahoo,ofcoarse,2
yahoo,ofcourse,2
yahoo,offend,2
yahoo,offending,2
yahoo,officials,2
yahoo,offside,2
yahoo,ohh,2
yahoo,ohms,2
yahoo,oils,2
yahoo,okaloosa,2
yahoo,okesite,2
yahoo,oldham,2
yahoo,oligarh,2
yahoo,olive,2
yahoo,olspage,2
yahoo,olympia,2
yahoo,olympique,2
yahoo,omari,2
yahoo,ominous,2
yahoo,onchange,2
yahoo,onesourcetours,2
yahoo,ongoing,2
yahoo,onions,2
yahoo,onlinepopstar,2
yahoo,ono,2
yahoo,ood,2
yahoo,ooh,2
yahoo,oooh,2
yahoo,ooooh,2
yahoo,op,2
yahoo,opa,2
yahoo,opend,2
yahoo,operative,2
yahoo,opion,2
yahoo,opponents,2
yahoo,opposition,2
yahoo,oprah,2
yahoo,opt,2
yahoo,opthamologist,2
yahoo,optics,2
yahoo,optimist,2
yahoo,optimization,2
yahoo,optimum,2
yahoo,orbits,2
yahoo,ordeal,2
yahoo,ordering,2
yahoo,orders,2
yahoo,organicdance,2
yahoo,organisations,2
yahoo,orginal,2
yahoo,oriental,2
yahoo,oriented,2
yahoo,orignal,2
yahoo,ornamental,2
yahoo,ornithologists,2
yahoo,orton,2
yahoo,osbourne,2
yahoo,osiris,2
yahoo,osmosis,2
yahoo,oso,2
yahoo,otc,2
yahoo,otha,2
yahoo,ouija,2
yahoo,ous,2
yahoo,outdone,2
yahoo,outdoor,2
yahoo,outfielder,2
yahoo,outflow,2
yahoo,outgoing,2
yahoo,outlets,2
yahoo,outrageous,2
yahoo,ov,2
yahoo,ova,2
yahoo,ovarian,2
yahoo,ovc,2
yahoo,overactive,2
yahoo,overdue,2
yahoo,overgrown,2
yahoo,overlapping,2
yahoo,overload,2
yahoo,overloading,2
yahoo,overlook,2
yahoo,oversea,2
yahoo,overtakes,2
yahoo,overtime,2
yahoo,ovkey,2
yahoo,ovmtc,2
yahoo,ovraw,2
yahoo,owes,2
yahoo,owl,2
yahoo,owning,2
yahoo,oxidizer,2
yahoo,oxymoron,2
yahoo,ozzy,2
yahoo,p1,2
yahoo,pacers,2
yahoo,pacquiao,2
yahoo,padbury,2
yahoo,paddle,2
yahoo,paddockspares,2
yahoo,paes,2
yahoo,page1,2
yahoo,pagewizard,2
yahoo,painted,2
yahoo,painter,2
yahoo,palces,2
yahoo,pale,2
yahoo,paleoclimate,2
yahoo,palimpsest,2
yahoo,palindrome,2
yahoo,palladium,2
yahoo,pam,2
yahoo,pampering,2
yahoo,pamphlets,2
yahoo,panama,2
yahoo,panchayat,2
yahoo,panchayath,2
yahoo,panels,2
yahoo,panicked,2
yahoo,pantyhose,2
yahoo,papa,2
yahoo,paperwork,2
yahoo,papilloma,2
yahoo,papuyaar,2
yahoo,par,2
yahoo,paracelsus,2
yahoo,parade,2
yahoo,parameter,2
yahoo,paranoid,2
yahoo,parasites,2
yahoo,pardoned,2
yahoo,pardons,2
yahoo,parentheses,2
yahoo,parenthood,2
yahoo,pareto,2
yahoo,parish,2
yahoo,parked,2
yahoo,parody,2
yahoo,participate,2
yahoo,participating,2
yahoo,participation,2
yahoo,particuar,2
yahoo,partime,2
yahoo,partly,2
yahoo,partying,2
yahoo,pas,2
yahoo,pasadena,2
yahoo,pascal,2
yahoo,passage,2
yahoo,pat,2
yahoo,patches,2
yahoo,patching,2
yahoo,patchogue,2
yahoo,pathfinder,2
yahoo,patriot,2
yahoo,paychecks,2
yahoo,payday,2
yahoo,payed,2
yahoo,payroll,2
yahoo,pbs,2
yahoo,pcb,2
yahoo,pcdi,2
yahoo,pco,2
yahoo,pcos,2
yahoo,pctools,2
yahoo,peak,2
yahoo,pearson,2
yahoo,pecans,2
yahoo,peck,2
yahoo,pediatrician,2
yahoo,pediatrics,2
yahoo,pedicure,2
yahoo,pedigree,2
yahoo,pedigreequery,2
yahoo,peebles,2
yahoo,peeing,2
yahoo,peel,2
yahoo,peeled,2
yahoo,peers,2
yahoo,pegamoides,2
yahoo,pegans,2
yahoo,pele,2
yahoo,peluche,2
yahoo,pencils,2
yahoo,pennsylvania,2
yahoo,pentagon,2
yahoo,pentagons,2
yahoo,pepe,2
yahoo,pepper,2
yahoo,pepperdine,2
yahoo,peppy,2
yahoo,perchlorate,2
yahoo,perfume,2
yahoo,perimeter,2
yahoo,permability,2
yahoo,permissible,2
yahoo,perrotta,2
yahoo,persecute,2
yahoo,persistent,2
yahoo,personals,2
yahoo,persued,2
yahoo,perth,2
yahoo,pervades,2
yahoo,perverted,2
yahoo,perverts,2
yahoo,pesos,2
yahoo,peta,2
yahoo,petit,2
yahoo,pettit,2
yahoo,peyton,2
yahoo,pfp,2
yahoo,pharmacies,2
yahoo,pharmacist,2
yahoo,phenoix,2
yahoo,philadelphia,2
yahoo,philip,2
yahoo,philippine,2
yahoo,philippines,2
yahoo,philosphy,2
yahoo,phloem,2
yahoo,phobia,2
yahoo,phoenix,2
yahoo,phonebook,2
yahoo,photograph,2
yahoo,photographed,2
yahoo,photographer,2
yahoo,photons,2
yahoo,photosensitive,2
yahoo,photosynthesis,2
yahoo,phrased,2
yahoo,phyllis,2
yahoo,physiology,2
yahoo,pi9542,2
yahoo,pigeon,2
yahoo,pigment,2
yahoo,pilates,2
yahoo,pillows,2
yahoo,pimp,2
yahoo,pinch,2
yahoo,pinky,2
yahoo,pirates,2
yahoo,pirlo,2
yahoo,pisition,2
yahoo,piss,2
yahoo,pissed,2
yahoo,pitched,2
yahoo,pitchers,2
yahoo,pitches,2
yahoo,pitta,2
yahoo,pizza,2
yahoo,pkenty,2
yahoo,planes,2
yahoo,planetsourcecode,2
yahoo,planing,2
yahoo,plantation,2
yahoo,plaque,2
yahoo,plasmodium,2
yahoo,plaster,2
yahoo,plateau,2
yahoo,platforms,2
yahoo,platinium,2
yahoo,platinum,2
yahoo,plausible,2
yahoo,playd,2
yahoo,playstation,2
yahoo,pleasurable,2
yahoo,pleeted,2
yahoo,plexus,2
yahoo,plopping,2
yahoo,plugged,2
yahoo,plugging,2
yahoo,plumber,2
yahoo,pmi,2
yahoo,pms,2
yahoo,pneumonoultramicroscopicsilicovolcanoconiosis,2
yahoo,podamos,2
yahoo,podiatrist,2
yahoo,poe,2
yahoo,poems,2
yahoo,poisonous,2
yahoo,poke,2
yahoo,poker,2
yahoo,poking,2
yahoo,poland,2
yahoo,politition,2
yahoo,polski,2
yahoo,poltical,2
yahoo,polyhedron,2
yahoo,polymers,2
yahoo,polyps,2
yahoo,ponds,2
yahoo,ponting,2
yahoo,pooh,2
yahoo,pools,2
yahoo,poop,2
yahoo,popularity,2
yahoo,popup,2
yahoo,por,2
yahoo,porsche,2
yahoo,portable,2
yahoo,portal,2
yahoo,portal30,2
yahoo,portals,2
yahoo,portion,2
yahoo,portland,2
yahoo,porto,2
yahoo,portrayed,2
yahoo,pose,2
yahoo,posistion,2
yahoo,positional,2
yahoo,positioning,2
yahoo,positives,2
yahoo,possesion,2
yahoo,postcode,2
yahoo,potassium,2
yahoo,potentially,2
yahoo,potty,2
yahoo,pout,2
yahoo,powders,2
yahoo,powiedziec,2
yahoo,powter,2
yahoo,pple,2
yahoo,pppoe,2
yahoo,practically,2
yahoo,pratice,2
yahoo,prayed,2
yahoo,precipitation,2
yahoo,predating,2
yahoo,predator,2
yahoo,predictions,2
yahoo,predictor,2
yahoo,preferably,2
yahoo,preform,2
yahoo,pregnacie,2
yahoo,prejudicial,2
yahoo,prentenders,2
yahoo,preparing,2
yahoo,preschool,2
yahoo,prescott,2
yahoo,prescripiton,2
yahoo,presenting,2
yahoo,preservation,2
yahoo,preserves,2
yahoo,presidency,2
yahoo,presidential,2
yahoo,pressureless,2
yahoo,prestigious,2
yahoo,presumably,2
yahoo,presumed,2
yahoo,presuming,2
yahoo,pretenders,2
yahoo,pretending,2
yahoo,prey,2
yahoo,pricey,2
yahoo,priestesses,2
yahoo,primed,2
yahoo,princetonreview,2
yahoo,printout,2
yahoo,probally,2
yahoo,probe,2
yahoo,probloem,2
yahoo,proboards,2
yahoo,proclaim,2
yahoo,prod,2
yahoo,prodcol,2
yahoo,producer,2
yahoo,producers,2
yahoo,productdetail,2
yahoo,productive,2
yahoo,professionals,2
yahoo,proficiency,2
yahoo,profoundly,2
yahoo,progeria,2
yahoo,programmer,2
yahoo,programmes,2
yahoo,progression,2
yahoo,projectguide,2
yahoo,projecting,2
yahoo,promised,2
yahoo,pronounce,2
yahoo,propagate,2
yahoo,prophecy,2
yahoo,proposes,2
yahoo,propotional,2
yahoo,proprely,2
yahoo,proprieties,2
yahoo,prosecuting,2
yahoo,prospective,2
yahoo,prospects,2
yahoo,prosper,2
yahoo,protech,2
yahoo,protechknives,2
yahoo,protesters,2
yahoo,protests,2
yahoo,protozoa,2
yahoo,provid,2
yahoo,province,2
yahoo,provoking,2
yahoo,prt,2
yahoo,psalm,2
yahoo,pseudo,2
yahoo,psoriasis,2
yahoo,psychiatrist,2
yahoo,psychic,2
yahoo,psychometric,2
yahoo,pubalgie,2
yahoo,puberty,2
yahoo,publisher,2
yahoo,pubs,2
yahoo,pucks,2
yahoo,puede,2
yahoo,puff,2
yahoo,pugha,2
yahoo,pulley,2
yahoo,puls,2
yahoo,punishable,2
yahoo,punishments,2
yahoo,puperty,2
yahoo,puppet,2
yahoo,purity,2
yahoo,purported,2
yahoo,purses,2
yahoo,pushups,2
yahoo,puzzle,2
yahoo,pvas,2
yahoo,pwn,2
yahoo,py,2
yahoo,pyramids,2
yahoo,pythagoras,2
yahoo,qalitys,2
yahoo,qatar,2
yahoo,qauntities,2
yahoo,qbs,2
yahoo,qeustions,2
yahoo,qiagen,2
yahoo,qm2,2
yahoo,qu,2
yahoo,qualifications,2
yahoo,qualit,2
yahoo,quantities,2
yahoo,queation,2
yahoo,quebec,2
yahoo,quelada,2
yahoo,questioned,2
yahoo,questioning,2
yahoo,questionnaire,2
yahoo,quetions,2
yahoo,quickest,2
yahoo,quicksand,2
yahoo,quincy,2
yahoo,quotations,2
yahoo,quoteworld,2
yahoo,quran,2
yahoo,qurantined,2
yahoo,r8,2
yahoo,racially,2
yahoo,radeon,2
yahoo,rafflesia,2
yahoo,rafiki,2
yahoo,rag,2
yahoo,rahul,2
yahoo,raid,2
yahoo,raining,2
yahoo,rally,2
yahoo,ramirez,2
yahoo,ramming,2
yahoo,ramon,2
yahoo,ramp,2
yahoo,ranges,2
yahoo,ranks,2
yahoo,rant,2
yahoo,ranting,2
yahoo,rapid,2
yahoo,rapier,2
yahoo,raping,2
yahoo,rapper,2
yahoo,rappers,2
yahoo,raptors,2
yahoo,rapture,2
yahoo,raquet,2
yahoo,rascal,2
yahoo,ratification,2
yahoo,ratings,2
yahoo,ration,2
yahoo,raton,2
yahoo,rats,2
yahoo,rdca,2
yahoo,react,2
yahoo,reacted,2
yahoo,reacting,2
yahoo,reactive,2
yahoo,reagen,2
yahoo,reagents,2
yahoo,realise,2
yahoo,realizes,2
yahoo,realtime,2
yahoo,realvnc,2
yahoo,rebelling,2
yahoo,rebellion,2
yahoo,reboard,2
yahoo,rebound,2
yahoo,rebulicans,2
yahoo,receding,2
yahoo,recessive,2
yahoo,rechargeable,2
yahoo,recipeis,2
yahoo,reckon,2
yahoo,recliner,2
yahoo,recognizes,2
yahoo,recomends,2
yahoo,recommendation,2
yahoo,recommends,2
yahoo,recommenf,2
yahoo,reconciliation,2
yahoo,reconverted,2
yahoo,recording,2
yahoo,recruiting,2
yahoo,rectangular,2
yahoo,redd,2
yahoo,redirects,2
yahoo,redistributing,2
yahoo,redone,2
yahoo,redownload,2
yahoo,reduces,2
yahoo,redwingssuck,2
yahoo,reef,2
yahoo,reeled,2
yahoo,reese,2
yahoo,referees,2
yahoo,refills,2
yahoo,refine,2
yahoo,reflux,2
yahoo,reformation,2
yahoo,reformatting,2
yahoo,refresh,2
yahoo,refund,2
yahoo,reg,2
yahoo,regain,2
yahoo,regarded,2
yahoo,regedit,2
yahoo,reggae,2
yahoo,regime,2
yahoo,regulary,2
yahoo,regulation,2
yahoo,rehab,2
yahoo,rehabilitation,2
yahoo,reiclub,2
yahoo,reidhead,2
yahoo,reign,2
yahoo,reindeers,2
yahoo,reinstalled,2
yahoo,rejecting,2
yahoo,relating,2
yahoo,relativity,2
yahoo,relativly,2
yahoo,relaxation,2
yahoo,releases,2
yahoo,releasing,2
yahoo,relevance,2
yahoo,relgion,2
yahoo,reliance,2
yahoo,religeous,2
yahoo,religionists,2
yahoo,reload,2
yahoo,relying,2
yahoo,rem,2
yahoo,remake,2
yahoo,remarried,2
yahoo,remeber,2
yahoo,reminded,2
yahoo,ren,2
yahoo,render12,2
yahoo,rendered,2
yahoo,rene,2
yahoo,reneu,2
yahoo,rentals,2
yahoo,rep,2
yahoo,repairs,2
yahoo,repeal,2
yahoo,repect,2
yahoo,reperfusion,2
yahoo,repetitive,2
yahoo,replacements,2
yahoo,replacing,2
yahoo,reportedly,2
yahoo,reporters,2
yahoo,repossession,2
yahoo,representatives,2
yahoo,reproducing,2
yahoo,reps,2
yahoo,reptile,2
yahoo,repubs,2
yahoo,reqproc,2
yahoo,requesting,2
yahoo,resavation,2
yahoo,rescue,2
yahoo,researched,2
yahoo,researchers,2
yahoo,researching,2
yahoo,reseller,2
yahoo,resemblance,2
yahoo,resemble,2
yahoo,reservation,2
yahoo,resilience,2
yahoo,resista,2
yahoo,resolving,2
yahoo,resonate,2
yahoo,respected,2
yahoo,respects,2
yahoo,responcible,2
yahoo,responded,2
yahoo,responding,2
yahoo,ressant,2
yahoo,resta,2
yahoo,restless,2
yahoo,restoring,2
yahoo,restrictive,2
yahoo,resulted,2
yahoo,retainer,2
yahoo,retaining,2
yahoo,retaliate,2
yahoo,retard,2
yahoo,retirement,2
yahoo,retype,2
yahoo,reunions,2
yahoo,revel,2
yahoo,revisions,2
yahoo,revived,2
yahoo,revolutions,2
yahoo,revolves,2
yahoo,rewards,2
yahoo,rewrite,2
yahoo,rex,2
yahoo,reynolds,2
yahoo,reza,2
yahoo,rh,2
yahoo,rheumatoid,2
yahoo,rhianna,2
yahoo,rhode,2
yahoo,rhyme,2
yahoo,rhythm,2
yahoo,rhythmic,2
yahoo,ri,2
yahoo,ribbit,2
yahoo,ribery,2
yahoo,rica,2
yahoo,richardsona,2
yahoo,richest,2
yahoo,rickettsa,2
yahoo,riddle,2
yahoo,rider,2
yahoo,ridin,2
yahoo,riding,2
yahoo,riise,2
yahoo,ringo,2
yahoo,ringtone,2
yahoo,rioght,2
yahoo,rip,2
yahoo,ripoffreport,2
yahoo,ripper,2
yahoo,riquelme,2
yahoo,rites,2
yahoo,ritual,2
yahoo,rival,2
yahoo,rivalry,2
yahoo,rlc,2
yahoo,rm1,2
yahoo,rnap,2
yahoo,rnd,2
yahoo,roam,2
yahoo,roaming,2
yahoo,roar,2
yahoo,roaring,2
yahoo,roasted,2
yahoo,robber,2
yahoo,robertson,2
yahoo,robot,2
yahoo,robust,2
yahoo,robutussin,2
yahoo,rocker,2
yahoo,rockin,2
yahoo,rocky,2
yahoo,rodney,2
yahoo,roller,2
yahoo,romans,2
yahoo,roni,2
yahoo,roony,2
yahoo,roosevelt,2
yahoo,rooting,2
yahoo,ropes,2
yahoo,rory,2
yahoo,rotates,2
yahoo,rotational,2
yahoo,rotations,2
yahoo,rotj,2
yahoo,roundabout,2
yahoo,roush,2
yahoo,routers,2
yahoo,royalty,2
yahoo,rte,2
yahoo,ruby,2
yahoo,rugby,2
yahoo,ruined,2
yahoo,rumours,2
yahoo,runner,2
yahoo,runners,2
yahoo,runny,2
yahoo,rushcard,2
yahoo,russi,2
yahoo,rvd,2
yahoo,rw,2
yahoo,rye,2
yahoo,rythm,2
yahoo,rz,2
yahoo,s0fozeihtw0j,2
yahoo,s1,2
yahoo,sabbath,2
yahoo,saber,2
yahoo,sac,2
yahoo,sacrifices,2
yahoo,saddening,2
yahoo,sadness,2
yahoo,saeuk,2
yahoo,saftey,2
yahoo,saga,2
yahoo,sagnol,2
yahoo,sailing,2
yahoo,saints,2
yahoo,salaried,2
yahoo,salaries,2
yahoo,salem,2
yahoo,saliva,2
yahoo,salle,2
yahoo,salvationarmyusa,2
yahoo,saml,2
yahoo,sampras,2
yahoo,samuel,2
yahoo,sanctions,2
yahoo,sandwiches,2
yahoo,sane,2
yahoo,sap,2
yahoo,sarcasticaly,2
yahoo,satelite,2
yahoo,satellites,2
yahoo,satin,2
yahoo,saturnalia,2
yahoo,sauces,2
yahoo,scalable,2
yahoo,scales,2
yahoo,scammed,2
yahoo,scanseattle,2
yahoo,scares,2
yahoo,scarface,2
yahoo,scattering,2
yahoo,sch,2
yahoo,schalke,2
yahoo,schemes,2
yahoo,schizophrenic,2
yahoo,scholars,2
yahoo,schooling,2
yahoo,schwab,2
yahoo,scientist,2
yahoo,scifair,2
yahoo,scit,2
yahoo,scooter,2
yahoo,scoreboard,2
yahoo,scorer,2
yahoo,scorpio,2
yahoo,scorpion,2
yahoo,scotch,2
yahoo,scoti,2
yahoo,scout,2
yahoo,scratch,2
yahoo,scratched,2
yahoo,screamed,2
yahoo,screamer,2
yahoo,screamo,2
yahoo,screenname,2
yahoo,scren,2
yahoo,scripture,2
yahoo,scrollbar,2
yahoo,scrub,2
yahoo,scrubs,2
yahoo,sealed,2
yahoo,seals,2
yahoo,seams,2
yahoo,searched,2
yahoo,searchhistory,2
yahoo,seatings,2
yahoo,sebastian,2
yahoo,secconds,2
yahoo,secondary,2
yahoo,secondly,2
yahoo,secreted,2
yahoo,secs,2
yahoo,sect,2
yahoo,sector,2
yahoo,sedimentary,2
yahoo,seekalyric,2
yahoo,seeks,2
yahoo,segregation,2
yahoo,selectedstate,2
yahoo,selecting,2
yahoo,selfs,2
yahoo,sellers,2
yahoo,seltser,2
yahoo,semester,2
yahoo,senario,2
yahoo,senders,2
yahoo,senna,2
yahoo,senor,2
yahoo,sensory,2
yahoo,sentiments,2
yahoo,seos,2
yahoo,serach,2
yahoo,serials,2
yahoo,serie,2
yahoo,serotonin,2
yahoo,serrated,2
yahoo,servants,2
yahoo,serviceid,2
yahoo,servicetypeid,2
yahoo,setastring,2
yahoo,settled,2
yahoo,settlement,2
yahoo,settlers,2
yahoo,seventh,2
yahoo,severely,2
yahoo,shaky,2
yahoo,shale,2
yahoo,shalt,2
yahoo,shamanism,2
yahoo,shameful,2
yahoo,shammi,2
yahoo,shampoos,2
yahoo,shanahan,2
yahoo,shanan,2
yahoo,shaping,2
yahoo,sharable,2
yahoo,sharebuilder,2
yahoo,shareholder,2
yahoo,shares,2
yahoo,sharp,2
yahoo,sheeple,2
yahoo,sheesh,2
yahoo,sheldon,2
yahoo,shelf,2
yahoo,shhhh,2
yahoo,shields,2
yahoo,shines,2
yahoo,shingles,2
yahoo,shiny,2
yahoo,shirts,2
yahoo,shlong,2
yahoo,shockwave,2
yahoo,shockwaveflash,2
yahoo,shoppers,2
yahoo,shortest,2
yahoo,shorthand,2
yahoo,shortly,2
yahoo,shotgun,2
yahoo,shots,2
yahoo,shouldent,2
yahoo,shout,2
yahoo,showthread,2
yahoo,shtm,2
yahoo,shuffle,2
yahoo,shutdown,2
yahoo,sice,2
yahoo,sickies,2
yahoo,sidekicks,2
yahoo,siemanko,2
yahoo,sierra,2
yahoo,signing,2
yahoo,silence,2
yahoo,silicon,2
yahoo,simplecasesearch,2
yahoo,simpsons,2
yahoo,singingfish,2
yahoo,sinner,2
yahoo,sio2,2
yahoo,sis,2
yahoo,sissies,2
yahoo,sisterhood,2
yahoo,sitcom,2
yahoo,situationally,2
yahoo,sixteen,2
yahoo,skewed,2
yahoo,ski,2
yahoo,skilled,2
yahoo,skim,2
yahoo,sku,2
yahoo,skuid,2
yahoo,skyview,2
yahoo,slalom,2
yahoo,slam,2
yahoo,slash,2
yahoo,slaughtered,2
yahoo,sld004,2
yahoo,sledding,2
yahoo,slegyjesewmj,2
yahoo,slick,2
yahoo,sling,2
yahoo,slingshot,2
yahoo,slink,2
yahoo,slinky,2
yahoo,slip,2
yahoo,slips,2
yahoo,sloppy,2
yahoo,slot,2
yahoo,slovenia,2
yahoo,slowed,2
yahoo,sm,2
yahoo,smacking,2
yahoo,smartiepants,2
yahoo,smartnewhomes,2
yahoo,smiljan,2
yahoo,smithsonian,2
yahoo,smooooooooth,2
yahoo,smorgasborg,2
yahoo,sms,2
yahoo,smudge,2
yahoo,smuggled,2
yahoo,snack,2
yahoo,snacks,2
yahoo,snail,2
yahoo,snakes,2
yahoo,snatch,2
yahoo,sneak,2
yahoo,sniffing,2
yahoo,sniper,2
yahoo,snl,2
yahoo,snorkels,2
yahoo,snowboarding,2
yahoo,snows,2
yahoo,socialism,2
yahoo,sockets,2
yahoo,sodium,2
yahoo,soemthat,2
yahoo,soemthing,2
yahoo,sofia,2
yahoo,softly,2
yahoo,softwarecategory,2
yahoo,softwaredownloadindex,2
yahoo,softwareitem,2
yahoo,soho,2
yahoo,sol,2
yahoo,sole,2
yahoo,solider,2
yahoo,solidworks,2
yahoo,solubility,2
yahoo,solvant,2
yahoo,solvent,2
yahoo,somalia,2
yahoo,someones,2
yahoo,somesongs,2
yahoo,somestring,2
yahoo,somethang,2
yahoo,songbook,2
yahoo,songfacts,2
yahoo,sont,2
yahoo,sony,2
yahoo,soo,2
yahoo,soooooo,2
yahoo,soothing,2
yahoo,sorbs,2
yahoo,sores,2
yahoo,soriano,2
yahoo,sorority,2
yahoo,sorrow,2
yahoo,sorter,2
yahoo,sosa,2
yahoo,soup,2
yahoo,sourceid,2
yahoo,southeastern,2
yahoo,southerner,2
yahoo,souvenirs,2
yahoo,soyabeen,2
yahoo,spaceships,2
yahoo,spare,2
yahoo,spareparts,2
yahoo,spares,2
yahoo,spartan,2
yahoo,spasm,2
yahoo,speaks,2
yahoo,specialized,2
yahoo,speciation,2
yahoo,specificaly,2
yahoo,specification,2
yahoo,specifications,2
yahoo,specifics,2
yahoo,speculation,2
yahoo,sped,2
yahoo,speedo,2
yahoo,spellstate,2
yahoo,spew,2
yahoo,spicy,2
yahoo,spider,2
yahoo,spiderman,2
yahoo,spiders,2
yahoo,spill,2
yahoo,spills,2
yahoo,spins,2
yahoo,spiraly,2
yahoo,spitballin,2
yahoo,splicing,2
yahoo,spoiler,2
yahoo,sponsorship,2
yahoo,spontanious,2
yahoo,spoof,2
yahoo,spool,2
yahoo,sprang,2
yahoo,sprawy,2
yahoo,spreads,2
yahoo,spreadsheet,2
yahoo,sprouse,2
yahoo,sprung,2
yahoo,spur,2
yahoo,spybot,2
yahoo,spywareblaster,2
yahoo,sq,2
yahoo,squabble,2
yahoo,squadron,2
yahoo,squarepants,2
yahoo,squat,2
yahoo,squeeze,2
yahoo,squirt,2
yahoo,src,2
yahoo,ssri,2
yahoo,stabilizer,2
yahoo,stacey,2
yahoo,stack,2
yahoo,stam,2
yahoo,stance,2
yahoo,standardized,2
yahoo,standby,2
yahoo,standpoint,2
yahoo,starband,2
yahoo,starches,2
yahoo,stare,2
yahoo,starve,2
yahoo,starving,2
yahoo,stattracker,2
yahoo,stature,2
yahoo,stayin,2
yahoo,stcham1,2
yahoo,steadily,2
yahoo,stealth,2
yahoo,steaua,2
yahoo,steeper,2
yahoo,steiger,2
yahoo,stella,2
yahoo,stephanie,2
yahoo,stepping,2
yahoo,steptoe,2
yahoo,stereotypical,2
yahoo,steriod,2
yahoo,stern,2
yahoo,steroid,2
yahoo,stevens,2
yahoo,stickers,2
yahoo,stickman,2
yahoo,stiff,2
yahoo,stiffness,2
yahoo,stimulating,2
yahoo,stimulus,2
yahoo,stiner,2
yahoo,sting,2
yahoo,stink,2
yahoo,stinks,2
yahoo,stitched,2
yahoo,stockholder,2
yahoo,stockingstore,2
yahoo,stolncar,2
yahoo,stonea,2
yahoo,storing,2
yahoo,storyline,2
yahoo,strada,2
yahoo,strand,2
yahoo,strands,2
yahoo,stranger,2
yahoo,strangers,2
yahoo,strategies,2
yahoo,stration,2
yahoo,streaming,2
yahoo,strengths,2
yahoo,strenthening,2
yahoo,stresses,2
yahoo,stretches,2
yahoo,strict,2
yahoo,stricter,2
yahoo,strictly,2
yahoo,striff,2
yahoo,strikes,2
yahoo,stripped,2
yahoo,stripper,2
yahoo,stripping,2
yahoo,strode,2
yahoo,struck,2
yahoo,structured,2
yahoo,studentsoftheworld,2
yahoo,studylink,2
yahoo,studyspanish,2
yahoo,stupidity,2
yahoo,subaddress,2
yahoo,subarea,2
yahoo,subarea2,2
yahoo,subconsciously,2
yahoo,subdomain,2
yahoo,subjected,2
yahoo,submarine,2
yahoo,subpoena,2
yahoo,subscribe,2
yahoo,subsidies,2
yahoo,subterranean,2
yahoo,subtle,2
yahoo,subtracting,2
yahoo,successor,2
yahoo,sucka,2
yahoo,sued,2
yahoo,suggesting,2
yahoo,suitcases,2
yahoo,suited,2
yahoo,sujet,2
yahoo,suker,2
yahoo,sullivan,2
yahoo,sullivana,2
yahoo,sumations,2
yahoo,sumer,2
yahoo,sunrise,2
yahoo,sunscreen,2
yahoo,superconducting,2
yahoo,superman,2
yahoo,supermarket,2
yahoo,supervise,2
yahoo,supervisors,2
yahoo,supliments,2
yahoo,supplied,2
yahoo,supporters,2
yahoo,supress,2
yahoo,surgeries,2
yahoo,surprisingly,2
yahoo,survivor,2
yahoo,suspending,2
yahoo,suspension,2
yahoo,swahili,2
yahoo,swallow,2
yahoo,swan,2
yahoo,swear,2
yahoo,swearing,2
yahoo,sweating,2
yahoo,sweetest,2
yahoo,sweetie,2
yahoo,swing,2
yahoo,swings,2
yahoo,switchblade,2
yahoo,sword,2
yahoo,syllable,2
yahoo,symbolized,2
yahoo,symbolizes,2
yahoo,symbols,2
yahoo,sympathetic,2
yahoo,sympotms,2
yahoo,synonymous,2
yahoo,syntax,2
yahoo,synthesis,2
yahoo,synthesiser,2
yahoo,synthesized,2
yahoo,syour,2
yahoo,system32,2
yahoo,t1,2
yahoo,tables,2
yahoo,taboo,2
yahoo,tack,2
yahoo,tad,2
yahoo,tailed,2
yahoo,tailess,2
yahoo,tailor,2
yahoo,tailors,2
yahoo,taint,2
yahoo,talents,2
yahoo,tales,2
yahoo,tamil,2
yahoo,tangled,2
yahoo,tangles,2
yahoo,tanning,2
yahoo,tanx,2
yahoo,taos,2
yahoo,taped,2
yahoo,tapes,2
yahoo,targets,2
yahoo,targetting,2
yahoo,tasking,2
yahoo,tastes,2
yahoo,tasting,2
yahoo,tattoo,2
yahoo,tattooed,2
yahoo,tau,2
yahoo,taxpayers,2
yahoo,tay,2
yahoo,tci,2
yahoo,teased,2
yahoo,teaspoon,2
yahoo,technician,2
yahoo,technicians,2
yahoo,technological,2
yahoo,tectonic,2
yahoo,teddy,2
yahoo,tees,2
yahoo,telemundo,2
yahoo,telle,2
yahoo,telly,2
yahoo,tem,2
yahoo,temperatures,2
yahoo,templates,2
yahoo,temples,2
yahoo,temps,2
yahoo,tenant,2
yahoo,tenants,2
yahoo,tender,2
yahoo,tenets,2
yahoo,tensed,2
yahoo,tenth,2
yahoo,terminal,2
yahoo,terminated,2
yahoo,terminology,2
yahoo,terra,2
yahoo,terror,2
yahoo,testers,2
yahoo,testimony,2
yahoo,testosterone,2
yahoo,textbox,2
yahoo,tf,2
yahoo,thaiexotictreasures,2
yahoo,thankfull,2
yahoo,thankyou,2
yahoo,thecareerengineer,2
yahoo,theorems,2
yahoo,theospacy,2
yahoo,thereby,2
yahoo,therefor,2
yahoo,thermic,2
yahoo,therom,2
yahoo,therulesofcricket,2
yahoo,thickens,2
yahoo,thicker,2
yahoo,thickness,2
yahoo,thirteen,2
yahoo,thoroughbred,2
yahoo,thr,2
yahoo,threads,2
yahoo,threatened,2
yahoo,throne,2
yahoo,througout,2
yahoo,throwed,2
yahoo,throwing,2
yahoo,throws,2
yahoo,thruout,2
yahoo,thta,2
yahoo,thug4life,2
yahoo,thunder,2
yahoo,thunderpeople,2
yahoo,thuram,2
yahoo,tick,2
yahoo,tickle,2
yahoo,tightly,2
yahoo,tiki,2
yahoo,tilt,2
yahoo,tiltd,2
yahoo,timbuktu,2
yahoo,timeless,2
yahoo,timeout,2
yahoo,timer,2
yahoo,tin,2
yahoo,tinker,2
yahoo,tipsyandchester,2
yahoo,tiredness,2
yahoo,title30,2
yahoo,tk,2
yahoo,tl,2
yahoo,tlc,2
yahoo,tmpgenc,2
yahoo,toads,2
yahoo,tolda,2
yahoo,tolerance,2
yahoo,tomatoes,2
yahoo,tomboy,2
yahoo,tongues,2
yahoo,toni,2
yahoo,toothbrush,2
yahoo,toothpastes,2
yahoo,tora,2
yahoo,tore,2
yahoo,torgue,2
yahoo,torque,2
yahoo,torrentspy,2
yahoo,tossed,2
yahoo,tot,2
yahoo,touchdown,2
yahoo,touches,2
yahoo,tourn,2
yahoo,tower,2
yahoo,toxins,2
yahoo,tpl,2
yahoo,tracker,2
yahoo,trafic,2
yahoo,tragic,2
yahoo,trainers,2
yahoo,trait,2
yahoo,traitor,2
yahoo,trampled,2
yahoo,tramps,2
yahoo,trance,2
yahoo,trans,2
yahoo,transactions,2
yahoo,transferred,2
yahoo,transferring,2
yahoo,transform,2
yahoo,transparency,2
yahoo,transplant,2
yahoo,traveled,2
yahoo,travelers,2
yahoo,treadmill,2
yahoo,treating,2
yahoo,treats,2
yahoo,trek,2
yahoo,trenches,2
yahoo,trenching,2
yahoo,trezeguet,2
yahoo,tri,2
yahoo,triangular,2
yahoo,trickin,2
yahoo,triclops,2
yahoo,trimmed,2
yahoo,triton,2
yahoo,trois,2
yahoo,troll,2
yahoo,trophy,2
yahoo,truckdriver,2
yahoo,truncated,2
yahoo,trunks,2
yahoo,trustautostop,2
yahoo,truths,2
yahoo,tryouts,2
yahoo,tsa,2
yahoo,tsisteel,2
yahoo,tsunami,2
yahoo,tuberculosis,2
yahoo,tumble,2
yahoo,tuna,2
yahoo,tunnels,2
yahoo,turd,2
yahoo,turkeys,2
yahoo,turks,2
yahoo,turquoise,2
yahoo,turtle,2
yahoo,tut,2
yahoo,tutors,2
yahoo,tutsi,2
yahoo,twiddling,2
yahoo,twin,2
yahoo,twinkle,2
yahoo,twitching,2
yahoo,txtinput,2
yahoo,ty,2
yahoo,tylko,2
yahoo,uber,2
yahoo,ucc,2
yahoo,uci,2
yahoo,ucla,2
yahoo,udgpgm,2
yahoo,ufl,2
yahoo,ugk,2
yahoo,uhh,2
yahoo,uhhh,2
yahoo,uhhhhhhh,2
yahoo,uhhhhhhhhhhhhhhhhhhhhhhhh,2
yahoo,ukr,2
yahoo,ulnar,2
yahoo,umberger,2
yahoo,umbrella,2
yahoo,ummmm,2
yahoo,unavailable,2
yahoo,unaware,2
yahoo,unbelievable,2
yahoo,unbeliever,2
yahoo,unbroken,2
yahoo,unclean,2
yahoo,unconscious,2
yahoo,unconstitutional,2
yahoo,unconventional,2
yahoo,underarms,2
yahoo,underestimating,2
yahoo,undergraduate,2
yahoo,undergraute,2
yahoo,underlined,2
yahoo,underlying,2
yahoo,undertaker,2
yahoo,underwater,2
yahoo,undigestible,2
yahoo,undone,2
yahoo,unemployed,2
yahoo,unexplained,2
yahoo,unfairly,2
yahoo,unfamilar,2
yahoo,uni,2
yahoo,uninformed,2
yahoo,uninstalling,2
yahoo,uninstallwinfixer,2
yahoo,unintelligible,2
yahoo,unions,2
yahoo,uniting,2
yahoo,unity,2
yahoo,univs,2
yahoo,uno,2
yahoo,unoriginal,2
yahoo,unpleasant,2
yahoo,unprofessional,2
yahoo,unprotected,2
yahoo,unpublished,2
yahoo,unrepentant,2
yahoo,unrestricted,2
yahoo,unsafe,2
yahoo,unsecured,2
yahoo,unstable,2
yahoo,unsuccessfully,2
yahoo,unsure,2
yahoo,untapped,2
yahoo,untell,2
yahoo,ununpentium,2
yahoo,upcoming,2
yahoo,upfront,2
yahoo,uploaded,2
yahoo,upn,2
yahoo,uprising,2
yahoo,upsurge,2
yahoo,upturned,2
yahoo,upwards,2
yahoo,urday,2
yahoo,urethra,2
yahoo,urethura,2
yahoo,urged,2
yahoo,urgent,2
yahoo,urticaria,2
yahoo,urushiol,2
yahoo,uscode,2
yahoo,uscon716,2
yahoo,usd,2
yahoo,usefull,2
yahoo,usein,2
yahoo,usenet,2
yahoo,users3,2
yahoo,usnews,2
yahoo,uspto,2
yahoo,ussr,2
yahoo,usuarios,2
yahoo,ususally,2
yahoo,utah,2
yahoo,uterus,2
yahoo,uti,2
yahoo,utsa,2
yahoo,uvb,2
yahoo,v5,2
yahoo,v8,2
yahoo,vacancies,2
yahoo,vaccum,2
yahoo,valeisha,2
yahoo,valence,2
yahoo,valentines,2
yahoo,validly,2
yahoo,valued,2
yahoo,vance,2
yahoo,vanity,2
yahoo,var,2
yahoo,vargas,2
yahoo,variance,2
yahoo,varied,2
yahoo,varsity,2
yahoo,varys,2
yahoo,vascular,2
yahoo,vaseline,2
yahoo,vatican,2
yahoo,vector,2
yahoo,veggies,2
yahoo,veinte,2
yahoo,velcro,2
yahoo,velk,2
yahoo,velocty,2
yahoo,verlook,2
yahoo,versatile,2
yahoo,veryfunnypics,2
yahoo,vesta,2
yahoo,vestigial,2
yahoo,vet,2
yahoo,veteran,2
yahoo,veterinary,2
yahoo,vh1,2
yahoo,vibrating,2
yahoo,vibrations,2
yahoo,vic,2
yahoo,victims,2
yahoo,vid,2
yahoo,viewjob,2
yahoo,viewprofile,2
yahoo,viillage,2
yahoo,villagers,2
yahoo,viola,2
yahoo,violating,2
yahoo,virtue,2
yahoo,visitor,2
yahoo,visitors,2
yahoo,vista,2
yahoo,visualize,2
yahoo,vital,2
yahoo,vivek,2
yahoo,vocalist,2
yahoo,vocational,2
yahoo,voil,2
yahoo,vol,2
yahoo,volt,2
yahoo,voltages,2
yahoo,volts,2
yahoo,vu,2
yahoo,wahiduddin,2
yahoo,waldheim,2
yahoo,wallets,2
yahoo,wally,2
yahoo,walt,2
yahoo,waltona,2
yahoo,wan,2
yahoo,wannabes,2
yahoo,ward,2
yahoo,wardens,2
yahoo,warmed,2
yahoo,warmer,2
yahoo,warn,2
yahoo,warning,2
yahoo,warren,2
yahoo,washed,2
yahoo,washer,2
yahoo,washingtonscan,2
yahoo,wasl,2
yahoo,wasps,2
yahoo,watchman,2
yahoo,watchtower,2
yahoo,waterboy,2
yahoo,waterit,2
yahoo,watermelons,2
yahoo,waterproofed,2
yahoo,wcca,2
yahoo,weakens,2
yahoo,weaknesses,2
yahoo,wealth,2
yahoo,wealthy,2
yahoo,weathering,2
yahoo,webcam,2
yahoo,webfront,2
yahoo,webjay,2
yahoo,webpages,2
yahoo,webserver,2
yahoo,wechial,2
yahoo,wed,2
yahoo,weighing,2
yahoo,weirdo,2
yahoo,wellbery,2
yahoo,wembliin,2
yahoo,werder,2
yahoo,weremacht,2
yahoo,westcoast,2
yahoo,westernized,2
yahoo,westlife,2
yahoo,wetter,2
yahoo,wf06b,2
yahoo,wha,2
yahoo,whatsoever,2
yahoo,whatta,2
yahoo,wheat,2
yahoo,wheelbarrow,2
yahoo,wheelbarrows,2
yahoo,wheezer5,2
yahoo,whereby,2
yahoo,whips,2
yahoo,whistles,2
yahoo,whitening,2
yahoo,whiter,2
yahoo,whiting,2
yahoo,wholesaler,2
yahoo,whores,2
yahoo,whys,2
yahoo,whythejews,2
yahoo,wiccans,2
yahoo,wicked,2
yahoo,wicourts,2
yahoo,widespread,2
yahoo,widgets,2
yahoo,wiem,2
yahoo,wierd,2
yahoo,wiesz,2
yahoo,willis,2
yahoo,win98,2
yahoo,windex,2
yahoo,windowsxp,2
yahoo,winfixer,2
yahoo,winger,2
yahoo,winston,2
yahoo,winters,2
yahoo,wiser,2
yahoo,wishing,2
yahoo,wissenschaft,2
yahoo,witchcraft,2
yahoo,witches,2
yahoo,withdraw,2
yahoo,witherspoon,2
yahoo,witnnesses,2
yahoo,wma,2
yahoo,wmf,2
yahoo,wmp,2
yahoo,woodchuck,2
yahoo,wooden,2
yahoo,woodrow,2
yahoo,wordpress,2
yahoo,wore,2
yahoo,workbook,2
yahoo,worldcupmaniac,2
yahoo,worldsex,2
yahoo,wound,2
yahoo,wounds,2
yahoo,woven,2
yahoo,wraps,2
yahoo,wreck,2
yahoo,wrecked,2
yahoo,wrestled,2
yahoo,wrestler,2
yahoo,wrighta,2
yahoo,wrongs,2
yahoo,ws43,2
yahoo,wszystko,2
yahoo,wth,2
yahoo,wunderground,2
yahoo,wuz,2
yahoo,ww,2
yahoo,wwf,2
yahoo,wwpc,2
yahoo,www2,2
yahoo,wysiwyg,2
yahoo,x1,2
yahoo,xi,2
yahoo,xl,2
yahoo,xps,2
yahoo,xsl,2
yahoo,xxl,2
yahoo,y11,2
yahoo,yadav,2
yahoo,yadavs,2
yahoo,yale,2
yahoo,yanks,2
yahoo,yardage,2
yahoo,yawning,2
yahoo,yay,2
yahoo,yeahhh,2
yahoo,yeahs,2
yahoo,yearly,2
yahoo,yellowbook,2
yahoo,yer,2
yahoo,yeshua,2
yahoo,yfiqza,2
yahoo,ygcpagebuilderhelp,2
yahoo,yikes,2
yahoo,yogurt,2
yahoo,yoiu,2
yahoo,yoko,2
yahoo,yorkshire,2
yahoo,yorktown,2
yahoo,youare,2
yahoo,youngest,2
yahoo,yourselves,2
yahoo,yourslef,2
yahoo,yoursubdomain,2
yahoo,youve,2
yahoo,yuan,2
yahoo,yuan2,2
yahoo,yuor,2
yahoo,zac,2
yahoo,zambrotta,2
yahoo,zarr,2
yahoo,zebras,2
yahoo,zettel,2
yahoo,zillow,2
yahoo,zipping,2
yahoo,zoloft,2
yahoo,zombie,2
yahoo,zonealarm,2
yahoo,zonelabs,2
yahoo,000522,1
yahoo,00112,1
yahoo,00118005555555,1
yahoo,001745,1
yahoo,007,1
yahoo,00am,1
yahoo,0101latamerica,1
yahoo,0107,1
yahoo,015,1
yahoo,0199,1
yahoo,0254,1
yahoo,0301,1
yahoo,0323,1
yahoo,045mole,1
yahoo,04a,1
yahoo,0546,1
yahoo,05stepstones,1
yahoo,060621,1
yahoo,060722500,1
yahoo,0625,1
yahoo,066,1
yahoo,06a2004,1
yahoo,0900,1
yahoo,0c00f99a,1
yahoo,0catch,1
yahoo,0cost,1
yahoo,0f,1
yahoo,0mm,1
yahoo,0x01710010,1
yahoo,0x77f57bd2,1
yahoo,100000,1
yahoo,100000000,1
yahoo,10002088,1
yahoo,1000kg,1
yahoo,1000litres,1
yahoo,1000m,1
yahoo,1003,1
yahoo,1006,1
yahoo,1009,1
yahoo,100x,1
yahoo,101106,1
yahoo,101325,1
yahoo,10146,1
yahoo,101magictricks,1
yahoo,1020,1
yahoo,103,1
yahoo,1031,1
yahoo,1040,1
yahoo,10505954,1
yahoo,1059,1
yahoo,106,1
yahoo,1065766,1
yahoo,108,1
yahoo,108236,1
yahoo,109,1
yahoo,1099misc,1
yahoo,1100,1
yahoo,11000,1
yahoo,110471664821840841,1
yahoo,110846,1
yahoo,1111,1
yahoo,1115623,1
yahoo,113,1
yahoo,1141545589263750,1
yahoo,1150342548,1
yahoo,1157,1
yahoo,117,1
yahoo,1175,1
yahoo,118pufspn,1
yahoo,11b,1
yahoo,11mbps,1
yahoo,11xy,1
yahoo,120x120,1
yahoo,121,1
yahoo,1225,1
yahoo,12360,1
yahoo,126,1
yahoo,127,1
yahoo,127310494,1
yahoo,128,1
yahoo,128mb,1
yahoo,128oz,1
yahoo,12am,1
yahoo,13117423,1
yahoo,1316899,1
yahoo,13443,1
yahoo,13691,1
yahoo,136lbs,1
yahoo,137,1
yahoo,1370,1
yahoo,139,1
yahoo,13c6,1
yahoo,13x,1
yahoo,140,1
yahoo,1400,1
yahoo,140293,1
yahoo,1403,1
yahoo,14159,1
yahoo,1430,1
yahoo,143710,1
yahoo,1450,1
yahoo,145756,1
yahoo,1460,1
yahoo,148,1
yahoo,149,1
yahoo,1492,1
yahoo,14c,1
yahoo,15000,1
yahoo,150702,1
yahoo,151,1
yahoo,1535,1
yahoo,1537,1
yahoo,155,1
yahoo,1556525028,1
yahoo,1576850056,1
yahoo,1599,1
yahoo,15t,1
yahoo,15x,1
yahoo,16000ft,1
yahoo,1603,1
yahoo,161,1
yahoo,16mb,1
yahoo,1707,1
yahoo,1726,1
yahoo,173,1
yahoo,1735,1
yahoo,174,1
yahoo,1760,1
yahoo,1778,1
yahoo,1780,1
yahoo,1798,1
yahoo,17am,1
yahoo,17thmay,1
yahoo,1800s,1
yahoo,18046,1
yahoo,181,1
yahoo,1812,1
yahoo,1814,1
yahoo,1815,1
yahoo,1819,1
yahoo,1822,1
yahoo,1827,1
yahoo,1829,1
yahoo,183,1
yahoo,1830,1
yahoo,1840,1
yahoo,1844,1
yahoo,1850,1
yahoo,186,1
yahoo,1861,1
yahoo,18614,1
yahoo,1862,1
yahoo,1863,1
yahoo,1864,1
yahoo,1865,1
yahoo,187,1
yahoo,1873,1
yahoo,1887,1
yahoo,1889,1
yahoo,1890,1
yahoo,1896,1
yahoo,1900,1
yahoo,1906,1
yahoo,1909,1
yahoo,1914,1
yahoo,1918,1
yahoo,1919,1
yahoo,1924,1
yahoo,1928,1
yahoo,192kbps,1
yahoo,1930s,1
yahoo,1933,1
yahoo,1937,1
yahoo,1948,1
yahoo,195,1
yahoo,1950,1
yahoo,1950s,1
yahoo,1951,1
yahoo,1953,1
yahoo,1954,1
yahoo,1970s,1
yahoo,1990s,1
yahoo,1994092,1
yahoo,199999999998,1
yahoo,19pi,1
yahoo,1a,1
yahoo,1am,1
yahoo,1ere,1
yahoo,1g,1
yahoo,1gb,1
yahoo,1kj,1
yahoo,1m,1
yahoo,1mm,1
yahoo,1on1,1
yahoo,1y,1
yahoo,2000c,1
yahoo,20040411,1
yahoo,200407,1
yahoo,20061104182645aa9rqba,1
yahoo,20061122202433aaswjbk,1
yahoo,20061126021328aaqfxpm,1
yahoo,200mil,1
yahoo,201,1
yahoo,2011,1
yahoo,2030,1
yahoo,2035xd,1
yahoo,2044,1
yahoo,205,1
yahoo,206,1
yahoo,207,1
yahoo,20710,1
yahoo,208,1
yahoo,209,1
yahoo,2097552749356636577,1
yahoo,20bar,1
yahoo,20cft,1
yahoo,20classical,1
yahoo,20excel,1
yahoo,20firefighters,1
yahoo,20i,1
yahoo,20inclinometer,1
yahoo,20inclinometers,1
yahoo,20is,1
yahoo,20jet,1
yahoo,20map,1
yahoo,20minutes,1
yahoo,20modif,1
yahoo,20music,1
yahoo,20of,1
yahoo,20office,1
yahoo,20owl,1
yahoo,20steps,1
yahoo,20story,1
yahoo,20system,1
yahoo,20termination,1
yahoo,20times,1
yahoo,20treason,1
yahoo,20visual,1
yahoo,20yrs,1
yahoo,20zooplankton,1
yahoo,2108058886,1
yahoo,211615,1
yahoo,2116786,1
yahoo,212,1
yahoo,2120,1
yahoo,2138,1
yahoo,2139,1
yahoo,214,1
yahoo,216,1
yahoo,220v,1
yahoo,224,1
yahoo,22748,1
yahoo,22bf5afd326b,1
yahoo,22nd,1
yahoo,232,1
yahoo,234,1
yahoo,2373,1
yahoo,238,1
yahoo,2390,1
yahoo,23rd,1
yahoo,242,1
yahoo,2426,1
yahoo,2427,1
yahoo,243,1
yahoo,2430,1
yahoo,2450,1
yahoo,246,1
yahoo,248,1
yahoo,24studio,1
yahoo,24x,1
yahoo,24x3600,1
yahoo,250ml,1
yahoo,252,1
yahoo,256mb,1
yahoo,25770,1
yahoo,25mph,1
yahoo,25q,1
yahoo,25th,1
yahoo,2606,1
yahoo,26500,1
yahoo,26833,1
yahoo,26rls,1
yahoo,2702,1
yahoo,272,1
yahoo,275,1
yahoo,2750,1
yahoo,27500,1
yahoo,2761,1
yahoo,27m,1
yahoo,27or,1
yahoo,28036,1
yahoo,2839,1
yahoo,28th,1
yahoo,28yr,1
yahoo,29th,1
yahoo,2asports,1
yahoo,2ax,1
yahoo,2bchain,1
yahoo,2bfood,1
yahoo,2ca,1
yahoo,2caoh,1
yahoo,2day,1
yahoo,2e,1
yahoo,2fanti,1
yahoo,2fe,1
yahoo,2fecl3,1
yahoo,2fwww,1
yahoo,2gb,1
yahoo,2h20,1
yahoo,2h2o2,1
yahoo,2lbs,1
yahoo,2lx,1
yahoo,2nfd,1
yahoo,2proj,1
yahoo,2r,1
yahoo,2w,1
yahoo,2wire,1
yahoo,2x12,1
yahoo,2xy,1
yahoo,2ymhy4behzs,1
yahoo,3006,1
yahoo,301,1
yahoo,301003,1
yahoo,3031,1
yahoo,3036,1
yahoo,306,1
yahoo,308,1
yahoo,30am,1
yahoo,30pm,1
yahoo,310,1
yahoo,3101,1
yahoo,311,1
yahoo,315,1
yahoo,31jk,1
yahoo,3215614217651,1
yahoo,322,1
yahoo,326123171,1
yahoo,327,1
yahoo,329,1
yahoo,336,1
yahoo,33rd,1
yahoo,3435,1
yahoo,345,1
yahoo,3451,1
yahoo,354,1
yahoo,35mm,1
yahoo,362,1
yahoo,36th,1
yahoo,3742,1
yahoo,375,1
yahoo,37n,1
yahoo,38,1
yahoo,383,1
yahoo,3843354,1
yahoo,387,1
yahoo,392ft,1
yahoo,394,1
yahoo,395,1
yahoo,3951,1
yahoo,3954,1
yahoo,397,1
yahoo,3aa,1
yahoo,3ad1,1
yahoo,3am,1
yahoo,3appt,1
yahoo,3ar,1
yahoo,3co2,1
yahoo,3dcnet,1
yahoo,3ddesert,1
yahoo,3dgglj,1
yahoo,3fref,1
yahoo,3g,1
yahoo,3gforfree,1
yahoo,3gp,1
yahoo,3i,1
yahoo,3na2co3,1
yahoo,3some,1
yahoo,3sy6ix,1
yahoo,4000,1
yahoo,40000,1
yahoo,400000,1
yahoo,404,1
yahoo,4050,1
yahoo,40hr,1
yahoo,40n,1
yahoo,40s,1
yahoo,4213,1
yahoo,4237470,1
yahoo,427952ba,1
yahoo,4321,1
yahoo,435,1
yahoo,44,1
yahoo,4454,1
yahoo,451,1
yahoo,452872,1
yahoo,453,1
yahoo,4569,1
yahoo,460,1
yahoo,465,1
yahoo,47society,1
yahoo,486,1
yahoo,4888310602676834259,1
yahoo,496,1
yahoo,49ft,1
yahoo,4e0e,1
yahoo,4f,1
yahoo,4get,1
yahoo,4h,1
yahoo,4h2o,1
yahoo,4mbps,1
yahoo,4pm,1
yahoo,4s,1
yahoo,4times,1
yahoo,4y,1
yahoo,501c3,1
yahoo,50mbs,1
yahoo,50miles,1
yahoo,50p,1
yahoo,50x,1
yahoo,5100,1
yahoo,5165,1
yahoo,5275150,1
yahoo,528,1
yahoo,537368,1
yahoo,5400,1
yahoo,545,1
yahoo,545963,1
yahoo,548,1
yahoo,550,1
yahoo,5526,1
yahoo,559,1
yahoo,571,1
yahoo,575,1
yahoo,5757,1
yahoo,580,1
yahoo,5800,1
yahoo,58127,1
yahoo,591,1
yahoo,59512018,1
yahoo,5954,1
yahoo,5983514,1
yahoo,5bsiteid,1
yahoo,5c,1
yahoo,5dsimtel,1
yahoo,5ea,1
yahoo,5ghz,1
yahoo,5hpa,1
yahoo,5km,1
yahoo,5kt,1
yahoo,5o2,1
yahoo,5pjrfogkvm,1
yahoo,5r,1
yahoo,5t,1
yahoo,5uw,1
yahoo,6073,1
yahoo,60x100,1
yahoo,614,1
yahoo,620,1
yahoo,625,1
yahoo,6260,1
yahoo,627,1
yahoo,628,1
yahoo,6300,1
yahoo,634,1
yahoo,636,1
yahoo,6386,1
yahoo,640x480,1
yahoo,646,1
yahoo,64bit,1
yahoo,650hp,1
yahoo,6526,1
yahoo,658,1
yahoo,6666666666666666666,1
yahoo,670,1
yahoo,680,1
yahoo,6800,1
yahoo,685,1
yahoo,69,1
yahoo,695,1
yahoo,69ml,1
yahoo,6co2,1
yahoo,6h2o,1
yahoo,6hrs,1
yahoo,6nacl,1
yahoo,6o2,1
yahoo,6rpyaoa7ocjzkix,1
yahoo,6th,1
yahoo,7000,1
yahoo,7011,1
yahoo,7016,1
yahoo,704,1
yahoo,70s,1
yahoo,711,1
yahoo,71101,1
yahoo,728,1
yahoo,7300,1
yahoo,7312,1
yahoo,731sp2002,1
yahoo,73722,1
yahoo,740,1
yahoo,745x0,1
yahoo,745x10,1
yahoo,7500,1
yahoo,75edbd03aaf0,1
yahoo,75ish,1
yahoo,75mil,1
yahoo,760,1
yahoo,776,1
yahoo,7800gtx,1
yahoo,7805,1
yahoo,7856,1
yahoo,7900,1
yahoo,7920,1
yahoo,7a4b119006949a6382620515,1
yahoo,7g56,1
yahoo,7i,1
yahoo,7lt,1
yahoo,7x,1
yahoo,7yurteo4ekqsubc7miannqabaa,1
yahoo,800mg,1
yahoo,80mm,1
yahoo,80mph,1
yahoo,810,1
yahoo,8109,1
yahoo,811,1
yahoo,81192,1
yahoo,8228,1
yahoo,8282,1
yahoo,829,1
yahoo,850,1
yahoo,850hp,1
yahoo,857,1
yahoo,864,1
yahoo,866,1
yahoo,87209069,1
yahoo,875,1
yahoo,877,1
yahoo,87g,1
yahoo,8877,1
yahoo,888options,1
yahoo,889,1
yahoo,890,1
yahoo,8adb,1
yahoo,8e,1
yahoo,8fe8,1
yahoo,8k,1
yahoo,8kt,1
yahoo,8p,1
yahoo,8pm,1
yahoo,8s,1
yahoo,8sec2c,1
yahoo,8z,1
yahoo,90s,1
yahoo,910,1
yahoo,911hotjobs,1
yahoo,923freefm,1
yahoo,927,1
yahoo,928,1
yahoo,929,1
yahoo,931,1
yahoo,936j,1
yahoo,937mole,1
yahoo,9400,1
yahoo,941,1
yahoo,9443029,1
yahoo,945,1
yahoo,945gm,1
yahoo,945pm,1
yahoo,9578,1
yahoo,97,1
yahoo,972,1
yahoo,9800,1
yahoo,9900910,1
yahoo,993,1
yahoo,99500,1
yahoo,996,1
yahoo,996c,1
yahoo,9a,1
yahoo,9ft,1
yahoo,9k,1
yahoo,9x10,1
yahoo,a0larwiuhi9ecfqapybxnyoa,1
yahoo,a3,1
yahoo,a6144,1
yahoo,a643,1
yahoo,a7a,1
yahoo,aa040602a,1
yahoo,aa041398,1
yahoo,aa65427,1
yahoo,aa65436,1
yahoo,aaaaaaaaaaaaaaaahhhhhhhhhhhhh,1
yahoo,aadvark,1
yahoo,aanand,1
yahoo,aany,1
yahoo,aar,1
yahoo,aarc,1
yahoo,aaron,1
yahoo,aaronsdaddy,1
yahoo,aarp,1
yahoo,aat,1
yahoo,aawit,1
yahoo,abandonware,1
yahoo,abbey,1
yahoo,abbottchurchgoods,1
yahoo,abbreviated,1
yahoo,abbreviation,1
yahoo,abdomen,1
yahoo,abedih,1
yahoo,abercrombie,1
yahoo,abhishekh,1
yahoo,abhor,1
yahoo,abietic,1
yahoo,abietyl,1
yahoo,abilities,1
yahoo,abishek,1
yahoo,abject,1
yahoo,abled,1
yahoo,ablo,1
yahoo,abney,1
yahoo,aboard,1
yahoo,abode,1
yahoo,abolish,1
yahoo,abolition,1
yahoo,abort,1
yahoo,abot,1
yahoo,abotu,1
yahoo,abramoff,1
yahoo,abrams,1
yahoo,abroad,1
yahoo,abrutis,1
yahoo,abscence,1
yahoo,absent,1
yahoo,absolutally,1
yahoo,absoluteastronomy,1
yahoo,absolutelyrics,1
yahoo,absorption,1
yahoo,absorved,1
yahoo,abstinence,1
yahoo,absurdly,1
yahoo,abt,1
yahoo,abu,1
yahoo,abunch,1
yahoo,abundance,1
yahoo,abundant,1
yahoo,abusers,1
yahoo,ac97,1
yahoo,acadamic,1
yahoo,academically,1
yahoo,academics,1
yahoo,acadia,1
yahoo,acadiana,1
yahoo,acassional,1
yahoo,accenture,1
yahoo,accessible,1
yahoo,accidental,1
yahoo,accidently,1
yahoo,accidents,1
yahoo,accommodations,1
yahoo,accompaniment,1
yahoo,accompanying,1
yahoo,accomplishes,1
yahoo,accomplishing,1
yahoo,accomplishments,1
yahoo,accord,1
yahoo,accordint,1
yahoo,accountants,1
yahoo,accredeted,1
yahoo,acct,1
yahoo,accumulates,1
yahoo,accumulations,1
yahoo,accusation,1
yahoo,accusing,1
yahoo,accustomed,1
yahoo,accuvue,1
yahoo,aced,1
yahoo,acer,1
yahoo,acetaminophen,1
yahoo,acetone,1
yahoo,acetylated,1
yahoo,acetylcholine,1
yahoo,acheiving,1
yahoo,achilles,1
yahoo,aching,1
yahoo,acidosis,1
yahoo,acking,1
yahoo,acknowledged,1
yahoo,acknowledgement,1
yahoo,aclu,1
yahoo,acme,1
yahoo,acos,1
yahoo,acronyms,1
yahoo,acropolis,1
yahoo,activated,1
yahoo,actting,1
yahoo,actuall,1
yahoo,actualy,1
yahoo,acually,1
yahoo,acupuncturist,1
yahoo,acutely,1
yahoo,acutual,1
yahoo,acylation,1
yahoo,adages,1
yahoo,adagio,1
yahoo,adamandandrew,1
yahoo,adaptation,1
yahoo,adaptations,1
yahoo,adapter,1
yahoo,adaptor,1
yahoo,adaptors,1
yahoo,adbrite,1
yahoo,addai,1
yahoo,addbutton,1
yahoo,addfriend,1
yahoo,addia,1
yahoo,addictied,1
yahoo,addicting,1
yahoo,addiction,1
yahoo,addicts,1
yahoo,additionally,1
yahoo,additions,1
yahoo,additude,1
yahoo,addr,1
yahoo,addresees,1
yahoo,addressing,1
yahoo,addy,1
yahoo,adelaide,1
yahoo,adeline,1
yahoo,adenine,1
yahoo,adherence,1
yahoo,adherents,1
yahoo,adidas,1
yahoo,adiemus,1
yahoo,adio,1
yahoo,adition,1
yahoo,aditya,1
yahoo,adium,1
yahoo,adjustable,1
yahoo,adjusted,1
yahoo,adjustment,1
yahoo,adler,1
yahoo,admentment,1
yahoo,admin,1
yahoo,administered,1
yahoo,administrations,1
yahoo,adminsitered,1
yahoo,adminstration,1
yahoo,admittly,1
yahoo,adoption,1
yahoo,adoptive,1
yahoo,adorable,1
yahoo,adriano,1
yahoo,adrien,1
yahoo,adventist,1
yahoo,adverb,1
yahoo,advertised,1
yahoo,adverts,1
yahoo,advertsie,1
yahoo,advil,1
yahoo,adviser,1
yahoo,advocates,1
yahoo,adwords,1
yahoo,aeaweb,1
yahoo,aec,1
yahoo,aeons,1
yahoo,aerodynamic,1
yahoo,aeronautics,1
yahoo,aeysha,1
yahoo,afdal,1
yahoo,afection,1
yahoo,affective,1
yahoo,affinity,1
yahoo,affirmative,1
yahoo,affliction,1
yahoo,afflue,1
yahoo,affordable,1
yahoo,affording,1
yahoo,afica,1
yahoo,afl,1
yahoo,afoul,1
yahoo,afp,1
yahoo,afpcares,1
yahoo,afridi,1
yahoo,afrikaans,1
yahoo,afrikaner,1
yahoo,afrocentric,1
yahoo,afterdawn,1
yahoo,aftermath,1
yahoo,afternoons,1
yahoo,againist,1
yahoo,agaoinst,1
yahoo,ageing,1
yahoo,aggravated,1
yahoo,agi,1
yahoo,agno3,1
yahoo,agostino,1
yahoo,ags,1
yahoo,aguilera,1
yahoo,ahahahahahaahaha,1
yahoo,ahem,1
yahoo,ahhhhh,1
yahoo,ahv41fg4,1
yahoo,ahve,1
yahoo,aicylqmmidfy28jrpttnd,1
yahoo,ailments,1
yahoo,aiming,1
yahoo,aims,1
yahoo,ainaiha,1
yahoo,airandspacemagazine,1
yahoo,airbags,1
yahoo,airborne,1
yahoo,airbourne,1
yahoo,airflow,1
yahoo,airports,1
yahoo,airwaves,1
yahoo,airways,1
yahoo,aise,1
yahoo,aises,1
yahoo,aishwarya,1
yahoo,ak,1
yahoo,akin,1
yahoo,aking,1
yahoo,akka,1
yahoo,aktually,1
yahoo,al01,1
yahoo,al3,1
yahoo,alabe,1
yahoo,aladdin,1
yahoo,alamo,1
yahoo,alas,1
yahoo,albegensian,1
yahoo,alben,1
yahoo,albert,1
yahoo,alberta,1
yahoo,alberto,1
yahoo,albi,1
yahoo,albino,1
yahoo,alc,1
yahoo,alchol,1
yahoo,alcholic,1
yahoo,alcoholic,1
yahoo,alcoholics,1
yahoo,aleast,1
yahoo,alem,1
yahoo,alex,1
yahoo,alfa,1
yahoo,alfie,1
yahoo,alfred,1
yahoo,algonquian,1
yahoo,alibaba,1
yahoo,alien,1
yahoo,alies,1
yahoo,alignment,1
yahoo,alito,1
yahoo,alkaloid,1
yahoo,allaah,1
yahoo,allaboutplasticsurgery,1
yahoo,allais,1
yahoo,allege,1
yahoo,allegorical,1
yahoo,allegre,1
yahoo,aller,1
yahoo,allergens,1
yahoo,allindiantaxes,1
yahoo,allison,1
yahoo,allocates,1
yahoo,allopathic,1
yahoo,alloted,1
yahoo,alloying,1
yahoo,allposters,1
yahoo,allright,1
yahoo,allstars,1
yahoo,alluding,1
yahoo,ally,1
yahoo,almanac,1
yahoo,alms,1
yahoo,almsot,1
yahoo,aloe,1
yahoo,aloha,1
yahoo,alonso,1
yahoo,alots,1
yahoo,aloud,1
yahoo,alpha,1
yahoo,alphalist,1
yahoo,alphonso,1
yahoo,alseep,1
yahoo,altar,1
yahoo,altering,1
yahoo,alters,1
yahoo,althow,1
yahoo,altitude,1
yahoo,altrincham,1
yahoo,aluminum,1
yahoo,alumni,1
yahoo,alumnus,1
yahoo,alura,1
yahoo,alveoli,1
yahoo,alvin,1
yahoo,alyson,1
yahoo,amanda,1
yahoo,amanpreet,1
yahoo,amassed,1
yahoo,amateur,1
yahoo,amatol,1
yahoo,amazement,1
yahoo,ambassador,1
yahoo,amber,1
yahoo,ambulance,1
yahoo,ameica,1
yahoo,ameliorant,1
yahoo,americanisms,1
yahoo,americanos,1
yahoo,amerika,1
yahoo,amidal,1
yahoo,amide,1
yahoo,amie,1
yahoo,amitri,1
yahoo,amonia,1
yahoo,amorous,1
yahoo,amound,1
yahoo,amout,1
yahoo,amplification,1
yahoo,amplifier,1
yahoo,amputated,1
yahoo,amu,1
yahoo,amulet,1
yahoo,amusement,1
yahoo,amusing,1
yahoo,amzing,1
yahoo,anad,1
yahoo,anaerobic,1
yahoo,anaethetic,1
yahoo,analgesic,1
yahoo,analyst,1
yahoo,anands,1
yahoo,ancestors,1
yahoo,anchor,1
yahoo,anciens,1
yahoo,andclose,1
yahoo,andreas,1
yahoo,andrettiin,1
yahoo,andrographis,1
yahoo,andy,1
yahoo,anesthesaia,1
yahoo,anesthetist,1
yahoo,anesthetizes,1
yahoo,aneurysm,1
yahoo,angad,1
yahoo,angelo,1
yahoo,angering,1
yahoo,angina,1
yahoo,angioplasty,1
yahoo,angles,1
yahoo,anglican,1
yahoo,angrry,1
yahoo,angsters,1
yahoo,animalia,1
yahoo,animalinfo,1
yahoo,animation,1
yahoo,animationfactory,1
yahoo,anion,1
yahoo,anions,1
yahoo,aniston,1
yahoo,anituner,1
yahoo,anka,1
yahoo,anna,1
yahoo,anna1,1
yahoo,annanaki,1
yahoo,annd,1
yahoo,annecollins,1
yahoo,annihilate,1
yahoo,anniversary,1
yahoo,annoint,1
yahoo,annonced,1
yahoo,announces,1
yahoo,annoy,1
yahoo,annoys,1
yahoo,annually,1
yahoo,annuity,1
yahoo,annulled,1
yahoo,anoints,1
yahoo,anologous,1
yahoo,anonymity,1
yahoo,anonymous,1
yahoo,anonymously,1
yahoo,anophthalmus,1
yahoo,anosmia,1
yahoo,anothers,1
yahoo,anoy,1
yahoo,ansers,1
yahoo,answrs,1
yahoo,ant,1
yahoo,antactica,1
yahoo,antarctic,1
yahoo,antartica,1
yahoo,ante,1
yahoo,anthony,1
yahoo,anthralin,1
yahoo,antiabortionsigns,1
yahoo,antibiotics,1
yahoo,anticipated,1
yahoo,antics,1
yahoo,antidepressants,1
yahoo,antifungal,1
yahoo,antigens,1
yahoo,antihistamines,1
yahoo,antimalarial,1
yahoo,antiphospholipid,1
yahoo,antoine,1
yahoo,anton,1
yahoo,anubis,1
yahoo,anuman,1
yahoo,anwser,1
yahoo,anwswers,1
yahoo,anxeity,1
yahoo,any1,1
yahoo,anygood,1
yahoo,anyhoo,1
yahoo,anyhow,1
yahoo,anylizes,1
yahoo,anyother,1
yahoo,anyspyware,1
yahoo,anythign,1
yahoo,anytihng,1
yahoo,anytown,1
yahoo,anywayz,1
yahoo,anywez,1
yahoo,aolmusic,1
yahoo,aolp,1
yahoo,aout,1
yahoo,aphasia,1
yahoo,apnk0eaqme4flw2my405u1vsy6ix,1
yahoo,apocryphal,1
yahoo,apollo,1
yahoo,apologized,1
yahoo,apologizing,1
yahoo,apostle,1
yahoo,appartment,1
yahoo,appeals,1
yahoo,appendix,1
yahoo,applaud,1
yahoo,applause,1
yahoo,applet,1
yahoo,applicant,1
yahoo,applypattern,1
yahoo,appoint,1
yahoo,appointed,1
yahoo,appologizing,1
yahoo,appose,1
yahoo,appreciated,1
yahoo,appreciates,1
yahoo,apprehension,1
yahoo,approached,1
yahoo,approching,1
yahoo,appropriately,1
yahoo,apps,1
yahoo,apptitude,1
yahoo,apro,1
yahoo,aproach,1
yahoo,apstudent,1
yahoo,aqua,1
yahoo,aquarians,1
yahoo,aquaruim,1
yahoo,aquino,1
yahoo,ara,1
yahoo,arab,1
yahoo,arabnokia,1
yahoo,arabou,1
yahoo,arahne,1
yahoo,arahpaint,1
yahoo,aramaic,1
yahoo,arazi,1
yahoo,arbeiterpartei,1
yahoo,arbiter,1
yahoo,arbitrarily,1
yahoo,arbiya,1
yahoo,arbor,1
yahoo,arce,1
yahoo,arch,1
yahoo,archbishop,1
yahoo,archeologists,1
yahoo,archie,1
yahoo,archipelago,1
yahoo,arclight,1
yahoo,arden,1
yahoo,area51zone,1
yahoo,aready,1
yahoo,arenas,1
yahoo,aretz,1
yahoo,argent,1
yahoo,argentin,1
yahoo,argentinian,1
yahoo,argentinians,1
yahoo,argos,1
yahoo,args,1
yahoo,argueing,1
yahoo,aries,1
yahoo,arjun,1
yahoo,ark,1
yahoo,arkham,1
yahoo,armageddon,1
yahoo,arman,1
yahoo,armies,1
yahoo,arming,1
yahoo,armour,1
yahoo,armrests,1
yahoo,armtech,1
yahoo,arnoldii,1
yahoo,arod,1
yahoo,arosed,1
yahoo,aroungd,1
yahoo,aroused,1
yahoo,arrangement,1
yahoo,arrangerment,1
yahoo,array,1
yahoo,arrests,1
yahoo,arrived,1
yahoo,arse,1
yahoo,arsene,1
yahoo,arsenio,1
yahoo,artaskcb,1
yahoo,artdept6,1
yahoo,arterial,1
yahoo,artest,1
yahoo,arthitis,1
yahoo,arthroscopy,1
yahoo,arthur,1
yahoo,article2,1
yahoo,article6937,1
yahoo,articulate,1
yahoo,artifacts,1
yahoo,artisan,1
yahoo,arto,1
yahoo,aruba,1
yahoo,arum,1
yahoo,arunta,1
yahoo,arussian,1
yahoo,aryan,1
yahoo,arye,1
yahoo,asamoah,1
yahoo,ashbury,1
yahoo,ashkan,1
yahoo,asinus,1
yahoo,asjam1c0y3pv,1
yahoo,askaban,1
yahoo,askers,1
yahoo,askes,1
yahoo,askjeeves,1
yahoo,askonline,1
yahoo,asl,1
yahoo,asm,1
yahoo,asn,1
yahoo,asnwer,1
yahoo,asociado,1
yahoo,asparagine,1
yahoo,asparagus,1
yahoo,aspire,1
yahoo,asprin,1
yahoo,assasination,1
yahoo,assembled,1
yahoo,assert,1
yahoo,asses,1
yahoo,assess,1
yahoo,assessments,1
yahoo,assholes,1
yahoo,assigning,1
yahoo,assimilation,1
yahoo,assistant,1
yahoo,assistants,1
yahoo,assless,1
yahoo,associates,1
yahoo,assortment,1
yahoo,asst,1
yahoo,assumes,1
yahoo,assurance,1
yahoo,assured,1
yahoo,asteroid,1
yahoo,asthma,1
yahoo,astral,1
yahoo,astreoidal,1
yahoo,astro,1
yahoo,astrology,1
yahoo,astronomical,1
yahoo,astronut,1
yahoo,asvab,1
yahoo,ath,1
yahoo,atheits,1
yahoo,athelethics,1
yahoo,atherosclerosis,1
yahoo,athiests,1
yahoo,athletic,1
yahoo,atinlay,1
yahoo,ativan,1
yahoo,atl,1
yahoo,atlaantic,1
yahoo,atlas,1
yahoo,atman,1
yahoo,atmosheric,1
yahoo,atmospheres,1
yahoo,atmospheric,1
yahoo,atomicski,1
yahoo,atone,1
yahoo,atoning,1
yahoo,atp,1
yahoo,atptennis,1
yahoo,atrium,1
yahoo,atrract,1
yahoo,attachements,1
yahoo,attain,1
yahoo,attcaks,1
yahoo,attendance,1
yahoo,attentions,1
yahoo,attornies,1
yahoo,attrack,1
yahoo,attributed,1
yahoo,atv,1
yahoo,auction,1
yahoo,aucune,1
yahoo,audiologists,1
yahoo,audition,1
yahoo,auditorium,1
yahoo,auearuim,1
yahoo,auf,1
yahoo,augsburgfortress,1
yahoo,augusta,1
yahoo,augustana,1
yahoo,auras,1
yahoo,auriol,1
yahoo,auroras,1
yahoo,auspicious,1
yahoo,australians,1
yahoo,authentic,1
yahoo,authenticsportscollectibles,1
yahoo,authored,1
yahoo,authoritative,1
yahoo,authorities,1
yahoo,authorize,1
yahoo,authors,1
yahoo,authorware,1
yahoo,aution,1
yahoo,autistic,1
yahoo,autocad,1
yahoo,autograph,1
yahoo,automagically,1
yahoo,automated,1
yahoo,automation,1
yahoo,autometically,1
yahoo,automonline,1
yahoo,autoswitch,1
yahoo,autres,1
yahoo,availability,1
yahoo,availble,1
yahoo,avalanch,1
yahoo,avalible,1
yahoo,aveater,1
yahoo,aventure,1
yahoo,avenue,1
yahoo,averaging,1
yahoo,aviation,1
yahoo,aviationresearch,1
yahoo,avid,1
yahoo,aving,1
yahoo,avobenzone,1
yahoo,avoide,1
yahoo,avon,1
yahoo,avril,1
yahoo,awaited,1
yahoo,awaiting,1
yahoo,awaits,1
yahoo,awakening,1
yahoo,awarding,1
yahoo,awrc,1
yahoo,awsesome,1
yahoo,aww,1
yahoo,axe,1
yahoo,axle,1
yahoo,ayant,1
yahoo,ayatollah,1
yahoo,ayechihuahua,1
yahoo,ayma,1
yahoo,ayzc,1
yahoo,azcorrections,1
yahoo,azumah,1
yahoo,azureus,1
yahoo,b01b7ba5,1
yahoo,b1,1
yahoo,b547,1
yahoo,ba27a43aa5bfdbedd52ec2994f03698b,1
yahoo,baaaaad,1
yahoo,baathists,1
yahoo,babygirl,1
yahoo,babylon,1
yahoo,babysitters,1
yahoo,bacchhan,1
yahoo,bachman,1
yahoo,backfox,1
yahoo,backing,1
yahoo,backinsale,1
yahoo,backpack,1
yahoo,backround,1
yahoo,backrub,1
yahoo,backsliding,1
yahoo,backstreet,1
yahoo,backswing,1
yahoo,backwater,1
yahoo,backwaters,1
yahoo,bacon,1
yahoo,bacterial,1
yahoo,bacterium,1
yahoo,badminton,1
yahoo,badurlgrandstreetinteractive,1
yahoo,bagged,1
yahoo,bairagarh,1
yahoo,baird,1
yahoo,baised,1
yahoo,baker,1
yahoo,balakumaran,1
yahoo,balances,1
yahoo,balayage,1
yahoo,balcony,1
yahoo,ballistic,1
yahoo,ballon,1
yahoo,ballroom,1
yahoo,balm,1
yahoo,balmer,1
yahoo,baloon,1
yahoo,baltimore,1
yahoo,bandai,1
yahoo,bandwagon,1
yahoo,bangalore,1
yahoo,banging,1
yahoo,banker,1
yahoo,bankrate,1
yahoo,bankrolling,1
yahoo,bankrupting,1
yahoo,bankrupty,1
yahoo,banner,1
yahoo,banning,1
yahoo,baphomet,1
yahoo,baptised,1
yahoo,baptism,1
yahoo,barack,1
yahoo,barage,1
yahoo,barbas,1
yahoo,barbatus,1
yahoo,barbeque,1
yahoo,barbers,1
yahoo,barbie,1
yahoo,barbies,1
yahoo,barclays,1
yahoo,barrack,1
yahoo,barred,1
yahoo,barrett,1
yahoo,barretto,1
yahoo,barricade,1
yahoo,barring,1
yahoo,barringer,1
yahoo,barros,1
yahoo,barrymore,1
yahoo,barstow,1
yahoo,bartender,1
yahoo,bartleby,1
yahoo,barton,1
yahoo,bas,1
yahoo,basal,1
yahoo,baseed,1
yahoo,basel,1
yahoo,baseline,1
yahoo,bash,1
yahoo,basham,1
yahoo,bashes,1
yahoo,basie,1
yahoo,basilica,1
yahoo,basily,1
yahoo,bassey,1
yahoo,basten,1
yahoo,bastrad,1
yahoo,bata,1
yahoo,bathed,1
yahoo,bathing,1
yahoo,bathtub,1
yahoo,bathwater,1
yahoo,bathyscaph,1
yahoo,batista,1
yahoo,baton,1
yahoo,battalion,1
yahoo,batter,1
yahoo,batterers,1
yahoo,battlebaker,1
yahoo,battleship,1
yahoo,bawku,1
yahoo,bayou,1
yahoo,bbc1,1
yahoo,bbreathing,1
yahoo,bc0,1
yahoo,bcc,1
yahoo,bcisold,1
yahoo,bea,1
yahoo,beacause,1
yahoo,beaches,1
yahoo,beams,1
yahoo,beasley,1
yahoo,beatles,1
yahoo,beatmania,1
yahoo,beatout,1
yahoo,beatty,1
yahoo,beautful,1
yahoo,bebo,1
yahoo,beck,1
yahoo,becken,1
yahoo,beckensale,1
yahoo,becoz,1
yahoo,becuause,1
yahoo,bedbugs,1
yahoo,bedingfield,1
yahoo,bedouin,1
yahoo,bedside,1
yahoo,beeps,1
yahoo,beeter,1
yahoo,beeyon,1
yahoo,beforehand,1
yahoo,befuddled,1
yahoo,begets,1
yahoo,beggar,1
yahoo,begging,1
yahoo,begining,1
yahoo,beginnerctutorial,1
yahoo,behaving,1
yahoo,behcets,1
yahoo,beijing,1
yahoo,beil,1
yahoo,beiser,1
yahoo,belgian,1
yahoo,belgium,1
yahoo,believable,1
yahoo,belif,1
yahoo,belikemine,1
yahoo,belinda,1
yahoo,belligerent,1
yahoo,bellsouth,1
yahoo,belthazor,1
yahoo,beltran,1
yahoo,benadryl,1
yahoo,benedict,1
yahoo,benedictus,1
yahoo,beneficiaries,1
yahoo,benefist,1
yahoo,benefited,1
yahoo,benefitted,1
yahoo,benifit,1
yahoo,benjamin,1
yahoo,bent,1
yahoo,benzene,1
yahoo,benzodiazapam,1
yahoo,benzoyl,1
yahoo,beotch,1
yahoo,beowulf,1
yahoo,bep,1
yahoo,ber,1
yahoo,bernard,1
yahoo,berrings,1
yahoo,bert,1
yahoo,bertani,1
yahoo,bes,1
yahoo,besker,1
yahoo,bestebooksworld,1
yahoo,bestjobs05,1
yahoo,bests,1
yahoo,betelgeuse,1
yahoo,beter,1
yahoo,betinf,1
yahoo,betray,1
yahoo,betraying,1
yahoo,betrays,1
yahoo,betterment,1
yahoo,betts,1
yahoo,beuth,1
yahoo,beverages,1
yahoo,bexar,1
yahoo,bfa,1
yahoo,bff,1
yahoo,bgates,1
yahoo,bgticks,1
yahoo,bh0bkyd2,1
yahoo,bholusaria,1
yahoo,biasone,1
yahoo,biblegateway,1
yahoo,biblegod,1
yahoo,bibleinfo,1
yahoo,biblioteque,1
yahoo,bicarbonates,1
yahoo,biconditional,1
yahoo,bicycles,1
yahoo,bid,1
yahoo,bidapoly,1
yahoo,bigest,1
yahoo,biggerpockets,1
yahoo,bigot,1
yahoo,bigotry,1
yahoo,biittches,1
yahoo,bikelib,1
yahoo,bil,1
yahoo,billary,1
yahoo,billiards,1
yahoo,biloba,1
yahoo,binde,1
yahoo,bindings,1
yahoo,bingo,1
yahoo,binomial,1
yahoo,biographies,1
yahoo,biologist,1
yahoo,biologynews,1
yahoo,biomass,1
yahoo,biomedical,1
yahoo,biopsy,1
yahoo,bioses,1
yahoo,biotch,1
yahoo,biotech,1
yahoo,birderblog,1
yahoo,birthstone,1
yahoo,birthyear,1
yahoo,bis,1
yahoo,bisects,1
yahoo,bisexual,1
yahoo,bishen,1
yahoo,bisness,1
yahoo,bist,1
yahoo,bitch,1
yahoo,bittorent,1
yahoo,bizdev,1
yahoo,bizfilings,1
yahoo,bizplan,1
yahoo,bizsupport,1
yahoo,bjup,1
yahoo,blab,1
yahoo,blackboard,1
yahoo,blacked,1
yahoo,blackholes,1
yahoo,blaime,1
yahoo,blaming,1
yahoo,blanks,1
yahoo,blas,1
yahoo,blatter,1
yahoo,blazers,1
yahoo,blazingtools,1
yahoo,bleached,1
yahoo,bleacher,1
yahoo,bleaching,1
yahoo,blend,1
yahoo,blended,1
yahoo,blends,1
yahoo,blguitarlessonarchive,1
yahoo,blight,1
yahoo,blimpinfo,1
yahoo,blindly,1
yahoo,blindness,1
yahoo,bling,1
yahoo,bliss,1
yahoo,blistering,1
yahoo,blisters,1
yahoo,bloat,1
yahoo,bloated,1
yahoo,bloc,1
yahoo,blockage,1
yahoo,blockbusters,1
yahoo,blod,1
yahoo,blondes,1
yahoo,blonds,1
yahoo,bloo,1
yahoo,bloodline,1
yahoo,bloodstream,1
yahoo,bloodtypes,1
yahoo,blooger,1
yahoo,bloom,1
yahoo,blossom,1
yahoo,blouse,1
yahoo,blowin,1
yahoo,bluegrass,1
yahoo,blueish,1
yahoo,blunt,1
yahoo,bluntly,1
yahoo,blurted,1
yahoo,blvd,1
yahoo,bmicalc,1
yahoo,bmw,1
yahoo,boats,1
yahoo,bobb,1
yahoo,bobs,1
yahoo,bod,1
yahoo,boders,1
yahoo,bodman,1
yahoo,bodyandfitness,1
yahoo,boere,1
yahoo,bogglingly,1
yahoo,boi,1
yahoo,bojangles,1
yahoo,bol,1
yahoo,boldcory,1
yahoo,bolgatanga,1
yahoo,bolivia,1
yahoo,bollocks,1
yahoo,bollywoodworld,1
yahoo,bombarded,1
yahoo,bombing,1
yahoo,bonaparte,1
yahoo,bonded,1
yahoo,bondsman,1
yahoo,bondsperson,1
yahoo,bonet,1
yahoo,boney,1
yahoo,bonjour,1
yahoo,bonne,1
yahoo,bonner,1
yahoo,bonny,1
yahoo,boobie,1
yahoo,boogey,1
yahoo,booker,1
yahoo,bookkeeping,1
yahoo,bookmark,1
yahoo,bookmarks,1
yahoo,bookshops,1
yahoo,bookworm,1
yahoo,boomerang,1
yahoo,booming,1
yahoo,boon,1
yahoo,boooo,1
yahoo,booooon,1
yahoo,booster,1
yahoo,bootable,1
yahoo,booted,1
yahoo,booter,1
yahoo,booters,1
yahoo,booties,1
yahoo,boozer,1
yahoo,bop,1
yahoo,bordements,1
yahoo,bores,1
yahoo,boro,1
yahoo,borrom,1
yahoo,borrower,1
yahoo,bosco,1
yahoo,bosh,1
yahoo,bosnia,1
yahoo,bosses,1
yahoo,bot,1
yahoo,botanic,1
yahoo,botanist,1
yahoo,bothered,1
yahoo,botherin,1
yahoo,bothroyd,1
yahoo,bots,1
yahoo,bottome,1
yahoo,bottomless,1
yahoo,bottoms,1
yahoo,botton,1
yahoo,boucher,1
yahoo,bounced,1
yahoo,bounds,1
yahoo,bouquet,1
yahoo,bouyancy,1
yahoo,bowen,1
yahoo,bowled,1
yahoo,bowls,1
yahoo,bowwow,1
yahoo,bpk,1
yahoo,bpl,1
yahoo,bqt,1
yahoo,bracelet,1
yahoo,brach,1
yahoo,brachial,1
yahoo,bradbury,1
yahoo,bradley,1
yahoo,brady,1
yahoo,brahmaputra,1
yahoo,brainsource,1
yahoo,brainstorming,1
yahoo,brainwahing,1
yahoo,brainwashes,1
yahoo,brainy,1
yahoo,brainyguy,1
yahoo,brakes,1
yahoo,branching,1
yahoo,brandon,1
yahoo,brashear,1
yahoo,brava,1
yahoo,braver,1
yahoo,bravery,1
yahoo,braves,1
yahoo,brazenly,1
yahoo,breach,1
yahoo,breakaway,1
yahoo,breaker,1
yahoo,breakfasts,1
yahoo,breakouts,1
yahoo,breakup,1
yahoo,breakups,1
yahoo,breastfeed,1
yahoo,breastfeeding,1
yahoo,breathign,1
yahoo,bree,1
yahoo,breeds,1
yahoo,brennan,1
yahoo,brethe,1
yahoo,brett,1
yahoo,brevity,1
yahoo,breweries,1
yahoo,brewery,1
yahoo,brian,1
yahoo,brians,1
yahoo,briarpatch,1
yahoo,brick,1
yahoo,bridal,1
yahoo,bridesmaid,1
yahoo,bridesmaids,1
yahoo,bridgeover30,1
yahoo,bridio,1
yahoo,brightest,1
yahoo,brightness,1
yahoo,brilliance,1
yahoo,brimstone,1
yahoo,brin,1
yahoo,brisbane,1
yahoo,brisk,1
yahoo,brissette,1
yahoo,brit,1
yahoo,brittle,1
yahoo,bro,1
yahoo,broadbandglossary,1
yahoo,broadcast,1
yahoo,broadcasted,1
yahoo,brochures,1
yahoo,brokers,1
yahoo,broly,1
yahoo,bronchitis,1
yahoo,broncos,1
yahoo,brooks,1
yahoo,brosnan,1
yahoo,brothel,1
yahoo,brow,1
yahoo,broweser,1
yahoo,browing,1
yahoo,brownean,1
yahoo,brownies,1
yahoo,brownoil,1
yahoo,browns,1
yahoo,browsers,1
yahoo,browsing,1
yahoo,broz,1
yahoo,bruising,1
yahoo,bruschi,1
yahoo,brushing,1
yahoo,brushless,1
yahoo,brutality,1
yahoo,brutally,1
yahoo,brutha,1
yahoo,bsin,1
yahoo,btni,1
yahoo,bto,1
yahoo,bty,1
yahoo,bubonic,1
yahoo,bucharest,1
yahoo,bucking,1
yahoo,buckingham,1
yahoo,buckinghame,1
yahoo,budd,1
yahoo,buddhist,1
yahoo,budh,1
yahoo,budweiser,1
yahoo,budworms,1
yahoo,buena,1
yahoo,buffer,1
yahoo,buffering,1
yahoo,buffet,1
yahoo,bugatti,1
yahoo,bugged,1
yahoo,buh,1
yahoo,buildmuscle,1
yahoo,bukroot,1
yahoo,bulents,1
yahoo,bulgarians,1
yahoo,bulimic,1
yahoo,bullfrog,1
yahoo,bullies,1
yahoo,bullseye,1
yahoo,bumper,1
yahoo,bumpersoft,1
yahoo,bums,1
yahoo,bundle,1
yahoo,bundled,1
yahoo,bunny,1
yahoo,buns,1
yahoo,buoyant,1
yahoo,bur,1
yahoo,bureaucracy,1
yahoo,buren,1
yahoo,burglars,1
yahoo,burgos,1
yahoo,burhan,1
yahoo,burke,1
yahoo,burlin,1
yahoo,burlingamerealtor,1
yahoo,burners,1
yahoo,burp,1
yahoo,burrow,1
yahoo,bursitis,1
yahoo,bursts,1
yahoo,burt,1
yahoo,buscate,1
yahoo,buses,1
yahoo,bushes,1
yahoo,bushing,1
yahoo,bushus,1
yahoo,businfo2,1
yahoo,busses,1
yahoo,busters,1
yahoo,buti,1
yahoo,butler,1
yahoo,butts,1
yahoo,buyers,1
yahoo,bwgburn,1
yahoo,bylaws,1
yahoo,bypolar,1
yahoo,byron,1
yahoo,byte,1
yahoo,bytes,1
yahoo,byval,1
yahoo,byzantio,1
yahoo,c00022505,1
yahoo,c004,1
yahoo,c0ck,1
yahoo,c18,1
yahoo,c19f25d5305d846c6e622dcebaf864434ed43dd6,1
yahoo,c21a12,1
yahoo,c253254,1
yahoo,c2h2,1
yahoo,c3,1
yahoo,c4,1
yahoo,c8378bf4,1
yahoo,c8h8o3,1
yahoo,cabbage,1
yahoo,cabin,1
yahoo,cabo,1
yahoo,cached,1
yahoo,cafepress,1
yahoo,cafes,1
yahoo,caffine,1
yahoo,cain,1
yahoo,cairo,1
yahoo,cajuns,1
yahoo,cakes,1
yahoo,caladryl,1
yahoo,calcified,1
yahoo,calculater,1
yahoo,calculating,1
yahoo,calculations,1
yahoo,calendar,1
yahoo,calibacy,1
yahoo,calibre,1
yahoo,californian,1
yahoo,caller,1
yahoo,callgirl,1
yahoo,calmer,1
yahoo,calming,1
yahoo,calmly,1
yahoo,calorielab,1
yahoo,calorimeters,1
yahoo,cals,1
yahoo,caluniv,1
yahoo,calvin,1
yahoo,camcorder,1
yahoo,camcorders,1
yahoo,cameras,1
yahoo,campaigns,1
yahoo,campfire,1
yahoo,campuses,1
yahoo,camron,1
yahoo,canals,1
yahoo,canards,1
yahoo,cancelation,1
yahoo,cancerous,1
yahoo,candies,1
yahoo,candle,1
yahoo,candychic,1
yahoo,canes,1
yahoo,cangjie,1
yahoo,canines,1
yahoo,canned,1
yahoo,cannibas,1
yahoo,canseco,1
yahoo,cantact,1
yahoo,canyon,1
yahoo,cao,1
yahoo,capablility,1
yahoo,capacitance,1
yahoo,capacities,1
yahoo,capacitor,1
yahoo,capatiol,1
yahoo,capillary,1
yahoo,capitalistic,1
yahoo,capitalists,1
yahoo,caplets,1
yahoo,capri,1
yahoo,capricorn,1
yahoo,captaincy,1
yahoo,captures,1
yahoo,capturing,1
yahoo,caramel,1
yahoo,caravan,1
yahoo,carbajal,1
yahoo,carbide,1
yahoo,carbohyrates,1
yahoo,carbonated,1
yahoo,carbons,1
yahoo,carcharodon,1
yahoo,carcinogens,1
yahoo,carcinoma,1
yahoo,cardinal,1
yahoo,cardio,1
yahoo,careerid,1
yahoo,careers,1
yahoo,careethurik2002,1
yahoo,carefuly,1
yahoo,carelessness,1
yahoo,carful,1
yahoo,carfully,1
yahoo,cari,1
yahoo,caribbean,1
yahoo,carismatic,1
yahoo,carlin,1
yahoo,carmen,1
yahoo,carmichael,1
yahoo,carnivore,1
yahoo,carotid,1
yahoo,carpe,1
yahoo,carpets,1
yahoo,carpultunnel,1
yahoo,carr,1
yahoo,carreno,1
yahoo,carrey,1
yahoo,carrie,1
yahoo,carriers,1
yahoo,carrington,1
yahoo,cartesian,1
yahoo,cartier,1
yahoo,cartoons,1
yahoo,carumba,1
yahoo,carwash,1
yahoo,casc,1
yahoo,cashed,1
yahoo,cashes,1
yahoo,cashiering,1
yahoo,cass,1
yahoo,cassette,1
yahoo,casting,1
yahoo,cat5e,1
yahoo,catalan,1
yahoo,catalano,1
yahoo,catechism,1
yahoo,categorie,1
yahoo,categorization,1
yahoo,categorize,1
yahoo,categorized,1
yahoo,categoryid,1
yahoo,catering,1
yahoo,caterpillar,1
yahoo,catfish,1
yahoo,cations,1
yahoo,catryna,1
yahoo,catscan,1
yahoo,catshes,1
yahoo,cauda,1
yahoo,causative,1
yahoo,caveat,1
yahoo,cavity,1
yahoo,cawthorne,1
yahoo,cayenne,1
yahoo,caz,1
yahoo,cbox,1
yahoo,cbt,1
yahoo,ccd,1
yahoo,cchr,1
yahoo,ccs,1
yahoo,ccsd,1
yahoo,cdburner,1
yahoo,cddarip,1
yahoo,cdonts,1
yahoo,cdrw,1
yahoo,ceded,1
yahoo,celarances,1
yahoo,celebrations,1
yahoo,celeron,1
yahoo,celery,1
yahoo,celestial,1
yahoo,celgene,1
yahoo,celled,1
yahoo,cellophane,1
yahoo,cellphone,1
yahoo,cellulite,1
yahoo,celular,1
yahoo,cememtary,1
yahoo,cener,1
yahoo,censored,1
yahoo,centigrades,1
yahoo,centimeters,1
yahoo,centralised,1
yahoo,centrally,1
yahoo,centric,1
yahoo,centrifugal,1
yahoo,centrifugation,1
yahoo,centrix,1
yahoo,cenvat,1
yahoo,cenvatrules2,1
yahoo,ceo,1
yahoo,cerca,1
yahoo,cerebral,1
yahoo,ceremonial,1
yahoo,ceremony,1
yahoo,certainty,1
yahoo,certian,1
yahoo,certification,1
yahoo,cervial,1
yahoo,cervical,1
yahoo,cestodiasis,1
yahoo,cetera,1
yahoo,cfxweb,1
yahoo,cgasports,1
yahoo,cgm,1
yahoo,cgt,1
yahoo,ch000748,1
yahoo,ch2o,1
yahoo,ch3cocl,1
yahoo,ch4,1
yahoo,chackdephattey,1
yahoo,chainrule,1
yahoo,chalk,1
yahoo,chambered,1
yahoo,chambre,1
yahoo,chamomile,1
yahoo,championnats,1
yahoo,championships,1
yahoo,champlain,1
yahoo,chan,1
yahoo,chanber,1
yahoo,changinge,1
yahoo,channing,1
yahoo,chaotic,1
yahoo,chapelle,1
yahoo,chapman,1
yahoo,chaps,1
yahoo,char,1
yahoo,characcteristics,1
yahoo,charactors,1
yahoo,charleston,1
yahoo,charming,1
yahoo,charred,1
yahoo,chartered,1
yahoo,chases,1
yahoo,chatrooms,1
yahoo,chats,1
yahoo,chatting,1
yahoo,chazz,1
yahoo,chck,1
yahoo,cheaping,1
yahoo,cheaterazzi,1
yahoo,checkbooks,1
yahoo,chee,1
yahoo,cheechoo,1
yahoo,cheeeeeeeeeese,1
yahoo,cheers,1
yahoo,cheery,1
yahoo,cheetahs,1
yahoo,cheetas,1
yahoo,chembuddy,1
yahoo,chennai,1
yahoo,cherish,1
yahoo,cherries,1
yahoo,cherrys,1
yahoo,chertoff,1
yahoo,chess,1
yahoo,chesse,1
yahoo,cheveux,1
yahoo,chevron,1
yahoo,chiapas,1
yahoo,chickenjoke,1
yahoo,chickenshit,1
yahoo,childbearing,1
yahoo,childbirth,1
yahoo,chili,1
yahoo,chimerical,1
yahoo,chin,1
yahoo,ching,1
yahoo,chino,1
yahoo,chinook,1
yahoo,chins,1
yahoo,chipmunk,1
yahoo,chipmunks,1
yahoo,chips,1
yahoo,chipset,1
yahoo,chiquititas,1
yahoo,chiropactor,1
yahoo,chiropractor,1
yahoo,chisel,1
yahoo,chisholmtrail,1
yahoo,chisolm,1
yahoo,chitosan,1
yahoo,chk,1
yahoo,chkdsk,1
yahoo,chloreseptic,1
yahoo,chloroplasts,1
yahoo,cho,1
yahoo,chocodile,1
yahoo,chocodiles,1
yahoo,choke,1
yahoo,chone,1
yahoo,choo,1
yahoo,chopper,1
yahoo,choppy,1
yahoo,chord,1
yahoo,chordata,1
yahoo,chordates,1
yahoo,chorus,1
yahoo,choses,1
yahoo,chp,1
yahoo,christains,1
yahoo,christiano,1
yahoo,chromatin,1
yahoo,chromosome,1
yahoo,chronically,1
yahoo,chronicles,1
yahoo,chucknorrisfacts,1
yahoo,chucksconnection,1
yahoo,chudler,1
yahoo,chunks,1
yahoo,churche,1
yahoo,chyna,1
yahoo,cid,1
yahoo,cigaretts,1
yahoo,cigars,1
yahoo,cim,1
yahoo,cinch,1
yahoo,cinema,1
yahoo,cinematography,1
yahoo,cinepaint,1
yahoo,cinnebar,1
yahoo,cipamil,1
yahoo,circulating,1
yahoo,circulatory,1
yahoo,circumcised,1
yahoo,circumstance,1
yahoo,circumtances,1
yahoo,circus,1
yahoo,cis,1
yahoo,cisticercosis,1
yahoo,cit,1
yahoo,citation,1
yahoo,cite,1
yahoo,citeseer,1
yahoo,citibank,1
yahoo,civilisation,1
yahoo,cj,1
yahoo,cked,1
yahoo,cks,1
yahoo,ckswife,1
yahoo,cl2ti7w6womcfqxsdgodvilfvw,1
yahoo,clains,1
yahoo,claire,1
yahoo,clamping,1
yahoo,clamps,1
yahoo,clams,1
yahoo,clapton,1
yahoo,clarkson,1
yahoo,classbio,1
yahoo,classbrain,1
yahoo,classicalarchives,1
yahoo,classics,1
yahoo,classification,1
yahoo,classwork,1
yahoo,claudine,1
yahoo,clausenstein,1
yahoo,clauses,1
yahoo,claustrophobic,1
yahoo,claw,1
yahoo,cleaned,1
yahoo,cleanin,1
yahoo,cleanrooms,1
yahoo,cleanse,1
yahoo,cleansed,1
yahoo,cleansing,1
yahoo,clearer,1
yahoo,clearings,1
yahoo,cleats,1
yahoo,cleavage,1
yahoo,cleaver,1
yahoo,clemson,1
yahoo,clenching,1
yahoo,clergyapparel,1
yahoo,clerks,1
yahoo,clickbank,1
yahoo,cliffhangers,1
yahoo,climatologist,1
yahoo,climax,1
yahoo,climber,1
yahoo,clippers,1
yahoo,cloak,1
yahoo,clockmaker,1
yahoo,clockwise,1
yahoo,cloning,1
yahoo,clooney,1
yahoo,clopton,1
yahoo,closeness,1
yahoo,closeout,1
yahoo,closets,1
yahoo,closeyour,1
yahoo,cloture,1
yahoo,cloudy,1
yahoo,clove,1
yahoo,clues,1
yahoo,clumsy,1
yahoo,cluse,1
yahoo,clutch,1
yahoo,clutter,1
yahoo,cme,1
yahoo,cmos,1
yahoo,cn,1
yahoo,cnbc,1
yahoo,cng94chjq4gcfrzrnaodmz1tka,1
yahoo,cno,1
yahoo,cns,1
yahoo,cntr,1
yahoo,co3,1
yahoo,co4khint,1
yahoo,coalgarden,1
yahoo,coaster,1
yahoo,coated,1
yahoo,coates,1
yahoo,coatings,1
yahoo,cobra,1
yahoo,coca,1
yahoo,cockpit,1
yahoo,cody,1
yahoo,coe,1
yahoo,coerced,1
yahoo,coercion,1
yahoo,coffin,1
yahoo,coiffeur,1
yahoo,coil,1
yahoo,coincidence,1
yahoo,coincident,1
yahoo,coincidentally,1
yahoo,coinstar,1
yahoo,colapsing,1
yahoo,colasio,1
yahoo,coldplay,1
yahoo,coleridge,1
yahoo,coles,1
yahoo,colesterol,1
yahoo,colin,1
yahoo,colitis,1
yahoo,collaboratory,1
yahoo,collapsing,1
yahoo,collar,1
yahoo,collectable,1
yahoo,collectible,1
yahoo,colloidal,1
yahoo,colloquial,1
yahoo,colo,1
yahoo,colognes,1
yahoo,colonel,1
yahoo,colonization,1
yahoo,colony,1
yahoo,colored,1
yahoo,coloring,1
yahoo,colorless,1
yahoo,colossally,1
yahoo,colourgirlie,1
yahoo,colposcopy,1
yahoo,colt,1
yahoo,coltan,1
yahoo,columbia,1
yahoo,columbite,1
yahoo,columns,1
yahoo,comaptible,1
yahoo,combatant,1
yahoo,combo,1
yahoo,combustible,1
yahoo,comdom,1
yahoo,comers,1
yahoo,comets,1
yahoo,comfortably,1
yahoo,comfprtable,1
yahoo,comics,1
yahoo,comidy,1
yahoo,comit,1
yahoo,comm,1
yahoo,comma,1
yahoo,commandeer,1
yahoo,commando,1
yahoo,commands,1
yahoo,commence,1
yahoo,commentary,1
yahoo,commerciales,1
yahoo,commision,1
yahoo,commiting,1
yahoo,commits,1
yahoo,committees,1
yahoo,commmunication,1
yahoo,commodities,1
yahoo,commodity,1
yahoo,commonwealth,1
yahoo,communicable,1
yahoo,communicator,1
yahoo,communion,1
yahoo,communities,1
yahoo,communitycollege,1
yahoo,comound,1
yahoo,compact,1
yahoo,companionship,1
yahoo,compaqs,1
yahoo,comparable,1
yahoo,comparacon,1
yahoo,comparisons,1
yahoo,compartment,1
yahoo,compassionate,1
yahoo,compatable,1
yahoo,compbinations,1
yahoo,compco,1
yahoo,compelling,1
yahoo,compensated,1
yahoo,competent,1
yahoo,competing,1
yahoo,comphy,1
yahoo,compiere,1
yahoo,compilation,1
yahoo,complement,1
yahoo,completeing,1
yahoo,completley,1
yahoo,complexes,1
yahoo,complicate,1
yahoo,complication,1
yahoo,compliments,1
yahoo,component,1
yahoo,composure,1
yahoo,compress,1
yahoo,compresses,1
yahoo,compressing,1
yahoo,compressions,1
yahoo,compressors,1
yahoo,comprised,1
yahoo,comprises,1
yahoo,comprising,1
yahoo,compro,1
yahoo,computearea,1
yahoo,computed,1
yahoo,computermodels,1
yahoo,computershare,1
yahoo,comsite5,1
yahoo,comunicate,1
yahoo,comunnity,1
yahoo,concecrated,1
yahoo,conceieved,1
yahoo,conceit,1
yahoo,conceived,1
yahoo,conceives,1
yahoo,concentrated,1
yahoo,conception,1
yahoo,conceptions,1
yahoo,conceptually,1
yahoo,conciliation,1
yahoo,concluded,1
yahoo,concnetration,1
yahoo,concord,1
yahoo,cond,1
yahoo,condemned,1
yahoo,condenses,1
yahoo,conditioning,1
yahoo,condo,1
yahoo,condoleezza,1
yahoo,condone,1
yahoo,condos,1
yahoo,conductors,1
yahoo,confederacy,1
yahoo,confessed,1
yahoo,confessions,1
yahoo,confetti,1
yahoo,confided,1
yahoo,confidently,1
yahoo,configurations,1
yahoo,confimred,1
yahoo,confined,1
yahoo,confirms,1
yahoo,conflicting,1
yahoo,conform,1
yahoo,conformity,1
yahoo,confrenece,1
yahoo,confrontational,1
yahoo,cong,1
yahoo,conglomerates,1
yahoo,congo,1
yahoo,congolese,1
yahoo,congradulation,1
yahoo,congradulations,1
yahoo,congratulate,1
yahoo,congratz,1
yahoo,conifers,1
yahoo,conn,1
yahoo,connective,1
yahoo,connector,1
yahoo,connive,1
yahoo,conniving,1
yahoo,connot,1
yahoo,connotations,1
yahoo,conotation,1
yahoo,conquete,1
yahoo,conquistador,1
yahoo,consecrated,1
yahoo,consenting,1
yahoo,consequence,1
yahoo,consequent,1
yahoo,consequential,1
yahoo,conserve,1
yahoo,conserved,1
yahoo,conserving,1
yahoo,consevative,1
yahoo,considdering,1
yahoo,considerably,1
yahoo,consignee,1
yahoo,consintration,1
yahoo,consisted,1
yahoo,consistency,1
yahoo,consistent,1
yahoo,consistently,1
yahoo,consolidated,1
yahoo,conspiracy,1
yahoo,conspirate,1
yahoo,conspire,1
yahoo,constantine,1
yahoo,constatinople,1
yahoo,constipation,1
yahoo,constitute,1
yahoo,constitutional,1
yahoo,constrained,1
yahoo,constraints,1
yahoo,constrict,1
yahoo,construct,1
yahoo,constructed,1
yahoo,constructing,1
yahoo,constructionists,1
yahoo,contaminants,1
yahoo,contemplating,1
yahoo,contempt,1
yahoo,contender,1
yahoo,contending,1
yahoo,contested,1
yahoo,contiguous,1
yahoo,continental,1
yahoo,contniuty,1
yahoo,contorted,1
yahoo,contracting,1
yahoo,contradiction,1
yahoo,contrasted,1
yahoo,contre,1
yahoo,contribute,1
yahoo,contributed,1
yahoo,contribution,1
yahoo,controlairpolluton,1
yahoo,controled,1
yahoo,controll,1
yahoo,controllable,1
yahoo,convalescent,1
yahoo,convection,1
yahoo,convenience,1
yahoo,convenient,1
yahoo,conversate,1
yahoo,conversationalists,1
yahoo,converse,1
yahoo,convicting,1
yahoo,convienient,1
yahoo,convoy,1
yahoo,coochie,1
yahoo,coolness,1
yahoo,cools,1
yahoo,cooltoad,1
yahoo,coop,1
yahoo,cooperate,1
yahoo,coordinates,1
yahoo,coordinator,1
yahoo,coordinators,1
yahoo,coors,1
yahoo,coping,1
yahoo,copious,1
yahoo,coputer,1
yahoo,copying,1
yahoo,copywriter,1
yahoo,copywritten,1
yahoo,corba,1
yahoo,cords,1
yahoo,corfid,1
yahoo,corinne,1
yahoo,coriolis,1
yahoo,cororate,1
yahoo,corpus,1
yahoo,correcting,1
yahoo,correlate,1
yahoo,correlated,1
yahoo,correlates,1
yahoo,correlation,1
yahoo,correspond,1
yahoo,correspondence,1
yahoo,corresponds,1
yahoo,corroded,1
yahoo,corset,1
yahoo,corsica,1
yahoo,cortex,1
yahoo,corticosteroid,1
yahoo,corticosteroids,1
yahoo,cortisone,1
yahoo,cory,1
yahoo,cos2t,1
yahoo,cosidered,1
yahoo,cosin,1
yahoo,cosine,1
yahoo,cosmos,1
yahoo,costco,1
yahoo,costumer,1
yahoo,costumes,1
yahoo,cosx,1
yahoo,cot,1
yahoo,cotrol,1
yahoo,cottonseed,1
yahoo,couch,1
yahoo,coughin,1
yahoo,coujntry,1
yahoo,couldnot,1
yahoo,counceling,1
yahoo,councelors,1
yahoo,councilor,1
yahoo,councils,1
yahoo,counldn,1
yahoo,counsellors,1
yahoo,countless,1
yahoo,countryside,1
yahoo,coupaient,1
yahoo,coupe,1
yahoo,courier,1
yahoo,courtesy,1
yahoo,courtship,1
yahoo,cout,1
yahoo,coutour,1
yahoo,covenant,1
yahoo,cow,1
yahoo,coward,1
yahoo,cowgirl,1
yahoo,coworker,1
yahoo,coxnewsweb,1
yahoo,cp4414,1
yahoo,cplus,1
yahoo,cplusplus,1
yahoo,cpm,1
yahoo,cpus,1
yahoo,cra,1
yahoo,crabbing,1
yahoo,crabs,1
yahoo,crack,1
yahoo,cracker,1
yahoo,cracks,1
yahoo,craftsmen,1
yahoo,craftsofnj,1
yahoo,cramer,1
yahoo,cramming,1
yahoo,cranberries,1
yahoo,cranberry,1
yahoo,crapload,1
yahoo,crappest,1
yahoo,crashed,1
yahoo,crashes,1
yahoo,crashing,1
yahoo,crater,1
yahoo,craters,1
yahoo,craving,1
yahoo,cravings,1
yahoo,crawl,1
yahoo,crawlers,1
yahoo,craziness,1
yahoo,crdit,1
yahoo,createafreewebsite,1
yahoo,createsites,1
yahoo,creationism,1
yahoo,creationist,1
yahoo,creationists,1
yahoo,creative,1
yahoo,creditable,1
yahoo,credited,1
yahoo,creditors,1
yahoo,creek,1
yahoo,creeps,1
yahoo,crews,1
yahoo,cri,1
yahoo,cricketers,1
yahoo,criminalized,1
yahoo,crip,1
yahoo,cripple,1
yahoo,crisp,1
yahoo,crispin,1
yahoo,cristiano,1
yahoo,critic,1
yahoo,criticism,1
yahoo,criticizing,1
yahoo,crm,1
yahoo,croatian,1
yahoo,crocs,1
yahoo,crohns,1
yahoo,crois,1
yahoo,crook,1
yahoo,crop,1
yahoo,crore,1
yahoo,crossbar,1
yahoo,crossed,1
yahoo,crosses,1
yahoo,crouch,1
yahoo,croud,1
yahoo,crowded,1
yahoo,crown,1
yahoo,crowned,1
yahoo,crowns,1
yahoo,croyais,1
yahoo,crucifixions,1
yahoo,crucify,1
yahoo,crucis,1
yahoo,crude,1
yahoo,cruelly,1
yahoo,cruisers,1
yahoo,crumb,1
yahoo,crummy,1
yahoo,crunchy,1
yahoo,crusing,1
yahoo,crust,1
yahoo,crustacean,1
yahoo,crutch,1
yahoo,crvena,1
yahoo,crx,1
yahoo,crypt,1
yahoo,crystalinks,1
yahoo,crystalize,1
yahoo,crystalline,1
yahoo,csrt,1
yahoo,cte,1
yahoo,cuba,1
yahoo,cubans,1
yahoo,cubed,1
yahoo,cubic,1
yahoo,cubillas,1
yahoo,cucumber,1
yahoo,cue,1
yahoo,culd,1
yahoo,culgoa,1
yahoo,culinary,1
yahoo,culkin,1
yahoo,cult,1
yahoo,cults,1
yahoo,cultural,1
yahoo,cumputearea,1
yahoo,cuneta,1
yahoo,cunha,1
yahoo,cuodl,1
yahoo,cuold,1
yahoo,curable,1
yahoo,curex,1
yahoo,curing,1
yahoo,curls,1
yahoo,curly,1
yahoo,currencies,1
yahoo,currencycalculator,1
yahoo,currents,1
yahoo,currey,1
yahoo,curry,1
yahoo,curser,1
yahoo,curtis,1
yahoo,curves,1
yahoo,cushions,1
yahoo,cusp,1
yahoo,custodian,1
yahoo,customized,1
yahoo,cutco,1
yahoo,cuter,1
yahoo,cutlery,1
yahoo,cutout,1
yahoo,cuttle,1
yahoo,cutts,1
yahoo,cv,1
yahoo,cyanide,1
yahoo,cyberfret,1
yahoo,cycling,1
yahoo,cyclone,1
yahoo,cydots,1
yahoo,cylinders,1
yahoo,cylindrical,1
yahoo,cymbalta,1
yahoo,cypress,1
yahoo,cyrene,1
yahoo,cyrill,1
yahoo,cystitis,1
yahoo,czechoslovakia,1
yahoo,czek,1
yahoo,d3m492p,1
yahoo,d4991,1
yahoo,dads,1
yahoo,dahmer,1
yahoo,daigdig,1
yahoo,dailykos,1
yahoo,dailymotion,1
yahoo,dale,1
yahoo,dali,1
yahoo,dalip,1
yahoo,damnit,1
yahoo,damon,1
yahoo,dander,1
yahoo,dang,1
yahoo,dangerously,1
yahoo,dangers,1
yahoo,dangier,1
yahoo,danica,1
yahoo,daniela,1
yahoo,danielle,1
yahoo,danika,1
yahoo,danish,1
yahoo,danke,1
yahoo,danny,1
yahoo,dante,1
yahoo,danube,1
yahoo,danyko,1
yahoo,dar,1
yahoo,dara,1
yahoo,dared,1
yahoo,daree,1
yahoo,darlin,1
yahoo,darrell,1
yahoo,darryl,1
yahoo,dart,1
yahoo,dasys,1
yahoo,datacard,1
yahoo,datasource,1
yahoo,daughers,1
yahoo,daughters,1
yahoo,daughtry,1
yahoo,davidsons,1
yahoo,davinci,1
yahoo,davol,1
yahoo,davoooos,1
yahoo,dawkins,1
yahoo,daylon,1
yahoo,daytime,1
yahoo,dbname,1
yahoo,dcor,1
yahoo,ddd,1
yahoo,deacetylated,1
yahoo,deactivate,1
yahoo,deadline,1
yahoo,deaf,1
yahoo,deafault,1
yahoo,deafness,1
yahoo,dealt,1
yahoo,dealth,1
yahoo,debates,1
yahoo,debating,1
yahoo,debilitating,1
yahoo,debug,1
yahoo,debugging,1
yahoo,decathlon,1
yahoo,decelerating,1
yahoo,deceleration,1
yahoo,deception,1
yahoo,deciliter,1
yahoo,decimetre,1
yahoo,decive,1
yahoo,declined,1
yahoo,decoder,1
yahoo,decorating,1
yahoo,decorations,1
yahoo,decreased,1
yahoo,decreasing,1
yahoo,decrypter,1
yahoo,dedication,1
yahoo,deductable,1
yahoo,deduction,1
yahoo,deeds,1
yahoo,deepak,1
yahoo,deer,1
yahoo,defamation,1
yahoo,default2,1
yahoo,defaults,1
yahoo,defeatdiabetes,1
yahoo,defeated,1
yahoo,defection,1
yahoo,defenietly,1
yahoo,deferment,1
yahoo,deffinatly,1
yahoo,defiance,1
yahoo,defibrillation,1
yahoo,defibrillator,1
yahoo,defination,1
yahoo,defince,1
yahoo,definently,1
yahoo,definitive,1
yahoo,definitively,1
yahoo,defintion,1
yahoo,defo,1
yahoo,deformed,1
yahoo,defrag,1
yahoo,defragmenting,1
yahoo,defunct,1
yahoo,defuse,1
yahoo,degauss,1
yahoo,degaussed,1
yahoo,degenerate,1
yahoo,degeneration,1
yahoo,degraded,1
yahoo,degrassi,1
yahoo,dehati,1
yahoo,dehydrated,1
yahoo,dehydrates,1
yahoo,dehyration,1
yahoo,deirdre,1
yahoo,deiseases,1
yahoo,deit,1
yahoo,deital,1
yahoo,deities,1
yahoo,dekalb,1
yahoo,delahoya,1
yahoo,delano,1
yahoo,delay,1
yahoo,delayed,1
yahoo,delegates,1
yahoo,deletefile,1
yahoo,deliberate,1
yahoo,delighted,1
yahoo,delightful,1
yahoo,delima,1
yahoo,deliva,1
yahoo,deliverance,1
yahoo,delphi,1
yahoo,demander,1
yahoo,demarcates,1
yahoo,demensions,1
yahoo,dementia,1
yahoo,demetrius,1
yahoo,demian,1
yahoo,deminish,1
yahoo,demise,1
yahoo,demolay,1
yahoo,demon,1
yahoo,demoniation,1
yahoo,demonstrated,1
yahoo,demonstrating,1
yahoo,demos,1
yahoo,denis,1
yahoo,denomination,1
yahoo,denominators,1
yahoo,denouncing,1
yahoo,denser,1
yahoo,denudation,1
yahoo,deontological,1
yahoo,depeartment,1
yahoo,depeche,1
yahoo,dependant,1
yahoo,depended,1
yahoo,depicted,1
yahoo,deployed,1
yahoo,deploymacy,1
yahoo,deployment,1
yahoo,depositories,1
yahoo,depositors,1
yahoo,depot,1
yahoo,depp,1
yahoo,depreciate,1
yahoo,depressant,1
yahoo,deprived,1
yahoo,depths,1
yahoo,depts,1
yahoo,deputies,1
yahoo,deranged,1
yahoo,derctions,1
yahoo,deregulated,1
yahoo,deriding,1
yahoo,derivation,1
yahoo,derma,1
yahoo,dermatology,1
yahoo,deron,1
yahoo,derriere,1
yahoo,descendents,1
yahoo,descent,1
yahoo,descision,1
yahoo,desconocida,1
yahoo,descrimination,1
yahoo,descs,1
yahoo,deseves,1
yahoo,deside,1
yahoo,designations,1
yahoo,designs,1
yahoo,deskbar,1
yahoo,desktopdefault,1
yahoo,despicable,1
yahoo,despotic,1
yahoo,despues,1
yahoo,dest,1
yahoo,destroying,1
yahoo,destruct,1
yahoo,destructions,1
yahoo,destructive,1
yahoo,destry,1
yahoo,destuctive,1
yahoo,detachment,1
yahoo,detaillist,1
yahoo,detection,1
yahoo,detectives,1
yahoo,detectors,1
yahoo,deterant,1
yahoo,deteriorating,1
yahoo,determinants,1
yahoo,determination,1
yahoo,detials,1
yahoo,detramental,1
yahoo,detriment,1
yahoo,dettloff,1
yahoo,deutchland,1
yahoo,deuteronomy,1
yahoo,deutsche,1
yahoo,deutscher,1
yahoo,devastated,1
yahoo,developer,1
yahoo,developers,1
yahoo,deviantart,1
yahoo,deviation,1
yahoo,deviations,1
yahoo,devide,1
yahoo,devided,1
yahoo,deviens,1
yahoo,deviltry,1
yahoo,devinera,1
yahoo,devolve,1
yahoo,devonshire,1
yahoo,devour,1
yahoo,devoured,1
yahoo,devout,1
yahoo,dewpoint,1
yahoo,dey,1
yahoo,dhappy,1
yahoo,dhshahra,1
yahoo,dhtml,1
yahoo,di,1
yahoo,diabilities,1
yahoo,diagnose,1
yahoo,diagnosing,1
yahoo,diagonally,1
yahoo,diagrams,1
yahoo,dialects,1
yahoo,dialog,1
yahoo,dialogue,1
yahoo,dialup,1
yahoo,diana,1
yahoo,diaper,1
yahoo,diaphragm,1
yahoo,diarrhea,1
yahoo,diaspora,1
yahoo,diazepine,1
yahoo,dictates,1
yahoo,dictatorship,1
yahoo,dictiona,1
yahoo,dictionaries,1
yahoo,diddy,1
yahoo,didiint,1
yahoo,didnot,1
yahoo,dido,1
yahoo,diem,1
yahoo,dieters,1
yahoo,diethopropian,1
yahoo,dietitians,1
yahoo,diferent,1
yahoo,diffent,1
yahoo,differance,1
yahoo,differening,1
yahoo,differnt,1
yahoo,differrent,1
yahoo,difficulties,1
yahoo,difficulty,1
yahoo,diffraction,1
yahoo,digicams,1
yahoo,digitized,1
yahoo,dike,1
yahoo,dilate,1
yahoo,dildo,1
yahoo,dilema,1
yahoo,dilemma,1
yahoo,dillards,1
yahoo,dillute,1
yahoo,dilute,1
yahoo,dimensionally,1
yahoo,diminish,1
yahoo,diminsions,1
yahoo,dimittus,1
yahoo,dimm,1
yahoo,dine,1
yahoo,dinero,1
yahoo,ding,1
yahoo,dingess,1
yahoo,dining,1
yahoo,dinitrogen,1
yahoo,dionne,1
yahoo,dionysus,1
yahoo,diphosphorus,1
yahoo,diploid,1
yahoo,diplomas,1
yahoo,diplomat,1
yahoo,dipped,1
yahoo,dire,1
yahoo,directing,1
yahoo,directx,1
yahoo,disables,1
yahoo,disabling,1
yahoo,disadvantaged,1
yahoo,disagrees,1
yahoo,disappear,1
yahoo,disappoint,1
yahoo,disappointing,1
yahoo,disastercenter,1
yahoo,disbanded,1
yahoo,disbursement,1
yahoo,discernable,1
yahoo,discharge,1
yahoo,discharged,1
yahoo,disclaimer,1
yahoo,disclose,1
yahoo,disclosure,1
yahoo,disclosures,1
yahoo,discontinued,1
yahoo,discourage,1
yahoo,discovering,1
yahoo,discoveronline,1
yahoo,discoverthenetwork,1
yahoo,discrepency,1
yahoo,discriminate,1
yahoo,discriptive,1
yahoo,discs,1
yahoo,disengaged,1
yahoo,disgrace,1
yahoo,disgraced,1
yahoo,disguise,1
yahoo,disguised,1
yahoo,disgust,1
yahoo,dishes,1
yahoo,dishonest,1
yahoo,disimiliar,1
yahoo,disinterested,1
yahoo,disliking,1
yahoo,disparagement,1
yahoo,disperate,1
yahoo,displayed,1
yahoo,disproving,1
yahoo,disqualification,1
yahoo,disqualifier,1
yahoo,disqualify,1
yahoo,disquise,1
yahoo,disregarded,1
yahoo,disrespectful,1
yahoo,disrespectfully,1
yahoo,dissapointment,1
yahoo,dissapoints,1
yahoo,disseminating,1
yahoo,dissipate,1
yahoo,dissolve,1
yahoo,dissolved,1
yahoo,disstractions,1
yahoo,distal,1
yahoo,distanced,1
yahoo,distant,1
yahoo,distiguinished,1
yahoo,distinguishing,1
yahoo,distract,1
yahoo,distracting,1
yahoo,distraction,1
yahoo,distracts,1
yahoo,distressful,1
yahoo,distribute,1
yahoo,distributes,1
yahoo,distros,1
yahoo,distrub,1
yahoo,distrust,1
yahoo,distubute,1
yahoo,diuretic,1
yahoo,diurnal,1
yahoo,diver,1
yahoo,diverting,1
yahoo,divo,1
yahoo,dixit,1
yahoo,djnghblghrhdvbhl,1
yahoo,djs,1
yahoo,dlink,1
yahoo,dllindex,1
yahoo,dlrs,1
yahoo,dma,1
yahoo,dmoz,1
yahoo,dmr,1
yahoo,dmrdata,1
yahoo,dndebug,1
yahoo,dnn,1
yahoo,dns,1
yahoo,doable,1
yahoo,dobbs,1
yahoo,docapp8,1
yahoo,docile,1
yahoo,dock,1
yahoo,doctrinal,1
yahoo,documentation,1
yahoo,dodge,1
yahoo,dodgeball,1
yahoo,dodger,1
yahoo,dodgey,1
yahoo,dodo,1
yahoo,dodsal,1
yahoo,doenst,1
yahoo,dogwood,1
yahoo,doherty,1
yahoo,doielle2006,1
yahoo,doin,1
yahoo,doingbusiness,1
yahoo,doinyo,1
yahoo,dol,1
yahoo,dolares,1
yahoo,dollers,1
yahoo,dollhaus,1
yahoo,dolphins,1
yahoo,domesticated,1
yahoo,domi,1
yahoo,dominating,1
yahoo,dominic,1
yahoo,domoains,1
yahoo,donaldo,1
yahoo,donalds,1
yahoo,donated,1
yahoo,donation,1
yahoo,donielleatkinson,1
yahoo,donjuanin,1
yahoo,donkeys,1
yahoo,donnas,1
yahoo,donnell,1
yahoo,donno,1
yahoo,donot,1
yahoo,donotcall,1
yahoo,dontate,1
yahoo,doodle,1
yahoo,dookey,1
yahoo,doorbells,1
yahoo,doormen,1
yahoo,dopamine,1
yahoo,dorky,1
yahoo,dorms,1
yahoo,dorsal,1
yahoo,dorset,1
yahoo,dorsi,1
yahoo,dortmund,1
yahoo,dosing,1
yahoo,dosnt,1
yahoo,dotnetspider,1
yahoo,doubled,1
yahoo,doubling,1
yahoo,douch,1
yahoo,doug,1
yahoo,doughnuts,1
yahoo,douglas,1
yahoo,dould,1
yahoo,doves,1
yahoo,downhill,1
yahoo,downladed,1
yahoo,downloader,1
yahoo,downright,1
yahoo,downside,1
yahoo,downsizing,1
yahoo,downstream,1
yahoo,downto,1
yahoo,downtown,1
yahoo,downwards,1
yahoo,doze,1
yahoo,dozen,1
yahoo,dp,1
yahoo,drafts,1
yahoo,dragging,1
yahoo,dragonfly,1
yahoo,dragons,1
yahoo,dragonslayer,1
yahoo,drained,1
yahoo,draining,1
yahoo,dramamine,1
yahoo,dramatically,1
yahoo,drank,1
yahoo,dravid,1
yahoo,dre,1
yahoo,dreamed,1
yahoo,dreamer,1
yahoo,dresden,1
yahoo,dresses,1
yahoo,dribble,1
yahoo,dried,1
yahoo,drifting,1
yahoo,drill,1
yahoo,drills,1
yahoo,driven,1
yahoo,driversguide,1
yahoo,drivin,1
yahoo,drom,1
yahoo,droplets,1
yahoo,drown,1
yahoo,drowsy,1
yahoo,drucker,1
yahoo,drugstore,1
yahoo,drying,1
yahoo,ds,1
yahoo,dsfacilityloc,1
yahoo,dss,1
yahoo,dstbegin,1
yahoo,dubbed,1
yahoo,dublin,1
yahoo,dubyus,1
yahoo,duchess,1
yahoo,duct,1
yahoo,ductile,1
yahoo,duff,1
yahoo,dukes,1
yahoo,dum,1
yahoo,dumba,1
yahoo,dumbass,1
yahoo,dumbbell,1
yahoo,dumbed,1
yahoo,dumbfuck,1
yahoo,dumbledore,1
yahoo,dumbo,1
yahoo,dummies,1
yahoo,dumn,1
yahoo,dumpfinds,1
yahoo,dumping,1
yahoo,duncan,1
yahoo,dungeons,1
yahoo,dunk,1
yahoo,dur,1
yahoo,durable,1
yahoo,dural,1
yahoo,durst,1
yahoo,dustydreams,1
yahoo,duue,1
yahoo,dvdidle,1
yahoo,dwarfed,1
yahoo,dwarfs,1
yahoo,dwayne,1
yahoo,dwell,1
yahoo,dwellers,1
yahoo,dxdiag,1
yahoo,dyed,1
yahoo,dynamic,1
yahoo,dynamicdrive,1
yahoo,dynamicindex1,1
yahoo,dynes,1
yahoo,dysabled,1
yahoo,dysfunction,1
yahoo,dyslexic,1
yahoo,dziadeck,1
yahoo,ea23,1
yahoo,eager,1
yahoo,ealiest,1
yahoo,earht,1
yahoo,earpiece,1
yahoo,earplugs,1
yahoo,earvin,1
yahoo,easly,1
yahoo,easth,1
yahoo,ebargo,1
yahoo,ebgin,1
yahoo,ebony,1
yahoo,ebuyer,1
yahoo,ecards,1
yahoo,ecarduniverse,1
yahoo,eccomerce,1
yahoo,ecg,1
yahoo,ech,1
yahoo,echelons,1
yahoo,ecliptic,1
yahoo,ecnext,1
yahoo,eco,1
yahoo,economiques,1
yahoo,economist,1
yahoo,economyid,1
yahoo,econtour,1
yahoo,ecstasy,1
yahoo,ect,1
yahoo,edgar,1
yahoo,edgecomb,1
yahoo,edible,1
yahoo,edis,1
yahoo,editions,1
yahoo,editorial,1
yahoo,edmonds,1
yahoo,eduation,1
yahoo,educating,1
yahoo,educationresources,1
yahoo,edward,1
yahoo,edwards,1
yahoo,eeeeven,1
yahoo,eeehhhhhhh,1
yahoo,eek,1
yahoo,eff,1
yahoo,effexor,1
yahoo,efficient,1
yahoo,efficiently,1
yahoo,eficent,1
yahoo,efron,1
yahoo,egocentric,1
yahoo,eguavoan,1
yahoo,egyptians,1
yahoo,ehow,1
yahoo,eia,1
yahoo,eighth,1
yahoo,ejacts,1
yahoo,ejaculates,1
yahoo,ejaculation,1
yahoo,eject,1
yahoo,ek,1
yahoo,elaine,1
yahoo,elanorebutpupet,1
yahoo,elastically,1
yahoo,elated,1
yahoo,elba,1
yahoo,elbows,1
yahoo,eldridge,1
yahoo,electra,1
yahoo,electrocardiogram,1
yahoo,elegible,1
yahoo,elemental,1
yahoo,elephas,1
yahoo,elevate,1
yahoo,elevator,1
yahoo,elevators,1
yahoo,eleven,1
yahoo,eligable,1
yahoo,eliminated,1
yahoo,elimintion,1
yahoo,elisha,1
yahoo,elitist,1
yahoo,elliot,1
yahoo,elliott,1
yahoo,elmers,1
yahoo,elongated,1
yahoo,elongation,1
yahoo,elook,1
yahoo,eloquent,1
yahoo,elyria,1
yahoo,em798,1
yahoo,emachines,1
yahoo,emailing,1
yahoo,embarrass,1
yahoo,embarrassing,1
yahoo,embassies,1
yahoo,embolism,1
yahoo,emedicine,1
yahoo,emerged,1
yahoo,emergence,1
yahoo,emergencey,1
yahoo,emerging,1
yahoo,emersonquartet,1
yahoo,emichigancity,1
yahoo,emigration,1
yahoo,emilio,1
yahoo,emitting,1
yahoo,eml,1
yahoo,emmer,1
yahoo,emmett,1
yahoo,emmigrate,1
yahoo,emmm,1
yahoo,emopng,1
yahoo,emoticons,1
yahoo,empathy,1
yahoo,emphasize,1
yahoo,emphysema,1
yahoo,empirical,1
yahoo,employers,1
yahoo,emporia,1
yahoo,empowered,1
yahoo,empties,1
yahoo,emulator,1
yahoo,emule,1
yahoo,emulsion,1
yahoo,en022728,1
yahoo,enacted,1
yahoo,enamoured,1
yahoo,encephalitis,1
yahoo,encompass,1
yahoo,encourages,1
yahoo,encrypting,1
yahoo,encryptonclick,1
yahoo,endeavors,1
yahoo,endings,1
yahoo,endless,1
yahoo,endocrinologists,1
yahoo,endogenous,1
yahoo,endometriosis,1
yahoo,endorsers,1
yahoo,endosymbiosis,1
yahoo,endothelium,1
yahoo,endothermic,1
yahoo,endow,1
yahoo,endowments,1
yahoo,endurance,1
yahoo,endured,1
yahoo,energetic,1
yahoo,energizer,1
yahoo,energyquest,1
yahoo,engels,1
yahoo,enggineering,1
yahoo,engineeringtoolbox,1
yahoo,engineerning,1
yahoo,engorgement,1
yahoo,engrank,1
yahoo,enhances,1
yahoo,enigma,1
yahoo,enity,1
yahoo,enlist,1
yahoo,enlisted,1
yahoo,ennemy,1
yahoo,enoch,1
yahoo,enolase,1
yahoo,enought,1
yahoo,enployer,1
yahoo,ensures,1
yahoo,ensuring,1
yahoo,ent,1
yahoo,entail,1
yahoo,enteropathy,1
yahoo,enthusiasm,1
yahoo,entities,1
yahoo,entitle,1
yahoo,entitlements,1
yahoo,entitles,1
yahoo,entourage,1
yahoo,entrainement,1
yahoo,entre,1
yahoo,enuf,1
yahoo,envelop,1
yahoo,enviornment,1
yahoo,enya,1
yahoo,eo,1
yahoo,eon,1
yahoo,epa,1
yahoo,epecially,1
yahoo,ephesians,1
yahoo,epics,1
yahoo,epigenetic,1
yahoo,epiglottis,1
yahoo,epilepsy,1
yahoo,epiphyseal,1
yahoo,episodes,1
yahoo,epistaxis,1
yahoo,epl,1
yahoo,epoch,1
yahoo,epsom,1
yahoo,epson,1
yahoo,ept,1
yahoo,eqasion,1
yahoo,eqiupment,1
yahoo,eqtn,1
yahoo,equador,1
yahoo,equaling,1
yahoo,equalled,1
yahoo,equate,1
yahoo,equating,1
yahoo,equillibrium,1
yahoo,equina,1
yahoo,equinox,1
yahoo,equus,1
yahoo,erase,1
yahoo,erection,1
yahoo,ergonomic,1
yahoo,erignathus,1
yahoo,erikson,1
yahoo,eriksson,1
yahoo,erm,1
yahoo,erogenous,1
yahoo,erotic,1
yahoo,erp,1
yahoo,erratic,1
yahoo,errmm,1
yahoo,errupting,1
yahoo,eruption,1
yahoo,erythroxylon,1
yahoo,escalade,1
yahoo,escapes,1
yahoo,escaping,1
yahoo,escherichia,1
yahoo,escribiendo,1
yahoo,escrow,1
yahoo,eslvideos,1
yahoo,espannol,1
yahoo,espanol,1
yahoo,espcially,1
yahoo,especailly,1
yahoo,especialy,1
yahoo,espicially,1
yahoo,espoir,1
yahoo,essays,1
yahoo,essentually,1
yahoo,estado,1
yahoo,estamos,1
yahoo,estan,1
yahoo,estates,1
yahoo,estevez,1
yahoo,esthetics,1
yahoo,estrogen,1
yahoo,esv,1
yahoo,eteamz,1
yahoo,ethanol,1
yahoo,ethel,1
yahoo,ethic,1
yahoo,ethical,1
yahoo,ethiopian,1
yahoo,ets,1
yahoo,etudiants,1
yahoo,eudora,1
yahoo,eugene,1
yahoo,eunet,1
yahoo,eunuch,1
yahoo,eurethra,1
yahoo,euro,1
yahoo,europeans,1
yahoo,eurosport,1
yahoo,eurovision,1
yahoo,ev,1
yahoo,evacuates,1
yahoo,eval,1
yahoo,evapoates,1
yahoo,evaporates,1
yahoo,eveil,1
yahoo,evengeline,1
yahoo,evenly,1
yahoo,everaert,1
yahoo,everclear,1
yahoo,everessst,1
yahoo,everthing,1
yahoo,every1,1
yahoo,everynight,1
yahoo,everyonebenefits,1
yahoo,evidenced,1
yahoo,evident,1
yahoo,evidently,1
yahoo,eviter,1
yahoo,evnvelope,1
yahoo,evo,1
yahoo,evolt,1
yahoo,evolves,1
yahoo,ewe,1
yahoo,eww,1
yahoo,ewww,1
yahoo,exaggerate,1
yahoo,exaime,1
yahoo,examine,1
yahoo,examined,1
yahoo,exaustion,1
yahoo,exceding,1
yahoo,exceeding,1
yahoo,excelent,1
yahoo,excellence,1
yahoo,excels,1
yahoo,exceptable,1
yahoo,exceptions,1
yahoo,excerpt,1
yahoo,excerpts,1
yahoo,excersises,1
yahoo,excersize,1
yahoo,excessively,1
yahoo,exchanged,1
yahoo,exchangers,1
yahoo,exchequer,1
yahoo,excise,1
yahoo,exclamation,1
yahoo,exclusion,1
yahoo,exclusively,1
yahoo,excretions,1
yahoo,excuses,1
yahoo,excusing,1
yahoo,execs,1
yahoo,execute,1
yahoo,execution,1
yahoo,executives,1
yahoo,exept,1
yahoo,exercised,1
yahoo,exercises,1
yahoo,exersize,1
yahoo,exerted,1
yahoo,exerts,1
yahoo,exhailing,1
yahoo,exhale,1
yahoo,exhausted,1
yahoo,exhibits,1
yahoo,exhilarating,1
yahoo,exhilaration,1
yahoo,exhusband,1
yahoo,exicting,1
yahoo,exile,1
yahoo,existences,1
yahoo,exogenous,1
yahoo,exothermal,1
yahoo,expalins,1
yahoo,expanded,1
yahoo,expands,1
yahoo,expecially,1
yahoo,expended,1
yahoo,expesive,1
yahoo,expires,1
yahoo,explanatio,1
yahoo,explanatory,1
yahoo,explanitory,1
yahoo,explode,1
yahoo,exploding,1
yahoo,exploited,1
yahoo,exploiter,1
yahoo,exploiting,1
yahoo,explorations,1
yahoo,exploreeconomies,1
yahoo,explorers,1
yahoo,explosions,1
yahoo,exponent,1
yahoo,exporter,1
yahoo,expos,1
yahoo,expose,1
yahoo,exposing,1
yahoo,exposures,1
yahoo,expressed,1
yahoo,expresses,1
yahoo,expressing,1
yahoo,expressions,1
yahoo,expunged,1
yahoo,exsisted,1
yahoo,extdetail,1
yahoo,extending,1
yahoo,extermination,1
yahoo,extra04,1
yahoo,extraction,1
yahoo,extradite,1
yahoo,extrapolate,1
yahoo,extraterrestrial,1
yahoo,extremes,1
yahoo,extremley,1
yahoo,extstart,1
yahoo,exxon,1
yahoo,eyeballs,1
yahoo,f1040,1
yahoo,f11,1
yahoo,f3f3,1
yahoo,fable,1
yahoo,fabricate,1
yahoo,fabrication,1
yahoo,facials,1
yahoo,facile,1
yahoo,faciliate,1
yahoo,facilitates,1
yahoo,facto,1
yahoo,factories,1
yahoo,factoring,1
yahoo,factsheet,1
yahoo,faculty,1
yahoo,faded,1
yahoo,fads,1
yahoo,fae,1
yahoo,fafsa,1
yahoo,fags,1
yahoo,fahreinheit,1
yahoo,faile,1
yahoo,failings,1
yahoo,failures,1
yahoo,faint,1
yahoo,faintest,1
yahoo,faints,1
yahoo,faire,1
yahoo,fairfax,1
yahoo,fairmont,1
yahoo,fairs,1
yahoo,fairytale,1
yahoo,faisant,1
yahoo,faiths,1
yahoo,fal2z,1
yahoo,falcons,1
yahoo,faliscians,1
yahoo,fallow,1
yahoo,familiaris,1
yahoo,familyid,1
yahoo,famvid,1
yahoo,fantacising,1
yahoo,farmed,1
yahoo,farrell,1
yahoo,farther,1
yahoo,farting,1
yahoo,farve,1
yahoo,fascinated,1
yahoo,fascist,1
yahoo,fascitis,1
yahoo,fashionist,1
yahoo,fastly,1
yahoo,fat32,1
yahoo,fathead,1
yahoo,fatigue,1
yahoo,fatigues,1
yahoo,faults,1
yahoo,fauly,1
yahoo,faute,1
yahoo,favorably,1
yahoo,favortism,1
yahoo,favour,1
yahoo,fbl,1
yahoo,fblhome,1
yahoo,fcc,1
yahoo,fcgi,1
yahoo,fd,1
yahoo,fda,1
yahoo,fdirep,1
yahoo,fealthy,1
yahoo,feared,1
yahoo,fearlessness,1
yahoo,fears,1
yahoo,feasible,1
yahoo,feast,1
yahoo,feat,1
yahoo,featured,1
yahoo,feautures,1
yahoo,fec,1
yahoo,feces,1
yahoo,federation,1
yahoo,fedora,1
yahoo,fedorov,1
yahoo,feedback,1
yahoo,feeds,1
yahoo,feeligs,1
yahoo,feetfirst,1
yahoo,feist,1
yahoo,feline,1
yahoo,fella,1
yahoo,feloney,1
yahoo,fema,1
yahoo,femax,1
yahoo,feminime,1
yahoo,fergalicious,1
yahoo,fermat,1
yahoo,fernando,1
yahoo,ferocious,1
yahoo,ferreira,1
yahoo,ferret,1
yahoo,ferric,1
yahoo,ferrone,1
yahoo,ferrous,1
yahoo,ferry,1
yahoo,fertilized,1
yahoo,fess,1
yahoo,festivals,1
yahoo,fetus,1
yahoo,fey,1
yahoo,feyenoord,1
yahoo,ffg,1
yahoo,fha,1
yahoo,fianc,1
yahoo,fiancee,1
yahoo,fiat,1
yahoo,fibercon,1
yahoo,fibers,1
yahoo,fibroids,1
yahoo,fibrous,1
yahoo,fico,1
yahoo,ficticious,1
yahoo,fictious,1
yahoo,fictitious,1
yahoo,fiddler,1
yahoo,fidel,1
yahoo,fidelitatis,1
yahoo,fider,1
yahoo,fido,1
yahoo,fiduciary,1
yahoo,fielder,1
yahoo,fiercely,1
yahoo,fifaworldcup,1
yahoo,fig,1
yahoo,figgins,1
yahoo,fightin,1
yahoo,fightnews,1
yahoo,figth,1
yahoo,filehippo,1
yahoo,filekicker,1
yahoo,filetodelete,1
yahoo,fillings,1
yahoo,filmography,1
yahoo,filthy,1
yahoo,filtration,1
yahoo,fims,1
yahoo,finace,1
yahoo,finacial,1
yahoo,finaid,1
yahoo,finales,1
yahoo,finalists,1
yahoo,findaflushot,1
yahoo,finders,1
yahoo,findings,1
yahoo,findlaw,1
yahoo,fined,1
yahoo,finest,1
yahoo,finfacts,1
yahoo,fingertips,1
yahoo,finical,1
yahoo,finisher,1
yahoo,finishing,1
yahoo,finland,1
yahoo,finn,1
yahoo,finsihed,1
yahoo,firearm,1
yahoo,fireewall,1
yahoo,firefighter,1
yahoo,firefighters,1
yahoo,fires,1
yahoo,fireworks,1
yahoo,firing,1
yahoo,firmed,1
yahoo,firstfitness,1
yahoo,firstsearch,1
yahoo,firstserch,1
yahoo,fishbase,1
yahoo,fished,1
yahoo,fisher,1
yahoo,fishie,1
yahoo,fishy,1
yahoo,fists,1
yahoo,fitch,1
yahoo,fitnesshigh,1
yahoo,fittoski,1
yahoo,fitzgerald,1
yahoo,fiv,1
yahoo,fivin,1
yahoo,fixit,1
yahoo,fixture,1
yahoo,fizz,1
yahoo,flagged,1
yahoo,flaim,1
yahoo,flake,1
yahoo,flaky,1
yahoo,flank,1
yahoo,flare,1
yahoo,flashes,1
yahoo,flashman,1
yahoo,flatered,1
yahoo,flattering,1
yahoo,flatulence,1
yahoo,flavin,1
yahoo,flavors,1
yahoo,flavour,1
yahoo,fled,1
yahoo,fledged,1
yahoo,fleece,1
yahoo,fleischer,1
yahoo,flexibility,1
yahoo,flick,1
yahoo,flicker,1
yahoo,flicking,1
yahoo,flights,1
yahoo,flint,1
yahoo,fliped,1
yahoo,flips,1
yahoo,flirty,1
yahoo,fliud,1
yahoo,float,1
yahoo,flooded,1
yahoo,floors,1
yahoo,flop,1
yahoo,flora,1
yahoo,florin,1
yahoo,flouride,1
yahoo,flowering,1
yahoo,fluctuate,1
yahoo,fluent,1
yahoo,fluff,1
yahoo,fluffy,1
yahoo,flunk,1
yahoo,flushing,1
yahoo,flux,1
yahoo,flycell,1
yahoo,flyer,1
yahoo,flynn,1
yahoo,flywheel,1
yahoo,fmcg,1
yahoo,fmla,1
yahoo,fmp3,1
yahoo,foaming,1
yahoo,fockers,1
yahoo,focusing,1
yahoo,foetus,1
yahoo,fog,1
yahoo,foggiest,1
yahoo,foi,1
yahoo,foil,1
yahoo,foinhaven,1
yahoo,folding,1
yahoo,foleygate,1
yahoo,folliculitis,1
yahoo,folloe,1
yahoo,followings,1
yahoo,foloowing,1
yahoo,fomat,1
yahoo,fome,1
yahoo,fondly,1
yahoo,fontaine,1
yahoo,foodprocessing,1
yahoo,foolishly,1
yahoo,fooods,1
yahoo,footing,1
yahoo,foots,1
yahoo,forcenormal,1
yahoo,forearms,1
yahoo,forecast,1
yahoo,foreigner,1
yahoo,foreseeable,1
yahoo,forfeited,1
yahoo,forgetting,1
yahoo,foriegn,1
yahoo,forlani,1
yahoo,formaldyhde,1
yahoo,formalities,1
yahoo,formally,1
yahoo,formatted,1
yahoo,formatting,1
yahoo,formerly,1
yahoo,formulated,1
yahoo,forrapc,1
yahoo,forsake,1
yahoo,forsyth,1
yahoo,forts,1
yahoo,fortune,1
yahoo,forty,1
yahoo,foruma,1
yahoo,foul,1
yahoo,foundmoney,1
yahoo,fourteen,1
yahoo,fourths,1
yahoo,fpctx,1
yahoo,fractional,1
yahoo,fractions,1
yahoo,fragments,1
yahoo,fragrance,1
yahoo,frail,1
yahoo,framegrabber,1
yahoo,fran,1
yahoo,franc,1
yahoo,franchised,1
yahoo,franchising,1
yahoo,franchisor,1
yahoo,francisville,1
yahoo,francophiles,1
yahoo,frankfort,1
yahoo,frantic,1
yahoo,fraternal,1
yahoo,fraudster,1
yahoo,fraudwatchers,1
yahoo,freakin,1
yahoo,freckle,1
yahoo,fredflare,1
yahoo,freecycle,1
yahoo,freecycledc,1
yahoo,freed,1
yahoo,freeguitarvideos,1
yahoo,freelang,1
yahoo,freeloaders,1
yahoo,freeloading,1
yahoo,freemasons,1
yahoo,freerip,1
yahoo,freesciencefairproject,1
yahoo,freeurl,1
yahoo,freewares,1
yahoo,freewebspace,1
yahoo,freezes,1
yahoo,freezing,1
yahoo,freiberg,1
yahoo,freind,1
yahoo,frensh,1
yahoo,freshly,1
yahoo,freshner,1
yahoo,fretboard,1
yahoo,fretplay,1
yahoo,frets,1
yahoo,fricking,1
yahoo,frictionless,1
yahoo,friedal,1
yahoo,friednship,1
yahoo,friendships,1
yahoo,frightening,1
yahoo,frigid,1
yahoo,frineds,1
yahoo,fringe,1
yahoo,fringes,1
yahoo,frizzeled,1
yahoo,frontpage,1
yahoo,frostwire,1
yahoo,froth,1
yahoo,frowns,1
yahoo,froze,1
yahoo,frozen,1
yahoo,frud,1
yahoo,fruitful,1
yahoo,fruity,1
yahoo,fsbo,1
yahoo,ftc,1
yahoo,fubu,1
yahoo,fuck,1
yahoo,fuckin,1
yahoo,fudge,1
yahoo,fueld,1
yahoo,fugitive,1
yahoo,ful,1
yahoo,fulfilling,1
yahoo,fulfillment,1
yahoo,fullfill,1
yahoo,fullfilling,1
yahoo,fullness,1
yahoo,fullsize,1
yahoo,funattic,1
yahoo,functionalistic,1
yahoo,functionalities,1
yahoo,functionality,1
yahoo,fundamental,1
yahoo,fundamentals,1
yahoo,fundraiser,1
yahoo,fundraising,1
yahoo,funeral,1
yahoo,funnest,1
yahoo,funniest,1
yahoo,funstuff,1
yahoo,funtion,1
yahoo,furious,1
yahoo,furnished,1
yahoo,furonda,1
yahoo,furthermore,1
yahoo,furure,1
yahoo,fusiform,1
yahoo,futher,1
yahoo,futuremark,1
yahoo,futures,1
yahoo,fv,1
yahoo,fvcking,1
yahoo,fw,1
yahoo,g0,1
yahoo,g5,1
yahoo,gabriel,1
yahoo,gado,1
yahoo,gaffur,1
yahoo,gag,1
yahoo,gagarin,1
yahoo,gagne,1
yahoo,gah,1
yahoo,gahandi,1
yahoo,gaim,1
yahoo,gale,1
yahoo,galileo,1
yahoo,gallardo,1
yahoo,gallery,1
yahoo,galvanizing,1
yahoo,galvinized,1
yahoo,gama,1
yahoo,gamble,1
yahoo,gambling,1
yahoo,gamecube,1
yahoo,gamma,1
yahoo,ganga,1
yahoo,gannon,1
yahoo,gaps,1
yahoo,garb,1
yahoo,garett,1
yahoo,gargling,1
yahoo,garrard,1
yahoo,garter,1
yahoo,gary,1
yahoo,gascoigne,1
yahoo,gastritis,1
yahoo,gathered,1
yahoo,gatorade,1
yahoo,gatsby,1
yahoo,gawjuzz,1
yahoo,gaze,1
yahoo,gazillion,1
yahoo,gazza,1
yahoo,gc,1
yahoo,gcf,1
yahoo,gcses,1
yahoo,gebod,1
yahoo,geeks,1
yahoo,geesh,1
yahoo,geez,1
yahoo,geeze,1
yahoo,geforce,1
yahoo,gelatin,1
yahoo,genealogical,1
yahoo,genera,1
yahoo,generational,1
yahoo,generosity,1
yahoo,genesis,1
yahoo,genisis,1
yahoo,genius,1
yahoo,genreid,1
yahoo,gens,1
yahoo,gentiles,1
yahoo,genus,1
yahoo,geo333,1
yahoo,geoge,1
yahoo,geography,1
yahoo,geologic,1
yahoo,geological,1
yahoo,geologist,1
yahoo,geometric,1
yahoo,geometricobject,1
yahoo,geoquiz,1
yahoo,georgos,1
yahoo,ger,1
yahoo,gerald,1
yahoo,geratly,1
yahoo,gerbal,1
yahoo,gerber,1
yahoo,germs,1
yahoo,gerontology,1
yahoo,gerrad,1
yahoo,gestures,1
yahoo,getafe,1
yahoo,getfirefox,1
yahoo,geting,1
yahoo,getitnow,1
yahoo,getprocessimagefilenamew,1
yahoo,getto,1
yahoo,getyahoo,1
yahoo,gfp,1
yahoo,gg,1
yahoo,gglg,1
yahoo,ghandi,1
yahoo,gharib,1
yahoo,gharsha,1
yahoo,ghibli,1
yahoo,ghz,1
yahoo,gi,1
yahoo,gibberish,1
yahoo,gibbon,1
yahoo,gibran,1
yahoo,gient,1
yahoo,gifted,1
yahoo,giggly,1
yahoo,gikuyu,1
yahoo,gila,1
yahoo,gilad,1
yahoo,gimp,1
yahoo,ginagawa,1
yahoo,ginger,1
yahoo,ginivitis,1
yahoo,ginko,1
yahoo,girondins,1
yahoo,gish,1
yahoo,gitmo,1
yahoo,giuliani,1
yahoo,giuly,1
yahoo,giveaway,1
yahoo,givin,1
yahoo,gk,1
yahoo,gl3,1
yahoo,glace,1
yahoo,glady,1
yahoo,glakes,1
yahoo,gland,1
yahoo,glare,1
yahoo,glasgow,1
yahoo,gle,1
yahoo,glenn,1
yahoo,glide,1
yahoo,glimpse,1
yahoo,glitter,1
yahoo,glnpo,1
yahoo,glob,1
yahoo,globalization,1
yahoo,globe,1
yahoo,globetel,1
yahoo,globular,1
yahoo,gloomiest,1
yahoo,gloria,1
yahoo,glorified,1
yahoo,glory,1
yahoo,gluing,1
yahoo,gluten,1
yahoo,glycerin,1
yahoo,glyconutrients,1
yahoo,glycoproteins,1
yahoo,gm,1
yahoo,gmats,1
yahoo,gmwelcome,1
yahoo,gnosis,1
yahoo,gnostic,1
yahoo,gnuck,1
yahoo,goalpost,1
yahoo,goatlocker,1
yahoo,gobble,1
yahoo,goblet,1
yahoo,goct,1
yahoo,godaddy,1
yahoo,godse,1
yahoo,goe,1
yahoo,goergia,1
yahoo,gohan,1
yahoo,goig,1
yahoo,gol,1
yahoo,goldcorp,1
yahoo,goldeneye,1
yahoo,goldprospectors,1
yahoo,goldwater,1
yahoo,golfdigest,1
yahoo,goliath,1
yahoo,gome,1
yahoo,gon,1
yahoo,gonorrhea,1
yahoo,gonzaga,1
yahoo,gonzales,1
yahoo,gonzalez,1
yahoo,goo,1
yahoo,goodies,1
yahoo,goodluck,1
yahoo,goodyear,1
yahoo,goodyearblimp,1
yahoo,goof,1
yahoo,goofball,1
yahoo,goofy,1
yahoo,googlemail,1
yahoo,googolplexplex,1
yahoo,goole,1
yahoo,goooooood,1
yahoo,goooooooooooooooooood,1
yahoo,gorbachev,1
yahoo,gorge,1
yahoo,gorgeous,1
yahoo,gorillaz,1
yahoo,gory,1
yahoo,gose,1
yahoo,gosip,1
yahoo,goski,1
yahoo,gosurfto,1
yahoo,gota,1
yahoo,gove,1
yahoo,governernment,1
yahoo,governmetn,1
yahoo,gown,1
yahoo,gr,1
yahoo,gracious,1
yahoo,grade7,1
yahoo,gradprog,1
yahoo,gradually,1
yahoo,graduates,1
yahoo,graeme,1
yahoo,graffe,1
yahoo,graffiti,1
yahoo,grahm,1
yahoo,grail,1
yahoo,gramma,1
yahoo,grammatical,1
yahoo,grande,1
yahoo,grandfathers,1
yahoo,grandkids,1
yahoo,grandson,1
yahoo,granting,1
yahoo,grape,1
yahoo,grapefruit,1
yahoo,graph,1
yahoo,graph120,1
yahoo,graphed,1
yahoo,graphs,1
yahoo,grauman,1
yahoo,grave,1
yahoo,gravedancers,1
yahoo,gravestones,1
yahoo,graveyard,1
yahoo,graveyards,1
yahoo,gravitional,1
yahoo,gravoitational,1
yahoo,grc,1
yahoo,greate,1
yahoo,greebeans,1
yahoo,greediness,1
yahoo,greedy,1
yahoo,greeeaaattt,1
yahoo,greencard,1
yahoo,greenday,1
yahoo,greensmark,1
yahoo,greenwood,1
yahoo,greeting,1
yahoo,gregpage,1
yahoo,grey,1
yahoo,greyhounds,1
yahoo,greys,1
yahoo,grid,1
yahoo,gridview,1
yahoo,griffey,1
yahoo,grill,1
yahoo,grim,1
yahoo,grime,1
yahoo,grinch,1
yahoo,gripe,1
yahoo,grippe,1
yahoo,grips,1
yahoo,gritty,1
yahoo,grm,1
yahoo,groom,1
yahoo,grossly,1
yahoo,grouchy,1
yahoo,grouped,1
yahoo,grouper,1
yahoo,groveling,1
yahoo,growresources,1
yahoo,gs,1
yahoo,gsa,1
yahoo,gsfc,1
yahoo,gsmradionetwplanning,1
yahoo,gtaust,1
yahoo,gte,1
yahoo,gtp,1
yahoo,guardians,1
yahoo,guarini,1
yahoo,guatemalan,1
yahoo,gud,1
yahoo,guerrero,1
yahoo,guessin,1
yahoo,guest,1
yahoo,gui,1
yahoo,guide08,1
yahoo,guideline,1
yahoo,guidelines,1
yahoo,guidlines,1
yahoo,guild,1
yahoo,guilder,1
yahoo,guitaralliance,1
yahoo,guitarjamdaily,1
yahoo,guitarlessonsonvideo,1
yahoo,guitarmasterclass,1
yahoo,guitarnoise,1
yahoo,guitars,1
yahoo,guitarshredshow,1
yahoo,guitartabbooks,1
yahoo,gung,1
yahoo,gurkhas,1
yahoo,gurls,1
yahoo,guru,1
yahoo,gus,1
yahoo,guse,1
yahoo,gust,1
yahoo,gusto,1
yahoo,gusts,1
yahoo,gutierrez,1
yahoo,guts,1
yahoo,gutted,1
yahoo,gvproducts,1
yahoo,gwb,1
yahoo,gww100,1
yahoo,gwyneth,1
yahoo,gyan,1
yahoo,gylocoproteins,1
yahoo,gymnastic,1
yahoo,gynecologist,1
yahoo,gynocologist,1
yahoo,gypsy,1
yahoo,gzs,1
yahoo,h154,1
yahoo,h2,1
yahoo,h20,1
yahoo,h20000,1
yahoo,h2so4,1
yahoo,haaaaaaaaaa,1
yahoo,haarhuis,1
yahoo,habbit,1
yahoo,habe,1
yahoo,habeas,1
yahoo,habitais,1
yahoo,hacked,1
yahoo,hacker,1
yahoo,hackers,1
yahoo,hacks,1
yahoo,hadith,1
yahoo,hafta,1
yahoo,haggard,1
yahoo,hahahaha,1
yahoo,hahahahahahahahahaha,1
yahoo,hahahahahahahahahahahahahahaha,1
yahoo,hahahahahhaha,1
yahoo,hahha,1
yahoo,haight,1
yahoo,hailed,1
yahoo,haircut,1
yahoo,hairspray,1
yahoo,hakuna,1
yahoo,hal,1
yahoo,halaasana,1
yahoo,halas,1
yahoo,halloween,1
yahoo,halls,1
yahoo,ham,1
yahoo,hamburg,1
yahoo,hammocksurvivalguide,1
yahoo,hammurabi,1
yahoo,hampshire,1
yahoo,hamsters,1
yahoo,hamstrings,1
yahoo,handboook,1
yahoo,handcuffs,1
yahoo,handicap,1
yahoo,handicaped,1
yahoo,handles,1
yahoo,handmaid,1
yahoo,handome,1
yahoo,handover,1
yahoo,handpiece,1
yahoo,handsome,1
yahoo,handstand,1
yahoo,handstands,1
yahoo,hanged,1
yahoo,hangs,1
yahoo,hank,1
yahoo,hannigan,1
yahoo,haploid,1
yahoo,happend,1
yahoo,happier,1
yahoo,happiest,1
yahoo,hapy,1
yahoo,haram,1
yahoo,harassing,1
yahoo,harddisk,1
yahoo,harddrive,1
yahoo,hardening,1
yahoo,hardens,1
yahoo,hardes,1
yahoo,hardon,1
yahoo,hardship,1
yahoo,hare,1
yahoo,harikrishna,1
yahoo,harley,1
yahoo,harmfuly,1
yahoo,harmison,1
yahoo,harmones,1
yahoo,harness,1
yahoo,harold,1
yahoo,harpo,1
yahoo,harrassment,1
yahoo,harrington,1
yahoo,harsher,1
yahoo,hartford,1
yahoo,hartman,1
yahoo,harum,1
yahoo,harvested,1
yahoo,hassaniya,1
yahoo,hasty,1
yahoo,hatchet,1
yahoo,hater,1
yahoo,hatrik,1
yahoo,haunt,1
yahoo,haute,1
yahoo,havc,1
yahoo,haveing,1
yahoo,hawai,1
yahoo,hawaiia,1
yahoo,hawthrone,1
yahoo,hay,1
yahoo,hayes,1
yahoo,haywardbaker,1
yahoo,haza,1
yahoo,hazardious,1
yahoo,haze,1
yahoo,hazel,1
yahoo,hazzards,1
yahoo,hbk,1
yahoo,hcg,1
yahoo,hcl,1
yahoo,hco3,1
yahoo,hdacs,1
yahoo,hdd,1
yahoo,he1,1
yahoo,headgear,1
yahoo,headphone,1
yahoo,headphones,1
yahoo,headress,1
yahoo,headshots,1
yahoo,headstogether,1
yahoo,headway,1
yahoo,healed,1
yahoo,healthiest,1
yahoo,healthwise,1
yahoo,hearder,1
yahoo,hearings,1
yahoo,hears,1
yahoo,heartbeat,1
yahoo,heartburn,1
yahoo,heartedly,1
yahoo,heartfelt,1
yahoo,hearth,1
yahoo,heartland,1
yahoo,heartwarming,1
yahoo,heated,1
yahoo,heater,1
yahoo,heathen,1
yahoo,heatwaves,1
yahoo,heave,1
yahoo,heavens,1
yahoo,heavier,1
yahoo,heaviest,1
yahoo,heber,1
yahoo,heckle,1
yahoo,hedge,1
yahoo,hedging,1
yahoo,hefner,1
yahoo,hefty,1
yahoo,heightandweightchart,1
yahoo,heighten,1
yahoo,helena,1
yahoo,helmet,1
yahoo,helms,1
yahoo,helpdesk,1
yahoo,helper,1
yahoo,helplessly,1
yahoo,helpmeoutsource,1
yahoo,helro,1
yahoo,hem,1
yahoo,hemi,1
yahoo,hemoroid,1
yahoo,hemorrhage,1
yahoo,hemp,1
yahoo,hendrix,1
yahoo,henri,1
yahoo,hepatitiscinfo,1
yahoo,hepes,1
yahoo,herb,1
yahoo,herbicide,1
yahoo,herditary,1
yahoo,hereisyourwayoutofpaydayloans,1
yahoo,heresies,1
yahoo,hermes,1
yahoo,hermida,1
yahoo,herod,1
yahoo,herodias,1
yahoo,hershey,1
yahoo,hesitant,1
yahoo,hesse,1
yahoo,heston,1
yahoo,heterosexual,1
yahoo,hexagon,1
yahoo,hexaoxide,1
yahoo,heyy,1
yahoo,heyyyy,1
yahoo,hfa,1
yahoo,hgs2,1
yahoo,hhh,1
yahoo,hi5,1
yahoo,hibernate,1
yahoo,hiccuper,1
yahoo,hicham,1
yahoo,hick,1
yahoo,hicks,1
yahoo,hid,1
yahoo,hidemyass,1
yahoo,hidin,1
yahoo,hiding,1
yahoo,hidownlaod,1
yahoo,hidownload,1
yahoo,highered,1
yahoo,highlander,1
yahoo,highlighting,1
yahoo,highspeed,1
yahoo,highspots,1
yahoo,hight,1
yahoo,hihscool,1
yahoo,hiking,1
yahoo,hillbilly,1
yahoo,hime,1
yahoo,himm,1
yahoo,himma,1
yahoo,hinder,1
yahoo,hines,1
yahoo,hinton,1
yahoo,hip2ahop,1
yahoo,hipocracy,1
yahoo,hislop,1
yahoo,historians,1
yahoo,historic,1
yahoo,historyonthenet,1
yahoo,histroy,1
yahoo,hitchcock,1
yahoo,hitchhikers,1
yahoo,hitter,1
yahoo,hivdate,1
yahoo,hive,1
yahoo,hivpoz,1
yahoo,hiw,1
yahoo,hmc,1
yahoo,hmmmm,1
yahoo,hno3,1
yahoo,ho,1
yahoo,hoax,1
yahoo,hobbes,1
yahoo,hobbies,1
yahoo,hoc,1
yahoo,hockeydb,1
yahoo,hockeyroll,1
yahoo,hoispital,1
yahoo,hokkien,1
yahoo,holden,1
yahoo,holdings,1
yahoo,holgersson,1
yahoo,holiosis,1
yahoo,holla,1
yahoo,holloway,1
yahoo,holly,1
yahoo,holmes,1
yahoo,holt,1
yahoo,homasote,1
yahoo,homecooking,1
yahoo,homefires,1
yahoo,homeloans,1
yahoo,homemade,1
yahoo,homeowner,1
yahoo,homeowners,1
yahoo,homo,1
yahoo,homosexuals,1
yahoo,honeymoon,1
yahoo,honoured,1
yahoo,honyock,1
yahoo,hoobastank,1
yahoo,hoodia,1
yahoo,hooked,1
yahoo,hooks,1
yahoo,hooooo,1
yahoo,hooray,1
yahoo,hopeless,1
yahoo,hopkins,1
yahoo,hor,1
yahoo,horemones,1
yahoo,horizontally,1
yahoo,horney,1
yahoo,hornits,1
yahoo,horny,1
yahoo,hors,1
yahoo,horsey,1
yahoo,hos,1
yahoo,hose,1
yahoo,hospial,1
yahoo,hostel,1
yahoo,hostess,1
yahoo,hostip,1
yahoo,hostqueue,1
yahoo,hosuronline,1
yahoo,hot6,1
yahoo,hotline,1
yahoo,hotlist,1
yahoo,hotredirect,1
yahoo,hotscripts,1
yahoo,hotspot,1
yahoo,houdini,1
yahoo,hounding,1
yahoo,hounds,1
yahoo,households,1
yahoo,housewives,1
yahoo,hover,1
yahoo,howie,1
yahoo,howl,1
yahoo,howmanyplays,1
yahoo,hows,1
yahoo,hrd,1
yahoo,hrithik,1
yahoo,hrm,1
yahoo,hrs,1
yahoo,ht,1
yahoo,hten,1
yahoo,htmlplanet,1
yahoo,httpservlet,1
yahoo,hubbys,1
yahoo,hubs,1
yahoo,huck,1
yahoo,hudgeons,1
yahoo,hug,1
yahoo,hugged,1
yahoo,hugging,1
yahoo,huggy,1
yahoo,hugh,1
yahoo,hugi21,1
yahoo,hum,1
yahoo,humanities,1
yahoo,humanoid,1
yahoo,humas,1
yahoo,humble,1
yahoo,humbled,1
yahoo,humbucking,1
yahoo,hummer,1
yahoo,hummmmm,1
yahoo,humon,1
yahoo,humorous,1
yahoo,hungriest,1
yahoo,hungrypuppy,1
yahoo,hunk,1
yahoo,hunters,1
yahoo,hur,1
yahoo,hurdles,1
yahoo,hurley,1
yahoo,hurling,1
yahoo,hurtful,1
yahoo,husein,1
yahoo,hush,1
yahoo,hustle,1
yahoo,hut,1
yahoo,hv,1
yahoo,hybridization,1
yahoo,hybrids,1
yahoo,hyde,1
yahoo,hydraulic,1
yahoo,hydronium,1
yahoo,hydrosphere,1
yahoo,hydroxide,1
yahoo,hyenas,1
yahoo,hyer,1
yahoo,hygiene,1
yahoo,hygienist,1
yahoo,hygine,1
yahoo,hylobates,1
yahoo,hylobatidae,1
yahoo,hymlic,1
yahoo,hymnal,1
yahoo,hyperadrenocorticism,1
yahoo,hypercortisolism,1
yahoo,hypertext,1
yahoo,hyperventilating,1
yahoo,hyperventilation,1
yahoo,hypnotism,1
yahoo,hypocritical,1
yahoo,hypoglycemic,1
yahoo,hypokalemic,1
yahoo,hypothalamus,1
yahoo,hypothalumus,1
yahoo,hypothyroidism,1
yahoo,hypygirl,1
yahoo,hyrodynamic,1
yahoo,hysterectomy,1
yahoo,hystoerctomy,1
yahoo,i18nguy,1
yahoo,i63,1
yahoo,iaf,1
yahoo,iasplus,1
yahoo,iatrogenically,1
yahoo,ibf,1
yahoo,ibka,1
yahoo,ibko,1
yahoo,ibky,1
yahoo,ibm,1
yahoo,ibruprofen,1
yahoo,ibs,1
yahoo,ibt,1
yahoo,ibuilt,1
yahoo,ibuprofen,1
yahoo,ibuprophen,1
yahoo,icant,1
yahoo,icebreaker,1
yahoo,icedoutgear,1
yahoo,iceland,1
yahoo,ich,1
yahoo,ichat,1
yahoo,ichiban,1
yahoo,ick,1
yahoo,idaho,1
yahoo,idcplg,1
yahoo,idcservice,1
yahoo,idealism,1
yahoo,idealistic,1
yahoo,ideals,1
yahoo,idenitify,1
yahoo,ideological,1
yahoo,ideology,1
yahoo,idiom,1
yahoo,idiomatic,1
yahoo,idividual,1
yahoo,idoits,1
yahoo,idont,1
yahoo,idots,1
yahoo,ids,1
yahoo,ielts,1
yahoo,iffy,1
yahoo,ifi,1
yahoo,ific,1
yahoo,ifyouski,1
yahoo,igm,1
yahoo,ignition,1
yahoo,igoudala,1
yahoo,igpay,1
yahoo,ihop,1
yahoo,iidx,1
yahoo,iirc,1
yahoo,iit,1
yahoo,ijas,1
yahoo,iliad,1
yahoo,ilk,1
yahoo,illegally,1
yahoo,illegel,1
yahoo,illinoiswildflowers,1
yahoo,illiotibial,1
yahoo,illogical,1
yahoo,illuminati,1
yahoo,illusion,1
yahoo,illusionist,1
yahoo,illusions,1
yahoo,illustrate,1
yahoo,illustrates,1
yahoo,ils,1
yahoo,imac,1
yahoo,imagery,1
yahoo,imageshack,1
yahoo,imagiverse,1
yahoo,imani,1
yahoo,imb,1
yahoo,imbue,1
yahoo,imdb,1
yahoo,imho,1
yahoo,imigination,1
yahoo,imitators,1
yahoo,immeaditatly,1
yahoo,immelt,1
yahoo,immer,1
yahoo,immi,1
yahoo,immigrated,1
yahoo,immigrating,1
yahoo,immortality,1
yahoo,immunological,1
yahoo,imogen,1
yahoo,impactors,1
yahoo,impartiality,1
yahoo,impeachable,1
yahoo,impeachment,1
yahoo,impediment,1
yahoo,imperfection,1
yahoo,imperial,1
yahoo,imperialist,1
yahoo,implicit,1
yahoo,implosion,1
yahoo,imply,1
yahoo,imported,1
yahoo,imposing,1
yahoo,imposition,1
yahoo,impress,1
yahoo,impressions,1
yahoo,imprint,1
yahoo,imprinter,1
yahoo,improves,1
yahoo,improving,1
yahoo,improvising,1
yahoo,impurities,1
yahoo,ims,1
yahoo,imsindia,1
yahoo,in98,1
yahoo,inaction,1
yahoo,inactivity,1
yahoo,inacurate,1
yahoo,inadequate,1
yahoo,inadmissable,1
yahoo,inamoto,1
yahoo,inappropriate,1
yahoo,inately,1
yahoo,inbetween,1
yahoo,inbusiness,1
yahoo,incapacitated,1
yahoo,incarnates,1
yahoo,incarnations,1
yahoo,ince,1
yahoo,incident,1
yahoo,incipient,1
yahoo,incisions,1
yahoo,incite,1
yahoo,inclination,1
yahoo,inclined,1
yahoo,inclusions,1
yahoo,incomes,1
yahoo,incompatible,1
yahoo,incompletes,1
yahoo,inconsiderate,1
yahoo,inconsistency,1
yahoo,inconstitence,1
yahoo,inconvenience,1
yahoo,incorect,1
yahoo,incorporate,1
yahoo,incorporation,1
yahoo,incredimail,1
yahoo,incubus,1
yahoo,incurred,1
yahoo,ind,1
yahoo,indebtedness,1
yahoo,indefinitely,1
yahoo,indesit,1
yahoo,indeterminate,1
yahoo,index2,1
yahoo,indicative,1
yahoo,indicators,1
yahoo,indie,1
yahoo,indigestible,1
yahoo,indirect,1
yahoo,indisputedly,1
yahoo,individualism,1
yahoo,individualistic,1
yahoo,indiviuals,1
yahoo,indo,1
yahoo,induces,1
yahoo,induction,1
yahoo,indulgent,1
yahoo,industrialization,1
yahoo,industrials,1
yahoo,indy,1
yahoo,inequalities,1
yahoo,inescapable,1
yahoo,inexperience,1
yahoo,infancy,1
yahoo,infant,1
yahoo,infantry,1
yahoo,infantryman,1
yahoo,infants,1
yahoo,infatuated,1
yahoo,inferences,1
yahoo,infested,1
yahoo,infiltrated,1
yahoo,infinitely,1
yahoo,infinitive,1
yahoo,infinitives,1
yahoo,inflicting,1
yahoo,inflorences,1
yahoo,influences,1
yahoo,influnce,1
yahoo,influx,1
yahoo,infomation,1
yahoo,informal,1
yahoo,informally,1
yahoo,informative,1
yahoo,informaton,1
yahoo,informing,1
yahoo,informmation,1
yahoo,infra,1
yahoo,infrared,1
yahoo,infrequent,1
yahoo,ingeniero,1
yahoo,ingested,1
yahoo,inhabited,1
yahoo,inhale,1
yahoo,inherent,1
yahoo,inherently,1
yahoo,inhereted,1
yahoo,inheritance,1
yahoo,inheritances,1
yahoo,inhibit,1
yahoo,inhibitors,1
yahoo,inhofe,1
yahoo,inhospitable,1
yahoo,initatiated,1
yahoo,initiatives,1
yahoo,inj,1
yahoo,injections,1
yahoo,injures,1
yahoo,inline,1
yahoo,inm,1
yahoo,inmate,1
yahoo,inmatedata,1
yahoo,inmates,1
yahoo,innit,1
yahoo,innocence,1
yahoo,innovative,1
yahoo,innuendo,1
yahoo,inorder,1
yahoo,inot,1
yahoo,inox,1
yahoo,inquisition,1
yahoo,inquisitive,1
yahoo,inquisitve,1
yahoo,inquries,1
yahoo,insemination,1
yahoo,inserting,1
yahoo,insisted,1
yahoo,inspect,1
yahoo,inspirations,1
yahoo,inspire,1
yahoo,inspirons,1
yahoo,instalation,1
yahoo,instantaneous,1
yahoo,instantiated,1
yahoo,instigating,1
yahoo,instinctive,1
yahoo,instinctively,1
yahoo,instituted,1
yahoo,instructs,1
yahoo,instrumentals,1
yahoo,insufficiency,1
yahoo,insulting,1
yahoo,insurrection,1
yahoo,integra,1
yahoo,integrity,1
yahoo,inteligence,1
yahoo,intelius,1
yahoo,intellect,1
yahoo,intellects,1
yahoo,intellectual,1
yahoo,intellectuals,1
yahoo,intends,1
yahoo,intensity,1
yahoo,intentional,1
yahoo,inter,1
yahoo,interactino,1
yahoo,interacts,1
yahoo,interantional,1
yahoo,interchangable,1
yahoo,interchange,1
yahoo,interchangeable,1
yahoo,interdisciplinary,1
yahoo,interessting,1
yahoo,interestes,1
yahoo,interestingly,1
yahoo,interfaces,1
yahoo,interfering,1
yahoo,interferon,1
yahoo,intergrate,1
yahoo,intergrated,1
yahoo,intermediary,1
yahoo,internationale,1
yahoo,internationals,1
yahoo,internationlly,1
yahoo,internetjump,1
yahoo,interns,1
yahoo,internships,1
yahoo,interpersonal,1
yahoo,interpert,1
yahoo,interperted,1
yahoo,interpol,1
yahoo,interpreters,1
yahoo,interrupt,1
yahoo,intersection,1
yahoo,interstate,1
yahoo,intervals,1
yahoo,intervenes,1
yahoo,intervewing,1
yahoo,interviewat,1
yahoo,interviewed,1
yahoo,intimacy,1
yahoo,intimate,1
yahoo,intimately,1
yahoo,intimidated,1
yahoo,intolerance,1
yahoo,intolerant,1
yahoo,intollerance,1
yahoo,intouch,1
yahoo,intoxication,1
yahoo,intracloud,1
yahoo,intranetjournal,1
yahoo,intrest,1
yahoo,intrested,1
yahoo,intrinsic,1
yahoo,introductory,1
yahoo,intruding,1
yahoo,intrusion,1
yahoo,intuitive,1
yahoo,invaders,1
yahoo,invades,1
yahoo,invaluable,1
yahoo,inventive,1
yahoo,inventory,1
yahoo,inverness,1
yahoo,invested,1
yahoo,invictae,1
yahoo,invitationanswered,1
yahoo,invoice,1
yahoo,involuntarily,1
yahoo,inxs,1
yahoo,iodate,1
yahoo,ioffres,1
yahoo,ionised,1
yahoo,ionizes,1
yahoo,ionospheric,1
yahoo,ip8500,1
yahoo,ipods,1
yahoo,ips,1
yahoo,irc,1
yahoo,irelandbusinessnews,1
yahoo,iris,1
yahoo,irks,1
yahoo,irl,1
yahoo,irol,1
yahoo,iroquoian,1
yahoo,iroquoians,1
yahoo,irratate,1
yahoo,irrational,1
yahoo,irrationalistic,1
yahoo,irreductible,1
yahoo,irrespective,1
yahoo,irrigation,1
yahoo,irritable,1
yahoo,irritated,1
yahoo,irritates,1
yahoo,irving,1
yahoo,isaiah,1
yahoo,iscariot,1
yahoo,ish,1
yahoo,ishmael,1
yahoo,isle,1
yahoo,islington,1
yahoo,isohunt,1
yahoo,isolate,1
yahoo,isopropanol,1
yahoo,isotopes,1
yahoo,isr,1
yahoo,israelites,1
yahoo,isreali,1
yahoo,iss,1
yahoo,issuing,1
yahoo,istanbul,1
yahoo,isys,1
yahoo,isysmenu,1
yahoo,itching,1
yahoo,itcilo,1
yahoo,itfacts,1
yahoo,ithink,1
yahoo,itss,1
yahoo,ittle,1
yahoo,itty,1
yahoo,iva,1
yahoo,ivory,1
yahoo,iw,1
yahoo,ix,1
yahoo,iz,1
yahoo,jackal,1
yahoo,jackets,1
yahoo,jacksonville,1
yahoo,jacnau,1
yahoo,jacobs,1
yahoo,jada,1
yahoo,jade,1
yahoo,jaffer,1
yahoo,jags,1
yahoo,jahangir,1
yahoo,jai,1
yahoo,jake,1
yahoo,jam,1
yahoo,jamaal,1
yahoo,jamiefoxx,1
yahoo,jamiefoxxworld,1
yahoo,jammy,1
yahoo,jamorama,1
yahoo,jankulovski,1
yahoo,janshar,1
yahoo,jansher,1
yahoo,janubaba,1
yahoo,japon,1
yahoo,jared,1
yahoo,jason,1
yahoo,jauza,1
yahoo,javits,1
yahoo,jawad,1
yahoo,jaws,1
yahoo,jaxinisrael,1
yahoo,jay,1
yahoo,jaya,1
yahoo,jayhawks,1
yahoo,jayne,1
yahoo,jbl,1
yahoo,jcalvert,1
yahoo,jcreator,1
yahoo,jeanne,1
yahoo,jeb,1
yahoo,jeckle,1
yahoo,jedi,1
yahoo,jeesh,1
yahoo,jeevan,1
yahoo,jeeves,1
yahoo,jellocommercials,1
yahoo,jen,1
yahoo,jennings,1
yahoo,jenny,1
yahoo,jeremiahproject,1
yahoo,jeremy,1
yahoo,jeresy,1
yahoo,jermaine,1
yahoo,jeroboam,1
yahoo,jerome,1
yahoo,jessy,1
yahoo,jestuer,1
yahoo,jesus2u,1
yahoo,jesusfreak,1
yahoo,jethro,1
yahoo,jetpack,1
yahoo,jewellery,1
yahoo,jewellry,1
yahoo,jfitznc,1
yahoo,jfk,1
yahoo,jhonny,1
yahoo,jhs,1
yahoo,jhtml,1
yahoo,jig,1
yahoo,jigsaw,1
yahoo,jimi,1
yahoo,jinn,1
yahoo,jist,1
yahoo,jivebunny,1
yahoo,jk,1
yahoo,jlo,1
yahoo,jlowes12345,1
yahoo,jmdeals,1
yahoo,jo,1
yahoo,joanna,1
yahoo,joanrhea,1
yahoo,jobguideforjobseekers,1
yahoo,jobonner,1
yahoo,joboutlook,1
yahoo,jobsearch,1
yahoo,jobsearchtech,1
yahoo,joc,1
yahoo,jock,1
yahoo,jocks,1
yahoo,jodie,1
yahoo,jody,1
yahoo,joel,1
yahoo,joes,1
yahoo,joga,1
yahoo,jogging,1
yahoo,johanns,1
yahoo,johnsons,1
yahoo,johnty,1
yahoo,joing,1
yahoo,jojo,1
yahoo,jokeing,1
yahoo,joker,1
yahoo,jokers,1
yahoo,joking,1
yahoo,jonah,1
yahoo,joomla,1
yahoo,jor,1
yahoo,jos,1
yahoo,josip,1
yahoo,jotty,1
yahoo,journalism,1
yahoo,journalist,1
yahoo,joust,1
yahoo,joynic,1
yahoo,jpeg,1
yahoo,jsu,1
yahoo,juan,1
yahoo,juban,1
yahoo,jud,1
yahoo,judgemental,1
yahoo,judging,1
yahoo,judicial,1
yahoo,judy,1
yahoo,juelz,1
yahoo,jugular,1
yahoo,juiced,1
yahoo,juicer,1
yahoo,juicy,1
yahoo,julia,1
yahoo,julian,1
yahoo,julie,1
yahoo,julliard,1
yahoo,jumpers,1
yahoo,jumps,1
yahoo,jumpsuits,1
yahoo,junction,1
yahoo,junichi,1
yahoo,juninho,1
yahoo,junkyard,1
yahoo,jurisdictions,1
yahoo,juss,1
yahoo,justg,1
yahoo,justifi,1
yahoo,justification,1
yahoo,justin,1
yahoo,justthinktwice,1
yahoo,juvenal,1
yahoo,juvi,1
yahoo,jwdx,1
yahoo,k12,1
yahoo,k5,1
yahoo,kacey,1
yahoo,kaho,1
yahoo,kaif,1
yahoo,kaiser,1
yahoo,kakashi,1
yahoo,kama,1
yahoo,kamikaze,1
yahoo,kanaan,1
yahoo,kangaroos,1
yahoo,kannan,1
yahoo,kara,1
yahoo,karadar,1
yahoo,kareem,1
yahoo,karikalan,1
yahoo,karmic,1
yahoo,kassel,1
yahoo,kat,1
yahoo,kater,1
yahoo,kath,1
yahoo,katherine,1
yahoo,katie,1
yahoo,katrina,1
yahoo,ke,1
yahoo,keane,1
yahoo,keats,1
yahoo,keepers,1
yahoo,keepmedia,1
yahoo,keira,1
yahoo,keisha,1
yahoo,kekku,1
yahoo,kelp,1
yahoo,kelvin,1
yahoo,kennel,1
yahoo,kennington,1
yahoo,kenny,1
yahoo,kenobi,1
yahoo,kenshin,1
yahoo,kenth,1
yahoo,kentucky,1
yahoo,kenya,1
yahoo,keppie,1
yahoo,keratin,1
yahoo,kernal,1
yahoo,kernel32,1
yahoo,kerplunk,1
yahoo,keshai,1
yahoo,ketchup,1
yahoo,kett,1
yahoo,kettles,1
yahoo,kew,1
yahoo,kf,1
yahoo,kgb,1
yahoo,kharma,1
yahoo,khudos,1
yahoo,kiare,1
yahoo,kickback,1
yahoo,kickbutt,1
yahoo,kickoff,1
yahoo,kiddie,1
yahoo,kiddish,1
yahoo,kiddney,1
yahoo,kidman,1
yahoo,kidnapped,1
yahoo,kidspace,1
yahoo,kiebler,1
yahoo,kiera,1
yahoo,kiki,1
yahoo,kil,1
yahoo,kiley,1
yahoo,kilimanjaro,1
yahoo,killdisk,1
yahoo,kilo,1
yahoo,kilometer,1
yahoo,kimmy,1
yahoo,kinder,1
yahoo,kingdoms,1
yahoo,kingudamu,1
yahoo,kinkos,1
yahoo,kinky,1
yahoo,kipling,1
yahoo,kirilenko,1
yahoo,kissinger,1
yahoo,kita,1
yahoo,kits,1
yahoo,kitttylisa,1
yahoo,kiwi,1
yahoo,kix,1
yahoo,kjv,1
yahoo,klansmen,1
yahoo,klein,1
yahoo,kleptomania,1
yahoo,kmint21,1
yahoo,knerr,1
yahoo,knicks,1
yahoo,knight,1
yahoo,knightley,1
yahoo,knives,1
yahoo,knotheads,1
yahoo,knuckleball,1
yahoo,kohlberg,1
yahoo,kolega,1
yahoo,komark,1
yahoo,kontinuous,1
yahoo,koran,1
yahoo,korn,1
yahoo,kosciuszko,1
yahoo,kp,1
yahoo,kr,1
yahoo,krabs,1
yahoo,krakatoa,1
yahoo,kramer,1
yahoo,kringle,1
yahoo,kristen,1
yahoo,kristina,1
yahoo,kron,1
yahoo,krss,1
yahoo,kruger,1
yahoo,krusty,1
yahoo,ksp,1
yahoo,kth,1
yahoo,kthxbye,1
yahoo,ktulu,1
yahoo,kuala,1
yahoo,kumble,1
yahoo,kumc,1
yahoo,kunche,1
yahoo,kung,1
yahoo,kuniv,1
yahoo,kunte,1
yahoo,kurdistan,1
yahoo,kurumi,1
yahoo,kuvat,1
yahoo,kv,1
yahoo,kwame,1
yahoo,kwia,1
yahoo,kyle,1
yahoo,l0l,1
yahoo,l10n,1
yahoo,l2,1
yahoo,labelbox,1
yahoo,labs,1
yahoo,laconism,1
yahoo,lactate,1
yahoo,lactobacillus,1
yahoo,lactose,1
yahoo,ladayka,1
yahoo,lading,1
yahoo,ladyblue,1
yahoo,laes,1
yahoo,lagav,1
yahoo,laguardia,1
yahoo,lakes,1
yahoo,lakh,1
yahoo,lamanitis,1
yahoo,lamar,1
yahoo,lamarcus,1
yahoo,lamenting,1
yahoo,lamest,1
yahoo,laminated,1
yahoo,lamisil,1
yahoo,lamond,1
yahoo,lamont,1
yahoo,lampard,1
yahoo,lamps,1
yahoo,lana,1
yahoo,lancard,1
yahoo,lancaster,1
yahoo,lance,1
yahoo,lancers,1
yahoo,landed,1
yahoo,landfill,1
yahoo,landlords,1
yahoo,landmark,1
yahoo,lanebryant,1
yahoo,lanka,1
yahoo,lanky,1
yahoo,lapriscopic,1
yahoo,laptos,1
yahoo,lard,1
yahoo,laron,1
yahoo,larva,1
yahoo,larvae,1
yahoo,las,1
yahoo,lashley,1
yahoo,lashly,1
yahoo,laspeyresindex,1
yahoo,lasrgest,1
yahoo,lat,1
yahoo,latch,1
yahoo,lathe,1
yahoo,latina,1
yahoo,latinamerica,1
yahoo,latissimus,1
yahoo,lats,1
yahoo,lattuce,1
yahoo,laudunum,1
yahoo,lauer,1
yahoo,laughes,1
yahoo,laughng,1
yahoo,launchcaster,1
yahoo,launches,1
yahoo,laura,1
yahoo,lava,1
yahoo,lavey,1
yahoo,lavigne,1
yahoo,lawful,1
yahoo,lawfully,1
yahoo,lawless,1
yahoo,lawlib,1
yahoo,lawnmower,1
yahoo,lawns,1
yahoo,lax,1
yahoo,laxatives,1
yahoo,lblinput,1
yahoo,lds,1
yahoo,leakage,1
yahoo,leaked,1
yahoo,leaner,1
yahoo,leanring,1
yahoo,learner,1
yahoo,learntech,1
yahoo,leary,1
yahoo,leasehold,1
yahoo,leases,1
yahoo,leasing,1
yahoo,leavitt,1
yahoo,lections,1
yahoo,lecturer,1
yahoo,leeches,1
yahoo,leeds,1
yahoo,leeen,1
yahoo,leez,1
yahoo,leftist,1
yahoo,legacy,1
yahoo,legaia,1
yahoo,legality,1
yahoo,legalize,1
yahoo,legalizing,1
yahoo,legel,1
yahoo,legendary,1
yahoo,legends,1
yahoo,legeslation,1
yahoo,legislator,1
yahoo,legislators,1
yahoo,legislatures,1
yahoo,legisweb,1
yahoo,legitmate,1
yahoo,legwork,1
yahoo,leinart,1
yahoo,lemme,1
yahoo,lemon,1
yahoo,lemp,1
yahoo,lemsip,1
yahoo,len,1
yahoo,lengai,1
yahoo,lenient,1
yahoo,lenny,1
yahoo,lenstra,1
yahoo,lepew,1
yahoo,lereah,1
yahoo,lesbos,1
yahoo,lessonplanspage,1
yahoo,lest,1
yahoo,lettters,1
yahoo,lettuce,1
yahoo,leve,1
yahoo,levee,1
yahoo,leverage,1
yahoo,leverkusen,1
yahoo,levies,1
yahoo,levine,1
yahoo,levitra,1
yahoo,lewd,1
yahoo,lexington,1
yahoo,lgbt,1
yahoo,liars,1
yahoo,liberated,1
yahoo,liberation,1
yahoo,libido,1
yahoo,libre,1
yahoo,libs,1
yahoo,libya,1
yahoo,lic,1
yahoo,licenced,1
yahoo,licensing,1
yahoo,licked,1
yahoo,lidocaine,1
yahoo,lids,1
yahoo,lifealert,1
yahoo,lifeguard,1
yahoo,lifer,1
yahoo,lifestyles,1
yahoo,ligament,1
yahoo,lighthouse,1
yahoo,lightly,1
yahoo,lightyears,1
yahoo,liiks,1
yahoo,lik,1
yahoo,likelihood,1
yahoo,likly,1
yahoo,likz,1
yahoo,lilaclane,1
yahoo,lillian,1
yahoo,lilly,1
yahoo,lillys,1
yahoo,lilo,1
yahoo,lily,1
yahoo,limitation,1
yahoo,limite,1
yahoo,limiting,1
yahoo,lindberg,1
yahoo,line6,1
yahoo,lineage,1
yahoo,linebacker,1
yahoo,lineup,1
yahoo,lineups,1
yahoo,ling,1
yahoo,lingering,1
yahoo,linguistics,1
yahoo,liniment,1
yahoo,linkages,1
yahoo,linke,1
yahoo,linkshare,1
yahoo,linksky,1
yahoo,linkswarm,1
yahoo,linnaeus,1
yahoo,lint,1
yahoo,linus,1
yahoo,lionel,1
yahoo,lipase,1
yahoo,lipid,1
yahoo,lipoprotein,1
yahoo,lippi,1
yahoo,lipstick,1
yahoo,liquidation,1
yahoo,liquids,1
yahoo,liquor,1
yahoo,liras,1
yahoo,lirasi,1
yahoo,liriano,1
yahoo,listened,1
yahoo,listeners,1
yahoo,listenin,1
yahoo,listens,1
yahoo,listerine,1
yahoo,literal,1
yahoo,litre,1
yahoo,litres,1
yahoo,littlee,1
yahoo,liveprayer,1
yahoo,livingpositive,1
yahoo,lizard,1
yahoo,lj,1
yahoo,llanes,1
yahoo,llfutil,1
yahoo,llong,1
yahoo,lmafao,1
yahoo,lmode,1
yahoo,lmota,1
yahoo,lnvestigator,1
yahoo,loation,1
yahoo,lobby,1
yahoo,lobes,1
yahoo,localhost,1
yahoo,locality,1
yahoo,locall,1
yahoo,locals,1
yahoo,locanda,1
yahoo,locating,1
yahoo,locker,1
yahoo,loco,1
yahoo,lodge,1
yahoo,lodged,1
yahoo,lofa,1
yahoo,lofty,1
yahoo,logged,1
yahoo,logger,1
yahoo,logistic,1
yahoo,logistics,1
yahoo,logorrhoea,1
yahoo,logos,1
yahoo,loh,1
yahoo,lois,1
yahoo,lole,1
yahoo,lombard,1
yahoo,lone,1
yahoo,loner,1
yahoo,longbow,1
yahoo,longes,1
yahoo,longevity,1
yahoo,longing,1
yahoo,longitude,1
yahoo,longoria,1
yahoo,lookforward,1
yahoo,lookin,1
yahoo,lookink,1
yahoo,looooong,1
yahoo,loosen,1
yahoo,lordy,1
yahoo,lore,1
yahoo,loreli,1
yahoo,losangeles,1
yahoo,losersalliance,1
yahoo,lothe,1
yahoo,lotions,1
yahoo,lotsa,1
yahoo,lotta,1
yahoo,lotttt,1
yahoo,louder,1
yahoo,lounge,1
yahoo,lousy,1
yahoo,lovefilm,1
yahoo,lovelock,1
yahoo,loverrr,1
yahoo,lowbucktools,1
yahoo,lowers,1
yahoo,lowry,1
yahoo,loyola,1
yahoo,lpjobs,1
yahoo,lrrp,1
yahoo,ls,1
yahoo,lt,1
yahoo,lttle,1
yahoo,luau,1
yahoo,lubed,1
yahoo,lubos,1
yahoo,luc,1
yahoo,lucia,1
yahoo,luckily,1
yahoo,lucy,1
yahoo,ludicrously,1
yahoo,luhn,1
yahoo,luke,1
yahoo,lula,1
yahoo,lumbar,1
yahoo,lumber,1
yahoo,luminous,1
yahoo,lumpur,1
yahoo,lunar,1
yahoo,lunatic,1
yahoo,lunches,1
yahoo,lundy,1
yahoo,lunges,1
yahoo,luria,1
yahoo,lusted,1
yahoo,luton,1
yahoo,luvin,1
yahoo,lymphocytes,1
yahoo,lynch,1
yahoo,lynda,1
yahoo,lyonnais,1
yahoo,lyricist,1
yahoo,lyricsbox,1
yahoo,lyricsfly,1
yahoo,lyse,1
yahoo,lysine,1
yahoo,m0mjg,1
yahoo,m14,1
yahoo,m3638,1
yahoo,m60,1
yahoo,maasai,1
yahoo,mabe,1
yahoo,macedonian,1
yahoo,machinemart,1
yahoo,macho,1
yahoo,macnicol,1
yahoo,macquil,1
yahoo,macromolucle,1
yahoo,maddux,1
yahoo,madly,1
yahoo,madman,1
yahoo,mag,1
yahoo,magdaline,1
yahoo,magee,1
yahoo,magnesium,1
yahoo,magniferying,1
yahoo,magnificat,1
yahoo,magnifies,1
yahoo,magnitudes,1
yahoo,magparticle,1
yahoo,mags,1
yahoo,maguire,1
yahoo,mah,1
yahoo,mahalin,1
yahoo,mahatten,1
yahoo,maids,1
yahoo,mailed,1
yahoo,main5,1
yahoo,mainboard,1
yahoo,mainclass,1
yahoo,mainland,1
yahoo,mainstays,1
yahoo,maintained,1
yahoo,maintains,1
yahoo,mainworry,1
yahoo,maito,1
yahoo,majorette,1
yahoo,majorgeeks,1
yahoo,majorly,1
yahoo,makers,1
yahoo,mal,1
yahoo,malakim,1
yahoo,malcolm,1
yahoo,malcom,1
yahoo,maleable,1
yahoo,malfunction,1
yahoo,malignant,1
yahoo,malik,1
yahoo,malleable,1
yahoo,malley,1
yahoo,malls,1
yahoo,maloni,1
yahoo,malpractice,1
yahoo,maltose,1
yahoo,malware,1
yahoo,malwareremove,1
yahoo,mana,1
yahoo,managers,1
yahoo,managing,1
yahoo,mandatory,1
yahoo,mandela,1
yahoo,maneuvering,1
yahoo,manf,1
yahoo,mang,1
yahoo,mangnitude,1
yahoo,mangroup,1
yahoo,manhatten,1
yahoo,manhunt,1
yahoo,maniac,1
yahoo,maniacs,1
yahoo,maniere,1
yahoo,manifestation,1
yahoo,manipulent,1
yahoo,mankind,1
yahoo,manlaw,1
yahoo,manly,1
yahoo,mannequin,1
yahoo,mano,1
yahoo,manquait,1
yahoo,mantissa,1
yahoo,manu,1
yahoo,manuel,1
yahoo,manufcaturer,1
yahoo,manupulations,1
yahoo,maori,1
yahoo,mapper,1
yahoo,mappoint,1
yahoo,maradona,1
yahoo,marajuana,1
yahoo,maraming,1
yahoo,marca,1
yahoo,marchetto,1
yahoo,marciano,1
yahoo,marcos,1
yahoo,margret,1
yahoo,maricel,1
yahoo,marie,1
yahoo,marilyn,1
yahoo,marine,1
yahoo,marino,1
yahoo,marinol,1
yahoo,mario,1
yahoo,markedly,1
yahoo,marker,1
yahoo,marketeer,1
yahoo,marketplace,1
yahoo,markup,1
yahoo,marlow,1
yahoo,maroney,1
yahoo,maroon,1
yahoo,marquez,1
yahoo,marrage,1
yahoo,marrow,1
yahoo,marshall,1
yahoo,marthastewart,1
yahoo,martinez,1
yahoo,martins,1
yahoo,marty,1
yahoo,marvelous,1
yahoo,marymount,1
yahoo,marzhauser,1
yahoo,masage,1
yahoo,masculine,1
yahoo,mashallah,1
yahoo,masion,1
yahoo,mask,1
yahoo,massachussetts,1
yahoo,massaging,1
yahoo,massenger,1
yahoo,masterbation,1
yahoo,mastermind,1
yahoo,masti4india,1
yahoo,mastrubation,1
yahoo,masturbated,1
yahoo,mat,1
yahoo,matabolism,1
yahoo,matador,1
yahoo,matagorda,1
yahoo,matata,1
yahoo,matched,1
yahoo,matching,1
yahoo,matchs,1
yahoo,matchup,1
yahoo,materialism,1
yahoo,matha,1
yahoo,mathleague,1
yahoo,mathmatically,1
yahoo,mathmatics,1
yahoo,mathworld,1
yahoo,matin,1
yahoo,matrices,1
yahoo,matrimonial,1
yahoo,mattcutts,1
yahoo,mattfurey,1
yahoo,matthias,1
yahoo,mattins,1
yahoo,maturbate,1
yahoo,mauretania,1
yahoo,maxalbums,1
yahoo,maxatvs,1
yahoo,maxi,1
yahoo,maximized,1
yahoo,maximo,1
yahoo,maximus,1
yahoo,mayo,1
yahoo,mayor,1
yahoo,mayu,1
yahoo,mcallister,1
yahoo,mcarthur,1
yahoo,mcavoy,1
yahoo,mccann,1
yahoo,mcclain,1
yahoo,mcclaine,1
yahoo,mcclellan,1
yahoo,mccon,1
yahoo,mcconnaughey,1
yahoo,mcgee,1
yahoo,mcgill,1
yahoo,mci,1
yahoo,mckaychurchgoods,1
yahoo,mclabour,1
yahoo,mclean,1
yahoo,mcmahon,1
yahoo,mcnair,1
yahoo,mdas,1
yahoo,meadows,1
yahoo,mealtime,1
yahoo,meanand,1
yahoo,meaningfull,1
yahoo,meanwhile,1
yahoo,meany,1
yahoo,measles,1
yahoo,meatloaf,1
yahoo,meats,1
yahoo,mebe,1
yahoo,mech,1
yahoo,mecha,1
yahoo,mechanics,1
yahoo,medallioncollection,1
yahoo,medent,1
yahoo,medi,1
yahoo,medias,1
yahoo,mediators,1
yahoo,medicad,1
yahoo,medically,1
yahoo,medicinal,1
yahoo,medministries,1
yahoo,medvarsity,1
yahoo,meek,1
yahoo,meese,1
yahoo,megalodon,1
yahoo,megamix,1
yahoo,mehmet,1
yahoo,mei,1
yahoo,melandri,1
yahoo,melange,1
yahoo,melanie,1
yahoo,melbourne,1
yahoo,melick,1
yahoo,melin,1
yahoo,melina,1
yahoo,melinda,1
yahoo,mellencamp,1
yahoo,mellon,1
yahoo,melts,1
yahoo,mem,1
yahoo,memberdirectory,1
yahoo,memeory,1
yahoo,memoir,1
yahoo,memoory,1
yahoo,memorabilia,1
yahoo,memorable,1
yahoo,memorablia,1
yahoo,memphis,1
yahoo,menace,1
yahoo,mendelian,1
yahoo,meningitis,1
yahoo,menstral,1
yahoo,menstruating,1
yahoo,mentality,1
yahoo,mentaly,1
yahoo,menthol,1
yahoo,mentored,1
yahoo,menuhead,1
yahoo,mer,1
yahoo,mercenary,1
yahoo,merchandising,1
yahoo,merge,1
yahoo,merged,1
yahoo,merger,1
yahoo,merijn,1
yahoo,meringue,1
yahoo,merlin,1
yahoo,merlot,1
yahoo,mervyn,1
yahoo,meseneger,1
yahoo,meshelle,1
yahoo,meshes,1
yahoo,mesosaurus,1
yahoo,messager,1
yahoo,messanger,1
yahoo,messes,1
yahoo,messi,1
yahoo,messiah,1
yahoo,messier,1
yahoo,metallica,1
yahoo,metaphorically,1
yahoo,methane,1
yahoo,methanol,1
yahoo,methodist,1
yahoo,methodologies,1
yahoo,methord,1
yahoo,metlife,1
yahoo,meto,1
yahoo,metre,1
yahoo,metrics,1
yahoo,metro,1
yahoo,metropolitan,1
yahoo,metros,1
yahoo,meusel,1
yahoo,mexicali,1
yahoo,mfeium,1
yahoo,mg328,1
yahoo,mgcl2,1
yahoo,mgs,1
yahoo,mia,1
yahoo,michaels,1
yahoo,michel,1
yahoo,michinoku,1
yahoo,mick,1
yahoo,micr,1
yahoo,microbiologyindia,1
yahoo,microchip,1
yahoo,microorganisms,1
yahoo,microphone,1
yahoo,microscope,1
yahoo,microscopy,1
yahoo,microtubule,1
yahoo,mics,1
yahoo,midbrain,1
yahoo,midcap,1
yahoo,middlesborogh,1
yahoo,middlesex,1
yahoo,midsized,1
yahoo,midtown,1
yahoo,midwest,1
yahoo,migration,1
yahoo,miguita,1
yahoo,mik,1
yahoo,miketaylor,1
yahoo,mikhail,1
yahoo,milage,1
yahoo,milenkovic,1
yahoo,miley,1
yahoo,militaristic,1
yahoo,milla,1
yahoo,milligram,1
yahoo,milligrams,1
yahoo,millikan,1
yahoo,millionaire,1
yahoo,millionth,1
yahoo,mills,1
yahoo,milwaukee,1
yahoo,mindful,1
yahoo,minding,1
yahoo,mindless,1
yahoo,mindset,1
yahoo,minefield,1
yahoo,mineta,1
yahoo,ming,1
yahoo,minimize,1
yahoo,ministry,1
yahoo,minstrel,1
yahoo,mire,1
yahoo,mirroring,1
yahoo,mirrors,1
yahoo,misbehave,1
yahoo,mischa,1
yahoo,misconception,1
yahoo,misdemeanor,1
yahoo,miserable,1
yahoo,misfire,1
yahoo,misinformation,1
yahoo,misinformed,1
yahoo,mismatch,1
yahoo,missle,1
yahoo,misspelled,1
yahoo,missy,1
yahoo,mistral,1
yahoo,mistrust,1
yahoo,mists,1
yahoo,misunderstand,1
yahoo,mitchell,1
yahoo,mithra,1
yahoo,mitochrondria,1
yahoo,mitotic,1
yahoo,miu,1
yahoo,mixes,1
yahoo,mj,1
yahoo,mjkiink,1
yahoo,mjmdesignershoes,1
yahoo,mjr,1
yahoo,mksa,1
yahoo,mlwtkk,1
yahoo,mmake,1
yahoo,mmjones,1
yahoo,mmmmm,1
yahoo,mnm,1
yahoo,moaned,1
yahoo,moaning,1
yahoo,moattar,1
yahoo,moble,1
yahoo,moby,1
yahoo,mockdraft,1
yahoo,mockery,1
yahoo,moderate,1
yahoo,modes,1
yahoo,modestly,1
yahoo,modified,1
yahoo,module,1
yahoo,mofo,1
yahoo,moi,1
yahoo,moksha,1
yahoo,molality,1
yahoo,moldy,1
yahoo,molestation,1
yahoo,molester,1
yahoo,molests,1
yahoo,mollusk,1
yahoo,mollusks,1
yahoo,molly,1
yahoo,mols,1
yahoo,momma,1
yahoo,mona,1
yahoo,monarch,1
yahoo,monde,1
yahoo,mondegreens,1
yahoo,moneeek,1
yahoo,moneyfactory,1
yahoo,moneyon,1
yahoo,mongers,1
yahoo,monistat,1
yahoo,monks,1
yahoo,monmouth,1
yahoo,monon,1
yahoo,mononucleosis,1
yahoo,monosyllabic,1
yahoo,monsoon,1
yahoo,monsterjobs,1
yahoo,monsters,1
yahoo,montenegro,1
yahoo,montessori,1
yahoo,montevideo,1
yahoo,montgomery,1
yahoo,moods,1
yahoo,mooning,1
yahoo,moonlight,1
yahoo,moonshine,1
yahoo,moor,1
yahoo,moose,1
yahoo,morales,1
yahoo,morbid,1
yahoo,moreau,1
yahoo,morgage,1
yahoo,moring,1
yahoo,morn,1
yahoo,morocco,1
yahoo,morons,1
yahoo,morphine,1
yahoo,mortgagecalculator,1
yahoo,morton,1
yahoo,mortorcycle,1
yahoo,morue,1
yahoo,mosaic,1
yahoo,moslems,1
yahoo,moslty,1
yahoo,mosque,1
yahoo,moss,1
yahoo,mosty,1
yahoo,motirn,1
yahoo,motive,1
yahoo,motivesb,1
yahoo,motorcycle,1
yahoo,motorola,1
yahoo,mountains,1
yahoo,mourinho,1
yahoo,mousse,1
yahoo,mouthing,1
yahoo,mouths,1
yahoo,movabletype,1
yahoo,mover,1
yahoo,moviemakers,1
yahoo,mow,1
yahoo,mowing,1
yahoo,mp,1
yahoo,mp3composer,1
yahoo,mp3rocket,1
yahoo,mpeg4,1
yahoo,mpg,1
yahoo,mps,1
yahoo,mrd,1
yahoo,mri,1
yahoo,mrkzey,1
yahoo,mroe,1
yahoo,msdsgasoline,1
yahoo,mske,1
yahoo,msu,1
yahoo,msvcp71,1
yahoo,mtg,1
yahoo,mthe,1
yahoo,mucho,1
yahoo,mucous,1
yahoo,muddy,1
yahoo,mudslides,1
yahoo,muertos,1
yahoo,muffin,1
yahoo,muhahahahahahaha,1
yahoo,muhajadin,1
yahoo,mule,1
yahoo,mules,1
yahoo,mulhouse,1
yahoo,muli,1
yahoo,multilply,1
yahoo,multiplier,1
yahoo,mumbles,1
yahoo,mumbling,1
yahoo,munchies,1
yahoo,municipal,1
yahoo,muntari,1
yahoo,muppet,1
yahoo,murderer,1
yahoo,murgel,1
yahoo,murphy,1
yahoo,mus,1
yahoo,mush,1
yahoo,musicdownload,1
yahoo,musk,1
yahoo,muskie,1
yahoo,muskogee,1
yahoo,muslimsoldier4life,1
yahoo,musta,1
yahoo,mustang,1
yahoo,mutants,1
yahoo,mute,1
yahoo,mutiply,1
yahoo,mvc,1
yahoo,mvps,1
yahoo,mxn,1
yahoo,mycobacteria,1
yahoo,mycobacterium,1
yahoo,myfico,1
yahoo,mygen,1
yahoo,mylanguageexchange,1
yahoo,myositis,1
yahoo,mypyramid,1
yahoo,myra,1
yahoo,myrtaceous,1
yahoo,mysql,1
yahoo,mysteries,1
yahoo,mythological,1
yahoo,mythology,1
yahoo,mythos,1
yahoo,myths,1
yahoo,n0x017138c4,1
yahoo,n1000,1
yahoo,n10he,1
yahoo,n128,1
yahoo,n13th,1
yahoo,n14400,1
yahoo,n1530,1
yahoo,n15x,1
yahoo,n160,1
yahoo,n16x,1
yahoo,n180,1
yahoo,n1812,1
yahoo,n1919,1
yahoo,n1938,1
yahoo,n1946,1
yahoo,n1950,1
yahoo,n1954,1
yahoo,n1958,1
yahoo,n1962,1
yahoo,n1970,1
yahoo,n1977,1
yahoo,n1981,1
yahoo,n1984,1
yahoo,n1986,1
yahoo,n1990,1
yahoo,n1994,1
yahoo,n1a,1
yahoo,n1b,1
yahoo,n2000,1
yahoo,n2002,1
yahoo,n2004,1
yahoo,n2012,1
yahoo,n209,1
yahoo,n26,1
yahoo,n281,1
yahoo,n285,1
yahoo,n2gb,1
yahoo,n2nd,1
yahoo,n2pts,1
yahoo,n2t,1
yahoo,n327,1
yahoo,n330,1
yahoo,n3545,1
yahoo,n36,1
yahoo,n360,1
yahoo,n37,1
yahoo,n3733,1
yahoo,n38,1
yahoo,n39,1
yahoo,n3a,1
yahoo,n3b,1
yahoo,n3rd,1
yahoo,n3solve,1
yahoo,n400000,1
yahoo,n43,1
yahoo,n434,1
yahoo,n45,1
yahoo,n48,1
yahoo,n4y,1
yahoo,n5000m,1
yahoo,n50m,1
yahoo,n50x,1
yahoo,n58,1
yahoo,n621,1
yahoo,n6290,1
yahoo,n64bit,1
yahoo,n6x,1
yahoo,n71102,1
yahoo,n71103,1
yahoo,n71104,1
yahoo,n71105,1
yahoo,n71106,1
yahoo,n71107,1
yahoo,n71108,1
yahoo,n71109,1
yahoo,n71110,1
yahoo,n71115,1
yahoo,n71118,1
yahoo,n71119,1
yahoo,n71120,1
yahoo,n71129,1
yahoo,n71130,1
yahoo,n71133,1
yahoo,n71134,1
yahoo,n71135,1
yahoo,n71136,1
yahoo,n71137,1
yahoo,n71138,1
yahoo,n71148,1
yahoo,n71149,1
yahoo,n71150,1
yahoo,n71151,1
yahoo,n71152,1
yahoo,n71153,1
yahoo,n71154,1
yahoo,n71156,1
yahoo,n71161,1
yahoo,n71162,1
yahoo,n71163,1
yahoo,n71164,1
yahoo,n71165,1
yahoo,n71166,1
yahoo,n825,1
yahoo,n83kg,1
yahoo,n85,1
yahoo,n86,1
yahoo,n866,1
yahoo,n93,1
yahoo,n979,1
yahoo,na2,1
yahoo,na2co3,1
yahoo,na3,1
yahoo,naaah,1
yahoo,naashaad,1
yahoo,naashwin,1
yahoo,nabhijeet,1
yahoo,nabhishek,1
yahoo,nabsalutely,1
yahoo,nabsorbant,1
yahoo,nac,1
yahoo,nacba,1
yahoo,nacceleration,1
yahoo,nacid,1
yahoo,nacquiesce,1
yahoo,nactivity,1
yahoo,nactors,1
yahoo,nactual,1
yahoo,nacy,1
yahoo,nad,1
yahoo,nadam,1
yahoo,naddai,1
yahoo,nadditional,1
yahoo,nadditionally,1
yahoo,naddress,1
yahoo,nadir,1
yahoo,nadjectivals,1
yahoo,nadoring,1
yahoo,nadults,1
yahoo,naffectionate,1
yahoo,nafta,1
yahoo,nages,1
yahoo,naiight,1
yahoo,naismith,1
yahoo,naive,1
yahoo,nalas,1
yahoo,nalexavier,1
yahoo,nalice,1
yahoo,nalijah,1
yahoo,nallowed,1
yahoo,nallura,1
yahoo,nalpha,1
yahoo,nalternative,1
yahoo,nalternatively,1
yahoo,nama1,1
yahoo,nambla,1
yahoo,namd,1
yahoo,nametag,1
yahoo,namiguita,1
yahoo,namong,1
yahoo,nanatomical,1
yahoo,nancy,1
yahoo,nandy,1
yahoo,nane,1
yahoo,nang,1
yahoo,nangelides,1
yahoo,nanies,1
yahoo,nanil,1
yahoo,nankles,1
yahoo,nannafigarolilly,1
yahoo,nano3,1
yahoo,nanofactories,1
yahoo,nanograms,1
yahoo,nanthrax,1
yahoo,nanyhow,1
yahoo,nanyone,1
yahoo,naoh,1
yahoo,napalm,1
yahoo,napoleonic,1
yahoo,napply,1
yahoo,napril,1
yahoo,naps,1
yahoo,napster,1
yahoo,naqui,1
yahoo,narab,1
yahoo,naretha,1
yahoo,nargis,1
yahoo,narjouka,1
yahoo,narnia,1
yahoo,narrowest,1
yahoo,narrowing,1
yahoo,narthur,1
yahoo,nashton,1
yahoo,naslo,1
yahoo,nassociates,1
yahoo,nassume,1
yahoo,nastoria,1
yahoo,nasuming,1
yahoo,natalie,1
yahoo,natasha,1
yahoo,nate,1
yahoo,nathu,1
yahoo,natikman,1
yahoo,nationaal,1
yahoo,nationalistic,1
yahoo,nationalities,1
yahoo,nationally,1
yahoo,nationals,1
yahoo,nationalsozialistische,1
yahoo,nationwide,1
yahoo,natively,1
yahoo,natlantis,1
yahoo,nattend,1
yahoo,nattie,1
yahoo,nattorney,1
yahoo,nauseated,1
yahoo,nautical,1
yahoo,navajo,1
yahoo,navarone,1
yahoo,navclient,1
yahoo,navigating,1
yahoo,navigation,1
yahoo,nawww,1
yahoo,nayub,1
yahoo,nbachelor,1
yahoo,nback,1
yahoo,nbad,1
yahoo,nbags,1
yahoo,nband,1
yahoo,nbandwidth,1
yahoo,nbarca,1
yahoo,nbarfly,1
yahoo,nbartok,1
yahoo,nbaseball,1
yahoo,nbased,1
yahoo,nbathyscaph,1
yahoo,nbatman,1
yahoo,nbayside,1
yahoo,nbench,1
yahoo,nbenefits,1
yahoo,nbermuda,1
yahoo,nbeta,1
yahoo,nbeware,1
yahoo,nbhadra,1
yahoo,nbill,1
yahoo,nbirthdate,1
yahoo,nbisexual,1
yahoo,nbittersweet,1
yahoo,nbituing,1
yahoo,nbjanka,1
yahoo,nbl,1
yahoo,nblackmail,1
yahoo,nblake,1
yahoo,nblessed,1
yahoo,nblizzards,1
yahoo,nblood,1
yahoo,nbngladesh,1
yahoo,nbody,1
yahoo,nbon,1
yahoo,nbonanza,1
yahoo,nboot,1
yahoo,nboris,1
yahoo,nborrowed,1
yahoo,nboston,1
yahoo,nbought,1
yahoo,nboycotts,1
yahoo,nboyfriend,1
yahoo,nbp,1
yahoo,nbrand,1
yahoo,nbrandy,1
yahoo,nbreezy,1
yahoo,nbridge,1
yahoo,nbriggs,1
yahoo,nbroken,1
yahoo,nbrown,1
yahoo,nbruce,1
yahoo,nbuh,1
yahoo,nbumpy,1
yahoo,nbuying,1
yahoo,nbye,1
yahoo,nc3h8,1
yahoo,nc6h12o6,1
yahoo,ncac2,1
yahoo,ncaffeine,1
yahoo,ncaffine,1
yahoo,ncalculate,1
yahoo,ncalculated,1
yahoo,ncali,1
yahoo,ncalifornia,1
yahoo,ncalled,1
yahoo,ncamden,1
yahoo,ncampjk,1
yahoo,ncanadian,1
yahoo,ncandles,1
yahoo,ncant,1
yahoo,ncarbon,1
yahoo,ncarbs,1
yahoo,ncareer,1
yahoo,ncarefree,1
yahoo,ncareful,1
yahoo,ncarling,1
yahoo,ncarts,1
yahoo,ncast,1
yahoo,ncatastrophe,1
yahoo,ncausing,1
yahoo,ncbi,1
yahoo,nceltics,1
yahoo,ncertain,1
yahoo,ncf,1
yahoo,nchaitra,1
yahoo,ncharles,1
yahoo,nchasing,1
yahoo,nchauncey,1
yahoo,ncheckout,1
yahoo,nchevron,1
yahoo,nchilly,1
yahoo,nchoose,1
yahoo,nchubby,1
yahoo,nchuko,1
yahoo,ncircuit,1
yahoo,ncity,1
yahoo,nclickbank,1
yahoo,nclose,1
yahoo,ncloser,1
yahoo,ncoffe,1
yahoo,ncoherent,1
yahoo,ncold,1
yahoo,ncollecting,1
yahoo,ncollide,1
yahoo,ncombine,1
yahoo,ncombining,1
yahoo,ncoming,1
yahoo,ncommission,1
yahoo,ncommonsense,1
yahoo,ncommunicable,1
yahoo,ncomplain,1
yahoo,ncompletion,1
yahoo,ncomposition,1
yahoo,ncon,1
yahoo,nconclusion,1
yahoo,nconfidence,1
yahoo,ncongratulate,1
yahoo,nconnection,1
yahoo,nconnstr,1
yahoo,nconsider,1
yahoo,nconsidering,1
yahoo,nconsistent,1
yahoo,nconsole,1
yahoo,nconstantine,1
yahoo,nconstitution,1
yahoo,ncontents,1
yahoo,ncontract,1
yahoo,ncooltoad,1
yahoo,ncopy,1
yahoo,ncopyright,1
yahoo,ncordially,1
yahoo,ncory,1
yahoo,ncountry,1
yahoo,ncovariance,1
yahoo,ncowards,1
yahoo,ncowboy,1
yahoo,ncpu,1
yahoo,ncranberry,1
yahoo,ncrazy,1
yahoo,ncreating,1
yahoo,ncreepy,1
yahoo,ncri,1
yahoo,ncross,1
yahoo,ncruiserweight,1
yahoo,ncsaprod,1
yahoo,ncsconline,1
yahoo,ncte,1
yahoo,ncuddly,1
yahoo,ncumpla,1
yahoo,ncups,1
yahoo,ncurly,1
yahoo,ncurved,1
yahoo,ncushing,1
yahoo,ncuts,1
yahoo,ndallas,1
yahoo,ndam,1
yahoo,ndamaged,1
yahoo,ndamn,1
yahoo,ndamp,1
yahoo,ndana,1
yahoo,ndapat,1
yahoo,ndata,1
yahoo,ndate,1
yahoo,ndaud,1
yahoo,nday,1
yahoo,ndays,1
yahoo,nddl2,1
yahoo,ndeborah,1
yahoo,ndeep,1
yahoo,ndefinitions,1
yahoo,ndehydration,1
yahoo,ndemocratic,1
yahoo,ndennis,1
yahoo,ndeontological,1
yahoo,ndepending,1
yahoo,ndepends,1
yahoo,nderby,1
yahoo,ndescktop,1
yahoo,ndescription,1
yahoo,ndicen,1
yahoo,ndidnt,1
yahoo,ndieu,1
yahoo,ndifferent,1
yahoo,ndio,1
yahoo,ndip,1
yahoo,ndirectdl,1
yahoo,ndirectly,1
yahoo,ndirk,1
yahoo,ndisable,1
yahoo,ndiscount,1
yahoo,ndiscussions,1
yahoo,ndisinfectant,1
yahoo,ndividing,1
yahoo,ndob,1
yahoo,ndoctor,1
yahoo,ndoctorate,1
yahoo,ndoctors,1
yahoo,ndoesn,1
yahoo,ndoing,1
yahoo,ndose,1
yahoo,ndoston,1
yahoo,ndraven,1
yahoo,ndream,1
yahoo,ndreamy,1
yahoo,ndrivers,1
yahoo,ndronabinol,1
yahoo,ndrought,1
yahoo,ndt,1
yahoo,ndue,1
yahoo,ndump,1
yahoo,nduring,1
yahoo,ndusty,1
yahoo,ndvp,1
yahoo,ndylan,1
yahoo,neagle,1
yahoo,neals,1
yahoo,nearer,1
yahoo,nearnings,1
yahoo,nearnlay,1
yahoo,nearthquake,1
yahoo,neasier,1
yahoo,nebay,1
yahoo,nebulae,1
yahoo,nebulizer,1
yahoo,neccasary,1
yahoo,neccessarily,1
yahoo,necessaries,1
yahoo,necessitated,1
yahoo,necessities,1
yahoo,necks,1
yahoo,nectar,1
yahoo,nederlanden,1
yahoo,nedgar,1
yahoo,neduardo,1
yahoo,neducation,1
yahoo,nedved,1
yahoo,needd,1
yahoo,needle,1
yahoo,needy,1
yahoo,negated,1
yahoo,negligible,1
yahoo,negotiation,1
yahoo,negotiations,1
yahoo,nehruplaceithub,1
yahoo,neices,1
yahoo,neidhart,1
yahoo,neighbor,1
yahoo,neighbour,1
yahoo,neighbourhood,1
yahoo,neighbourhoodwatch,1
yahoo,nelange,1
yahoo,nelijah,1
yahoo,nella,1
yahoo,nellow,1
yahoo,nemancipation,1
yahoo,nematodes,1
yahoo,nemergency,1
yahoo,nemotional,1
yahoo,nene,1
yahoo,nengland,1
yahoo,nenron,1
yahoo,nenvironmental,1
yahoo,neocons,1
yahoo,neon,1
yahoo,neonatal,1
yahoo,neopets,1
yahoo,nephews,1
yahoo,nepidemic,1
yahoo,neratosthenes,1
yahoo,nervousness,1
yahoo,nescape,1
yahoo,nesmachnyi,1
yahoo,nessay,1
yahoo,nessays,1
yahoo,nestablishing,1
yahoo,nested,1
yahoo,netfit,1
yahoo,nethaniel,1
yahoo,netnanny,1
yahoo,netsales,1
yahoo,networked,1
yahoo,netx,1
yahoo,neuroanatomy,1
yahoo,neurologist,1
yahoo,neurology,1
yahoo,neurotic,1
yahoo,neurotransmitter,1
yahoo,neutralizes,1
yahoo,neutron,1
yahoo,neutrons,1
yahoo,neva,1
yahoo,nevada,1
yahoo,neve,1
yahoo,nevermind,1
yahoo,nevil,1
yahoo,newari,1
yahoo,newbie,1
yahoo,newborn,1
yahoo,newcomers,1
yahoo,newegg,1
yahoo,newell,1
yahoo,newly,1
yahoo,neworleanschurches,1
yahoo,newport,1
yahoo,newsgroup,1
yahoo,nex,1
yahoo,nexcept,1
yahoo,nexclusive,1
yahoo,nexercising,1
yahoo,nexersize,1
yahoo,nexpand,1
yahoo,nexpanding,1
yahoo,nexpect,1
yahoo,nexperience,1
yahoo,nexperimentation,1
yahoo,nexplaining,1
yahoo,nexplains,1
yahoo,nexplosion,1
yahoo,nextdouble,1
yahoo,nextreme,1
yahoo,nfads,1
yahoo,nfailing,1
yahoo,nfairy,1
yahoo,nfaith,1
yahoo,nfalling,1
yahoo,nfamine,1
yahoo,nfaster,1
yahoo,nfat,1
yahoo,nfaut,1
yahoo,nfavorite,1
yahoo,nfax,1
yahoo,nfeeling,1
yahoo,nfeline,1
yahoo,nfeminism,1
yahoo,nfer,1
yahoo,nfervent,1
yahoo,nfi,1
yahoo,nfielding,1
yahoo,nfight,1
yahoo,nfikarrajaii,1
yahoo,nfilthy,1
yahoo,nfinal,1
yahoo,nfinally,1
yahoo,nfinancial,1
yahoo,nfine,1
yahoo,nfines,1
yahoo,nfinest,1
yahoo,nfingers,1
yahoo,nfire,1
yahoo,nfizzygurrl1980,1
yahoo,nflaky,1
yahoo,nfldraftcountdown,1
yahoo,nflexing,1
yahoo,nflight,1
yahoo,nflogging,1
yahoo,nflood,1
yahoo,nfluffy,1
yahoo,nfly,1
yahoo,nfm,1
yahoo,nfollowing,1
yahoo,nforcenormal,1
yahoo,nforeign,1
yahoo,nformosa,1
yahoo,nformula,1
yahoo,nfortunately,1
yahoo,nfound,1
yahoo,nfour,1
yahoo,nfourier,1
yahoo,nfractional,1
yahoo,nfrance,1
yahoo,nfrances,1
yahoo,nfrazier,1
yahoo,nfree,1
yahoo,nfriendid,1
yahoo,nfriends,1
yahoo,nfrontal,1
yahoo,nfudge,1
yahoo,nfull,1
yahoo,nfunny,1
yahoo,nfuronda,1
yahoo,nfurther,1
yahoo,ngallardo,1
yahoo,ngame,1
yahoo,ngarcia,1
yahoo,ngary,1
yahoo,ngay,1
yahoo,ngc,1
yahoo,ngeez,1
yahoo,nger,1
yahoo,ngerunds,1
yahoo,ngibbons,1
yahoo,ngimp,1
yahoo,ngirls,1
yahoo,ngiving,1
yahoo,nglasseater,1
yahoo,nglisheay,1
yahoo,nglobal,1
yahoo,nglobaltel,1
yahoo,nglyco,1
yahoo,ngnosis,1
yahoo,ngoethe,1
yahoo,ngold,1
yahoo,ngolf,1
yahoo,ngone,1
yahoo,ngoogle,1
yahoo,ngooooooooooooooooooooooooooooooooooooooooo,1
yahoo,ngosh,1
yahoo,ngr,1
yahoo,ngrace,1
yahoo,ngranddaughter,1
yahoo,ngravity,1
yahoo,ngray,1
yahoo,ngrounded,1
yahoo,ngud,1
yahoo,nguess,1
yahoo,nguinness,1
yahoo,ngunners,1
yahoo,nguns,1
yahoo,ngust,1
yahoo,ngyan,1
yahoo,ngypsie,1
yahoo,ngz,1
yahoo,nh3,1
yahoo,nhab,1
yahoo,nhahahahahahahahahaha,1
yahoo,nhailstorm,1
yahoo,nhalifax,1
yahoo,nhappiness,1
yahoo,nharbhajan,1
yahoo,nharun,1
yahoo,nhas,1
yahoo,nhasselbeck,1
yahoo,nhaven,1
yahoo,nhawaiian,1
yahoo,nhay,1
yahoo,nhayati,1
yahoo,nhcl,1
yahoo,nhdydrogen,1
yahoo,nhead,1
yahoo,nhealth,1
yahoo,nheaven,1
yahoo,nheels,1
yahoo,nhell,1
yahoo,nhello,1
yahoo,nhelpful,1
yahoo,nhelping,1
yahoo,nhemoglobin,1
yahoo,nhence,1
yahoo,nher,1
yahoo,nhertfordshire,1
yahoo,nheterosexual,1
yahoo,nhibernate,1
yahoo,nhide,1
yahoo,nhilary,1
yahoo,nhkey,1
yahoo,nhlbisupport,1
yahoo,nhold,1
yahoo,nhollow,1
yahoo,nhollywood,1
yahoo,nhome,1
yahoo,nhomeschooling,1
yahoo,nhomo,1
yahoo,nhomosexual,1
yahoo,nhormones,1
yahoo,nhotttttttttttttttttttttttt,1
yahoo,nhouston,1
yahoo,nhq,1
yahoo,nhscareers,1
yahoo,nhth,1
yahoo,nhud,1
yahoo,nhugh,1
yahoo,nhugs,1
yahoo,nhunk,1
yahoo,nhurricanes,1
yahoo,nhurt,1
yahoo,nhusband,1
yahoo,nhydrogen,1
yahoo,nhypothesis,1
yahoo,nibrahim,1
yahoo,nibuprofen,1
yahoo,nicaea,1
yahoo,nicest,1
yahoo,nicklaus,1
yahoo,nicky,1
yahoo,nicorette,1
yahoo,nictotine,1
yahoo,nidris,1
yahoo,nietzche,1
yahoo,nightevisions,1
yahoo,nigx,1
yahoo,nikaw,1
yahoo,nikola,1
yahoo,nikolai,1
yahoo,nilaika,1
yahoo,niles,1
yahoo,nilyas,1
yahoo,nimpact,1
yahoo,nimpeachment,1
yahoo,nimpending,1
yahoo,nimport,1
yahoo,nimposed,1
yahoo,nimpractical,1
yahoo,nimrod,1
yahoo,nincidently,1
yahoo,ninciting,1
yahoo,nincrease,1
yahoo,nindications,1
yahoo,nindustrial,1
yahoo,nindustries,1
yahoo,ninety,1
yahoo,ninflammatory,1
yahoo,ningning,1
yahoo,ninsepreble,1
yahoo,ninstall,1
yahoo,ninsurance,1
yahoo,nintercontinental,1
yahoo,ninth,1
yahoo,nintinput,1
yahoo,ninty,1
yahoo,ninvading,1
yahoo,nip,1
yahoo,nipinanganak,1
yahoo,niraq,1
yahoo,nireland,1
yahoo,nirfan,1
yahoo,nisa,1
yahoo,nischemia,1
yahoo,nishaq,1
yahoo,nismail,1
yahoo,nisnt,1
yahoo,nisosceles,1
yahoo,nisrael,1
yahoo,nito,1
yahoo,nitric,1
yahoo,nitro,1
yahoo,nitromethane,1
yahoo,niveau,1
yahoo,nix,1
yahoo,nixon,1
yahoo,nizaiah,1
yahoo,njackie,1
yahoo,njacksonville,1
yahoo,njadence,1
yahoo,njahangir,1
yahoo,njaradon,1
yahoo,njay,1
yahoo,njazz,1
yahoo,njeez,1
yahoo,njeremiah,1
yahoo,njeremy,1
yahoo,njessica,1
yahoo,njesus,1
yahoo,njk,1
yahoo,njobs,1
yahoo,njock,1
yahoo,njoe,1
yahoo,njoesph,1
yahoo,njon,1
yahoo,njordis,1
yahoo,njosiah,1
yahoo,njovial,1
yahoo,njudaism,1
yahoo,njudas,1
yahoo,njudging,1
yahoo,njune,1
yahoo,njunior,1
yahoo,njupiter,1
yahoo,njuvia,1
yahoo,njuvie,1
yahoo,njyeshtha,1
yahoo,nkahr,1
yahoo,nkaradar,1
yahoo,nkartik,1
yahoo,nkaspersky,1
yahoo,nkeith,1
yahoo,nkelly,1
yahoo,nkenya,1
yahoo,nkevin,1
yahoo,nkey,1
yahoo,nkg,1
yahoo,nkilling,1
yahoo,nkim,1
yahoo,nkinda,1
yahoo,nkingdom,1
yahoo,nkobe,1
yahoo,nkorn,1
yahoo,nkristina,1
yahoo,nkrumah,1
yahoo,nksp,1
yahoo,nkyle,1
yahoo,nlack,1
yahoo,nlaguna,1
yahoo,nlahar,1
yahoo,nlan,1
yahoo,nlance,1
yahoo,nlandslides,1
yahoo,nlast,1
yahoo,nlate,1
yahoo,nlaughed,1
yahoo,nlaughing,1
yahoo,nlaws,1
yahoo,nlbh,1
yahoo,nlblinput,1
yahoo,nlcs,1
yahoo,nleading,1
yahoo,nleast,1
yahoo,nlebron,1
yahoo,nlegitimate,1
yahoo,nlely,1
yahoo,nless,1
yahoo,nlevel,1
yahoo,nlf,1
yahoo,nlift,1
yahoo,nlightning,1
yahoo,nlindsey,1
yahoo,nlinens,1
yahoo,nlinkshare,1
yahoo,nlisten,1
yahoo,nlive,1
yahoo,nliving,1
yahoo,nlm,1
yahoo,nlo,1
yahoo,nlocquacity,1
yahoo,nlocutus,1
yahoo,nlogan,1
yahoo,nlogo,1
yahoo,nlogos,1
yahoo,nlondon,1
yahoo,nlongest,1
yahoo,nlooked,1
yahoo,nlooking,1
yahoo,nlord,1
yahoo,nlosing,1
yahoo,nlost,1
yahoo,nlot,1
yahoo,nlowering,1
yahoo,nloyal,1
yahoo,nlucy,1
yahoo,nludovic,1
yahoo,nlut,1
yahoo,nlyric,1
yahoo,nmaaalala,1
yahoo,nmacedonian,1
yahoo,nmae,1
yahoo,nmaggots,1
yahoo,nmagh,1
yahoo,nmaging,1
yahoo,nmaguire,1
yahoo,nmail,1
yahoo,nmain,1
yahoo,nmajor,1
yahoo,nmalicious,1
yahoo,nmaneater,1
yahoo,nmanny,1
yahoo,nmarcus,1
yahoo,nmarg,1
yahoo,nmarilyn,1
yahoo,nmarissa,1
yahoo,nmarketing,1
yahoo,nmarriage,1
yahoo,nmassage,1
yahoo,nmasses,1
yahoo,nmassquerade,1
yahoo,nmasters,1
yahoo,nmath,1
yahoo,nmaths,1
yahoo,nmaximum,1
yahoo,nmayo,1
yahoo,nmba,1
yahoo,nmcafee,1
yahoo,nmean,1
yahoo,nmeasuring,1
yahoo,nmeat,1
yahoo,nmechanical,1
yahoo,nmegadeth,1
yahoo,nmegatsunami,1
yahoo,nmelting,1
yahoo,nmember,1
yahoo,nmembership,1
yahoo,nmentioning,1
yahoo,nmere,1
yahoo,nmetallica,1
yahoo,nmetro,1
yahoo,nmexicans,1
yahoo,nmg,1
yahoo,nmiddle,1
yahoo,nmidnight,1
yahoo,nmijita,1
yahoo,nmilk,1
yahoo,nmin,1
yahoo,nmindmapping,1
yahoo,nmine,1
yahoo,nmini,1
yahoo,nmining,1
yahoo,nmodern,1
yahoo,nmohd,1
yahoo,nmomentum,1
yahoo,nmoney,1
yahoo,nmonthly,1
yahoo,nmoonlight,1
yahoo,nmore,1
yahoo,nmoreover,1
yahoo,nmostly,1
yahoo,nmotherboard,1
yahoo,nmotion,1
yahoo,nmotorhead,1
yahoo,nmovie,1
yahoo,nmsp3,1
yahoo,nmtv,1
yahoo,nmusa,1
yahoo,nmuscle,1
yahoo,nmushaboom,1
yahoo,nmust,1
yahoo,nmystery,1
yahoo,nn2o5,1
yahoo,nnails,1
yahoo,nnaoh,1
yahoo,nnarrow,1
yahoo,nnash,1
yahoo,nnathaniel,1
yahoo,nnatsume,1
yahoo,nnc,1
yahoo,nne,1
yahoo,nneed,1
yahoo,nneo,1
yahoo,nneptune,1
yahoo,nnero,1
yahoo,nnet,1
yahoo,nnetherland,1
yahoo,nneuro,1
yahoo,nnews,1
yahoo,nnewton,1
yahoo,nnf3,1
yahoo,nnicole,1
yahoo,nnicotine,1
yahoo,nnidai,1
yahoo,nnight,1
yahoo,nnnnnnnnnnnnnnnnoooooooooooooooooooooooooooo,1
yahoo,nnnnooooooooo,1
yahoo,nnobody,1
yahoo,nnon,1
yahoo,nnone,1
yahoo,nnosotros,1
yahoo,nnoteworthy,1
yahoo,nnoun,1
yahoo,nntp,1
yahoo,nnuclear,1
yahoo,nnuh,1
yahoo,nnumbers,1
yahoo,no2,1
yahoo,noak,1
yahoo,nobservation,1
yahoo,nobvious,1
yahoo,noceano,1
yahoo,noclone,1
yahoo,nod,1
yahoo,nodds,1
yahoo,node,1
yahoo,nodeid,1
yahoo,nofer,1
yahoo,noff,1
yahoo,noffice,1
yahoo,nofficial,1
yahoo,nohh,1
yahoo,nohio,1
yahoo,nomg,1
yahoo,nominated,1
yahoo,nomine,1
yahoo,nominee,1
yahoo,nonactivities,1
yahoo,nonesence,1
yahoo,nonexistence,1
yahoo,nonliving,1
yahoo,nonmetals,1
yahoo,nonpolar,1
yahoo,nonprofitfaq,1
yahoo,nonscientific,1
yahoo,nonspecific,1
yahoo,noobs,1
yahoo,nooooooooooh,1
yahoo,noooooooooooooooooooooooooooo,1
yahoo,noops,1
yahoo,noose,1
yahoo,noot,1
yahoo,noptimistic,1
yahoo,norders,1
yahoo,nordinary,1
yahoo,norethisterone,1
yahoo,norfolk,1
yahoo,norganisational,1
yahoo,noriginally,1
yahoo,normla,1
yahoo,norms,1
yahoo,northernmost,1
yahoo,northostatic,1
yahoo,nortonantivirus,1
yahoo,norway,1
yahoo,norwegian,1
yahoo,nosebleed,1
yahoo,nosotros,1
yahoo,nosuchtc,1
yahoo,notable,1
yahoo,notably,1
yahoo,notch,1
yahoo,notebook,1
yahoo,notecards,1
yahoo,nothin,1
yahoo,nothings,1
yahoo,noticable,1
yahoo,noticeably,1
yahoo,noticing,1
yahoo,notified,1
yahoo,notify,1
yahoo,noting,1
yahoo,notochord,1
yahoo,notoriety,1
yahoo,notorious,1
yahoo,nouch,1
yahoo,noutlook,1
yahoo,noutput,1
yahoo,novacaine,1
yahoo,novelist,1
yahoo,novels,1
yahoo,nover,1
yahoo,noverview,1
yahoo,novia,1
yahoo,nowells,1
yahoo,nown,1
yahoo,nowned,1
yahoo,noxidation,1
yahoo,noxygen,1
yahoo,noyade,1
yahoo,nozzle,1
yahoo,nozzy,1
yahoo,np2s3,1
yahoo,npaid,1
yahoo,npantera,1
yahoo,npar,1
yahoo,nparadiso,1
yahoo,nparafon,1
yahoo,nparents,1
yahoo,npasan,1
yahoo,npassionate,1
yahoo,npaste,1
yahoo,npatton,1
yahoo,npaush,1
yahoo,npayday,1
yahoo,npc,1
yahoo,npeer,1
yahoo,nperfumes,1
yahoo,nperhaps,1
yahoo,npessimistic,1
yahoo,npeter,1
yahoo,nphalgun,1
yahoo,npharmacological,1
yahoo,nphoenix,1
yahoo,nphotosystem,1
yahoo,nphys,1
yahoo,nphys154,1
yahoo,nphyscology,1
yahoo,nphysic,1
yahoo,nphysical,1
yahoo,npicasa,1
yahoo,npicking,1
yahoo,npidge,1
yahoo,npigment,1
yahoo,nplace,1
yahoo,nplain,1
yahoo,nplate,1
yahoo,nplays,1
yahoo,npluto,1
yahoo,npoland,1
yahoo,nporcelain,1
yahoo,nportland,1
yahoo,nports,1
yahoo,npowerful,1
yahoo,npowergrid,1
yahoo,npreachers,1
yahoo,npreferably,1
yahoo,npregnant,1
yahoo,npremature,1
yahoo,npress,1
yahoo,nprime,1
yahoo,npro,1
yahoo,nproblem,1
yahoo,nprocess,1
yahoo,nprofessional,1
yahoo,npromotion,1
yahoo,npronouns,1
yahoo,npronunciation,1
yahoo,nprophets,1
yahoo,nprotestants,1
yahoo,nprove,1
yahoo,nprovide,1
yahoo,nproviding,1
yahoo,npublic,1
yahoo,npuerto,1
yahoo,npullups,1
yahoo,npunk,1
yahoo,npure,1
yahoo,npurple,1
yahoo,nq,1
yahoo,nquantitative,1
yahoo,nquantum,1
yahoo,nqueen,1
yahoo,nquestion,1
yahoo,nquietdrive,1
yahoo,nquite,1
yahoo,nquixotic,1
yahoo,nra,1
yahoo,nrace,1
yahoo,nradio,1
yahoo,nradius,1
yahoo,nrage,1
yahoo,nrahul,1
yahoo,nrap,1
yahoo,nrats,1
yahoo,nraven,1
yahoo,nraw,1
yahoo,nrb,1
yahoo,nre,1
yahoo,nrealdoll,1
yahoo,nrealistic,1
yahoo,nreasonable,1
yahoo,nrecipe,1
yahoo,nrecycled,1
yahoo,nreduction,1
yahoo,nreferences,1
yahoo,nrefunnelled,1
yahoo,nregarding,1
yahoo,nregister,1
yahoo,nrelig,1
yahoo,nrep,1
yahoo,nreplace,1
yahoo,nreported,1
yahoo,nrepublican,1
yahoo,nresearch,1
yahoo,nresolution,1
yahoo,nrespiratory,1
yahoo,nresponsibility,1
yahoo,nretunnelled,1
yahoo,nrevise,1
yahoo,nrf,1
yahoo,nrichard,1
yahoo,nriley,1
yahoo,nrilo,1
yahoo,nrimc,1
yahoo,nring,1
yahoo,nrising,1
yahoo,nrma,1
yahoo,nrobert,1
yahoo,nrocking,1
yahoo,nrofl,1
yahoo,nron,1
yahoo,nronaldo,1
yahoo,nroogd,1
yahoo,nrooineck,1
yahoo,nroseline,1
yahoo,nrotation,1
yahoo,nround,1
yahoo,nroxio,1
yahoo,nroy,1
yahoo,nrudyard,1
yahoo,nrussia,1
yahoo,nsa,1
yahoo,nsachin,1
yahoo,nsaddam,1
yahoo,nsaint,1
yahoo,nsalam,1
yahoo,nsaleh,1
yahoo,nsamai,1
yahoo,nsame,1
yahoo,nsamuel,1
yahoo,nsana,1
yahoo,nsaosin,1
yahoo,nsara,1
yahoo,nsaturn,1
yahoo,nsaving,1
yahoo,nscience,1
yahoo,nsec,1
yahoo,nseconde,1
yahoo,nsecure,1
yahoo,nsejon,1
yahoo,nselectedindexchanged,1
yahoo,nselecting,1
yahoo,nsenator,1
yahoo,nseniors,1
yahoo,nsensible,1
yahoo,nsepultura,1
yahoo,nserious,1
yahoo,nseventh,1
yahoo,nsexyback,1
yahoo,nsf6,1
yahoo,nshakespeare,1
yahoo,nshallow,1
yahoo,nshepherds,1
yahoo,nshinedown,1
yahoo,nshirley,1
yahoo,nshoaib,1
yahoo,nshore,1
yahoo,nshould,1
yahoo,nshravan,1
yahoo,nshrinkage,1
yahoo,nshut,1
yahoo,nside,1
yahoo,nsigmund,1
yahoo,nsigns,1
yahoo,nsilicon,1
yahoo,nsilver,1
yahoo,nsilverstein,1
yahoo,nsimilarities,1
yahoo,nsimple,1
yahoo,nsincerely,1
yahoo,nsingingfish,1
yahoo,nsinkholes,1
yahoo,nsisters,1
yahoo,nsite,1
yahoo,nsix,1
yahoo,nsize,1
yahoo,nskin,1
yahoo,nskinny,1
yahoo,nslayer,1
yahoo,nsleep,1
yahoo,nsmackdown,1
yahoo,nsn,1
yahoo,nsneakers,1
yahoo,nsoap,1
yahoo,nsodium,1
yahoo,nsoftware,1
yahoo,nsolar,1
yahoo,nsolid,1
yahoo,nsolution,1
yahoo,nsolutions,1
yahoo,nsomeday,1
yahoo,nsoon,1
yahoo,nsos,1
yahoo,nsound,1
yahoo,nsout,1
yahoo,nsouth,1
yahoo,nsoutheast,1
yahoo,nsouthern,1
yahoo,nspecific,1
yahoo,nsphinx,1
yahoo,nspitting,1
yahoo,nsplashes,1
yahoo,nsprites,1
yahoo,nsquare,1
yahoo,nsreesanth,1
yahoo,nsri,1
yahoo,nsrilanka,1
yahoo,nss,1
yahoo,nssw,1
yahoo,nstainless,1
yahoo,nstarry,1
yahoo,nstatistically,1
yahoo,nstc,1
yahoo,nsteep,1
yahoo,nstockings,1
yahoo,nstoner,1
yahoo,nstore,1
yahoo,nstraight,1
yahoo,nstrange,1
yahoo,nstretching,1
yahoo,nsubmission,1
yahoo,nsubtract,1
yahoo,nsue,1
yahoo,nsuffit,1
yahoo,nsufjan,1
yahoo,nsuggestions,1
yahoo,nsuite,1
yahoo,nsulayman,1
yahoo,nsunk,1
yahoo,nsupercop,1
yahoo,nsupervolcano,1
yahoo,nsweet,1
yahoo,nswimming,1
yahoo,nsymbol,1
yahoo,nsystematic,1
yahoo,nsystems,1
yahoo,ntactical,1
yahoo,ntarzan,1
yahoo,ntautology,1
yahoo,ntaven,1
yahoo,ntax,1
yahoo,ntaylor,1
yahoo,ntdk,1
yahoo,ntelevision,1
yahoo,ntender,1
yahoo,ntenga,1
yahoo,ntextbox,1
yahoo,nthanx,1
yahoo,nthc,1
yahoo,ntheft,1
yahoo,ntherfore,1
yahoo,nthes,1
yahoo,nthesis,1
yahoo,nthg,1
yahoo,nthough,1
yahoo,nthree,1
yahoo,nthursday,1
yahoo,ntigerwoods,1
yahoo,ntight,1
yahoo,ntights,1
yahoo,ntip,1
yahoo,ntitan,1
yahoo,ntitanium,1
yahoo,ntnu,1
yahoo,ntomorrow,1
yahoo,ntonight,1
yahoo,ntonya,1
yahoo,ntop,1
yahoo,ntora,1
yahoo,ntornado,1
yahoo,ntosmith,1
yahoo,ntotal,1
yahoo,ntour,1
yahoo,ntov,1
yahoo,ntoward,1
yahoo,ntpasswd,1
yahoo,ntracie,1
yahoo,ntraditionally,1
yahoo,ntransliteration,1
yahoo,ntransportation,1
yahoo,ntranspose,1
yahoo,ntrick,1
yahoo,ntruth,1
yahoo,ntrying,1
yahoo,ntsunami,1
yahoo,nturn,1
yahoo,ntv,1
yahoo,ntypes,1
yahoo,nucleation,1
yahoo,nucleuses,1
yahoo,nude,1
yahoo,nuefa,1
yahoo,nukes,1
yahoo,nul,1
yahoo,nullify,1
yahoo,numberic,1
yahoo,numerators,1
yahoo,nummm,1
yahoo,nun,1
yahoo,nunbelievable,1
yahoo,nunc,1
yahoo,nuncommon,1
yahoo,nunderstandable,1
yahoo,nunderstood,1
yahoo,nunet,1
yahoo,nuniform,1
yahoo,nunless,1
yahoo,nunlikely,1
yahoo,nunwritten,1
yahoo,nupcoming,1
yahoo,nupdate,1
yahoo,nupstairs,1
yahoo,nuranus,1
yahoo,nursejobshop,1
yahoo,nusc,1
yahoo,nused,1
yahoo,nusing,1
yahoo,nustedes,1
yahoo,nuthin,1
yahoo,nutiva,1
yahoo,nutrient,1
yahoo,nutritionist,1
yahoo,nutritious,1
yahoo,nutz,1
yahoo,nv1,1
yahoo,nva,1
yahoo,nvaishakh,1
yahoo,nvalenzuela,1
yahoo,nvalid,1
yahoo,nvegetable,1
yahoo,nvehicle,1
yahoo,nvelocity,1
yahoo,nvenus,1
yahoo,nverbosity,1
yahoo,nverbum,1
yahoo,nverizon,1
yahoo,nvero,1
yahoo,nvertical,1
yahoo,nvestal,1
yahoo,nvh1,1
yahoo,nview,1
yahoo,nvirendra,1
yahoo,nvirtually,1
yahoo,nvirusscan,1
yahoo,nvites,1
yahoo,nvocubulary,1
yahoo,nvolcanic,1
yahoo,nvolume,1
yahoo,nvotes,1
yahoo,nvr,1
yahoo,nvvs,1
yahoo,nwachovia,1
yahoo,nwalang,1
yahoo,nwalk,1
yahoo,nwalt,1
yahoo,nwanna,1
yahoo,nwar,1
yahoo,nwarm,1
yahoo,nwarning,1
yahoo,nwas,1
yahoo,nweatherforyou,1
yahoo,nwebsites,1
yahoo,nwed,1
yahoo,nweek,1
yahoo,nwest,1
yahoo,nwet,1
yahoo,nwffacim,1
yahoo,nwhile,1
yahoo,nwhite,1
yahoo,nwide,1
yahoo,nwild,1
yahoo,nwilliam,1
yahoo,nwind,1
yahoo,nwindows,1
yahoo,nwine,1
yahoo,nwishing,1
yahoo,nwithout,1
yahoo,nwitty,1
yahoo,nwk,1
yahoo,nwordnet,1
yahoo,nworks,1
yahoo,nwr,1
yahoo,nxander,1
yahoo,nxavier,1
yahoo,nxerically,1
yahoo,nxlman,1
yahoo,nxmplay,1
yahoo,nxxb,1
yahoo,nxy,1
yahoo,nyahya,1
yahoo,nyaqub,1
yahoo,nyerere,1
yahoo,nyoull,1
yahoo,nyoure,1
yahoo,nyours,1
yahoo,nyse,1
yahoo,nyunus,1
yahoo,nyusuf,1
yahoo,nzakariya,1
yahoo,nzimbabwe,1
yahoo,nzinc,1
yahoo,nzone,1
yahoo,nzuko,1
yahoo,nzulkifl,1
yahoo,nzyban,1
yahoo,o10c0uozvqi,1
yahoo,o3,1
yahoo,o7buster,1
yahoo,oath,1
yahoo,oatmeal,1
yahoo,oats,1
yahoo,ob,1
yahoo,obese,1
yahoo,obi,1
yahoo,objectid,1
yahoo,objectively,1
yahoo,oblate,1
yahoo,obligation,1
yahoo,obligatory,1
yahoo,oblige,1
yahoo,oblivion,1
yahoo,obnoxious,1
yahoo,obrador,1
yahoo,obscenely,1
yahoo,obscure,1
yahoo,observ,1
yahoo,obsessions,1
yahoo,obstacles,1
yahoo,obsticles,1
yahoo,obtained,1
yahoo,occ,1
yahoo,occasion,1
yahoo,occasionaly,1
yahoo,occi,1
yahoo,occipital,1
yahoo,occluded,1
yahoo,occlusion,1
yahoo,occultist,1
yahoo,occupations,1
yahoo,occupied,1
yahoo,occupying,1
yahoo,occured,1
yahoo,occuring,1
yahoo,oceanexplorer,1
yahoo,oceanservice,1
yahoo,ocnsider,1
yahoo,ocos076,1
yahoo,ocos084,1
yahoo,octals,1
yahoo,octeted,1
yahoo,odb,1
yahoo,oddly,1
yahoo,ode,1
yahoo,odin,1
yahoo,odorless,1
yahoo,oe,1
yahoo,oesn,1
yahoo,ofer,1
yahoo,offcourse,1
yahoo,officialy,1
yahoo,officielle,1
yahoo,offspring,1
yahoo,ofi,1
yahoo,ofstud,1
yahoo,oft,1
yahoo,oftentimes,1
yahoo,og,1
yahoo,oha,1
yahoo,oi,1
yahoo,oilers,1
yahoo,oily,1
yahoo,ointments,1
yahoo,ois,1
yahoo,oiseau,1
yahoo,ojibwe,1
yahoo,okada,1
yahoo,okcupid,1
yahoo,okmlr,1
yahoo,okur,1
yahoo,okwen,1
yahoo,ol,1
yahoo,oldversion,1
yahoo,ole,1
yahoo,oliver,1
yahoo,olor,1
yahoo,olson,1
yahoo,olympus,1
yahoo,omaha,1
yahoo,ombudsmen,1
yahoo,ombudsnet,1
yahoo,ome,1
yahoo,omega,1
yahoo,omelette,1
yahoo,omniglot,1
yahoo,omnipotent,1
yahoo,oncologist,1
yahoo,onebody,1
yahoo,onlineguitarlessons,1
yahoo,onlt,1
yahoo,ons,1
yahoo,onstage,1
yahoo,ont,1
yahoo,oof,1
yahoo,oons,1
yahoo,ooo,1
yahoo,oooo,1
yahoo,opal,1
yahoo,openapaint,1
yahoo,openings,1
yahoo,openly,1
yahoo,opens,1
yahoo,operated,1
yahoo,opiate,1
yahoo,opinionated,1
yahoo,opionion,1
yahoo,opitomy,1
yahoo,oppaturnity,1
yahoo,oppening,1
yahoo,opposing,1
yahoo,oppress,1
yahoo,oppurtunities,1
yahoo,optical,1
yahoo,optimal,1
yahoo,optional,1
yahoo,optometrist,1
yahoo,orally,1
yahoo,orator,1
yahoo,orbison,1
yahoo,orbiting,1
yahoo,orbs,1
yahoo,orchaestra,1
yahoo,ordit,1
yahoo,oreal,1
yahoo,oreg,1
yahoo,oregan,1
yahoo,oreilly,1
yahoo,oreos,1
yahoo,ores,1
yahoo,organelles,1
yahoo,organes,1
yahoo,organisateur,1
yahoo,organise,1
yahoo,organism,1
yahoo,organizing,1
yahoo,orginally,1
yahoo,orgives,1
yahoo,orgs,1
yahoo,orgy,1
yahoo,orient,1
yahoo,originality,1
yahoo,originates,1
yahoo,orignally,1
yahoo,orina,1
yahoo,orion,1
yahoo,orphan,1
yahoo,orphans,1
yahoo,orreal,1
yahoo,ortho,1
yahoo,orthopaedic,1
yahoo,orthotricyclen,1
yahoo,os9,1
yahoo,oscar,1
yahoo,oscillations,1
yahoo,oscoumbran,1
yahoo,osdir,1
yahoo,osh,1
yahoo,osier,1
yahoo,oslo,1
yahoo,osmium,1
yahoo,osoq,1
yahoo,osteo,1
yahoo,ostrich,1
yahoo,oswald,1
yahoo,osx,1
yahoo,otesting,1
yahoo,otherwhys,1
yahoo,otherworld,1
yahoo,otnemnaitretne,1
yahoo,ottoman,1
yahoo,ou,1
yahoo,ouachita,1
yahoo,ought,1
yahoo,ouiji,1
yahoo,outa,1
yahoo,outcasted,1
yahoo,outdated,1
yahoo,outdoors,1
yahoo,outfield,1
yahoo,outfit,1
yahoo,outfits,1
yahoo,outflows,1
yahoo,outgoings,1
yahoo,outlaw,1
yahoo,outlawed,1
yahoo,outosurced,1
yahoo,outpatient,1
yahoo,outplayed,1
yahoo,outrage,1
yahoo,outskirts,1
yahoo,outtie,1
yahoo,outward,1
yahoo,outwards,1
yahoo,overcame,1
yahoo,overcrowding,1
yahoo,overdone,1
yahoo,overdose,1
yahoo,overdressed,1
yahoo,overdrive,1
yahoo,overemployment,1
yahoo,overhauled,1
yahoo,overidden,1
yahoo,overloads,1
yahoo,overlyfriend,1
yahoo,overnight,1
yahoo,overpaid,1
yahoo,overpriced,1
yahoo,overproduction,1
yahoo,overreacting,1
yahoo,overriding,1
yahoo,overrule,1
yahoo,overstaffed,1
yahoo,overstatement,1
yahoo,overstocked,1
yahoo,overtake,1
yahoo,overthrow,1
yahoo,overviewing,1
yahoo,overwelhmed,1
yahoo,overwhelming,1
yahoo,overworked,1
yahoo,overworking,1
yahoo,ovulate,1
yahoo,ovulating,1
yahoo,ovulation,1
yahoo,ovw,1
yahoo,owed,1
yahoo,ower,1
yahoo,owrks,1
yahoo,ox,1
yahoo,oxnard,1
yahoo,oxygel,1
yahoo,oympics,1
yahoo,p4,1
yahoo,pabsicool,1
yahoo,pac,1
yahoo,pacer,1
yahoo,pacing,1
yahoo,packers,1
yahoo,packtpub,1
yahoo,pacs,1
yahoo,pact,1
yahoo,pad,1
yahoo,padded,1
yahoo,padding,1
yahoo,pads,1
yahoo,pagans,1
yahoo,pageid,1
yahoo,pagenum,1
yahoo,pagetutor,1
yahoo,pagkain,1
yahoo,painfull,1
yahoo,painkillers,1
yahoo,paintings,1
yahoo,pairings,1
yahoo,palate,1
yahoo,palmgear,1
yahoo,palms,1
yahoo,pamphlet,1
yahoo,pamplmouss2,1
yahoo,pancreas,1
yahoo,pancrease,1
yahoo,pancreatic,1
yahoo,pandemic,1
yahoo,pane,1
yahoo,pans,1
yahoo,panspermia,1
yahoo,panther,1
yahoo,panties,1
yahoo,paperback,1
yahoo,papillomavirus,1
yahoo,paps,1
yahoo,parables,1
yahoo,parabola,1
yahoo,paracetamol,1
yahoo,paradigm,1
yahoo,paradise,1
yahoo,paradox,1
yahoo,parafon,1
yahoo,paragraphs,1
yahoo,paralise,1
yahoo,paralize,1
yahoo,param,1
yahoo,paramedic,1
yahoo,paramedics,1
yahoo,paranoia,1
yahoo,parantheticals,1
yahoo,paratrooper,1
yahoo,parce,1
yahoo,parcels,1
yahoo,parcequ,1
yahoo,pardon,1
yahoo,pareil,1
yahoo,parentis,1
yahoo,parietal,1
yahoo,parisitetic,1
yahoo,parker,1
yahoo,parliamentary,1
yahoo,parochial,1
yahoo,parodies,1
yahoo,parole,1
yahoo,parry,1
yahoo,parsol,1
yahoo,parternship,1
yahoo,partial,1
yahoo,participants,1
yahoo,participates,1
yahoo,particlular,1
yahoo,partitions,1
yahoo,partners,1
yahoo,partnership,1
yahoo,partnerz,1
yahoo,partum,1
yahoo,paryer,1
yahoo,passia,1
yahoo,pastfuture,1
yahoo,patchwork,1
yahoo,patents,1
yahoo,pathan,1
yahoo,pathetic,1
yahoo,pathogens,1
yahoo,pathology,1
yahoo,paths,1
yahoo,pathways,1
yahoo,paticular,1
yahoo,patrice,1
yahoo,patriotism,1
yahoo,patris,1
yahoo,patron,1
yahoo,pats,1
yahoo,patsy,1
yahoo,patton,1
yahoo,paula,1
yahoo,pauline,1
yahoo,paulnann,1
yahoo,paulo,1
yahoo,pauly,1
yahoo,pauper,1
yahoo,pavilion,1
yahoo,pawar,1
yahoo,pawns,1
yahoo,paxton,1
yahoo,payable,1
yahoo,paycheck,1
yahoo,payer,1
yahoo,payout,1
yahoo,paypalsucks,1
yahoo,payrolls,1
yahoo,payton,1
yahoo,pci,1
yahoo,pcl4,1
yahoo,pcmag,1
yahoo,pcmv,1
yahoo,pcservicecall,1
yahoo,pctvforme,1
yahoo,pcurtis,1
yahoo,pcwindex,1
yahoo,pcworld,1
yahoo,pdffiles,1
yahoo,pdinventory,1
yahoo,pdlanding,1
yahoo,peacefully,1
yahoo,peacetime,1
yahoo,peach,1
yahoo,peakleaders,1
yahoo,pearce,1
yahoo,peasants,1
yahoo,peculiar,1
yahoo,pedal,1
yahoo,pedestal,1
yahoo,pedicures,1
yahoo,pedro,1
yahoo,peds,1
yahoo,peepole,1
yahoo,peeringpe,1
yahoo,peg,1
yahoo,peirece,1
yahoo,pel,1
yahoo,pell,1
yahoo,penal,1
yahoo,pence,1
yahoo,pendulum,1
yahoo,penelty,1
yahoo,penetrative,1
yahoo,penguin,1
yahoo,penicillin,1
yahoo,penies,1
yahoo,penitence,1
yahoo,penmanship,1
yahoo,pennant,1
yahoo,penney,1
yahoo,penpals,1
yahoo,pentacostel,1
yahoo,pentagram,1
yahoo,pentane,1
yahoo,pentaoxide,1
yahoo,pentathlon,1
yahoo,pentecost,1
yahoo,pentoxptyline,1
yahoo,penultimate,1
yahoo,peolpe,1
yahoo,peopleconnection,1
yahoo,peoploe,1
yahoo,peplau,1
yahoo,peps,1
yahoo,pepsi,1
yahoo,perceive,1
yahoo,percentages,1
yahoo,perceptions,1
yahoo,percy,1
yahoo,perdue,1
yahoo,perez,1
yahoo,perforamce,1
yahoo,perfumery,1
yahoo,perhas,1
yahoo,periodical,1
yahoo,periodically,1
yahoo,perish,1
yahoo,peritoneal,1
yahoo,permethrin,1
yahoo,permits,1
yahoo,permitted,1
yahoo,permutations,1
yahoo,pernament,1
yahoo,perpendicular,1
yahoo,perpetuate,1
yahoo,perquisites,1
yahoo,perrigo,1
yahoo,persecuted,1
yahoo,perseverance,1
yahoo,persian,1
yahoo,persist,1
yahoo,perso,1
yahoo,persona,1
yahoo,personalities,1
yahoo,personaly,1
yahoo,perspiration,1
yahoo,persue,1
yahoo,pertains,1
yahoo,pertinent,1
yahoo,pervertedjustice,1
yahoo,pervs,1
yahoo,pesticide,1
yahoo,pestova,1
yahoo,pests,1
yahoo,pet,1
yahoo,peterson,1
yahoo,petition,1
yahoo,petitions,1
yahoo,petrol,1
yahoo,pets,1
yahoo,peu,1
yahoo,peupler,1
yahoo,pga,1
yahoo,phantom,1
yahoo,pharma,1
yahoo,pharmacists,1
yahoo,philadelphiainquirer,1
yahoo,phillies,1
yahoo,philly,1
yahoo,philosopher,1
yahoo,phising,1
yahoo,phlogiston,1
yahoo,phobosoft,1
yahoo,phonelines,1
yahoo,phones,1
yahoo,phonics,1
yahoo,phosphors,1
yahoo,photoglo,1
yahoo,photography,1
yahoo,photoplus,1
yahoo,photosynthesizing,1
yahoo,photothensis,1
yahoo,photovoltaic,1
yahoo,phrases,1
yahoo,phsycos,1
yahoo,phtml,1
yahoo,phylum,1
yahoo,phys,1
yahoo,physicallly,1
yahoo,physicians,1
yahoo,physicists,1
yahoo,physiologically,1
yahoo,phytophthora,1
yahoo,picard,1
yahoo,picket,1
yahoo,pickle,1
yahoo,pickler,1
yahoo,pickups,1
yahoo,picturebox,1
yahoo,pidge,1
yahoo,pieced,1
yahoo,pierced,1
yahoo,piercing,1
yahoo,pigskin,1
yahoo,pigtails,1
yahoo,pilate,1
yahoo,pillow,1
yahoo,pimped,1
yahoo,pimpernel,1
yahoo,pimphats,1
yahoo,pimples,1
yahoo,pinakamasarap,1
yahoo,pinched,1
yahoo,pinching,1
yahoo,pineapple,1
yahoo,ping,1
yahoo,pings,1
yahoo,pinpointed,1
yahoo,pint,1
yahoo,pipandpop,1
yahoo,pips,1
yahoo,piratebay,1
yahoo,pirating,1
yahoo,piscean,1
yahoo,pisces,1
yahoo,piso,1
yahoo,pit,1
yahoo,pithon,1
yahoo,pitting,1
yahoo,pittsburgh,1
yahoo,pittsburghxplosion,1
yahoo,pixels,1
yahoo,pixletoolbox,1
yahoo,pixma,1
yahoo,pizzle,1
yahoo,pjug,1
yahoo,pkg,1
yahoo,placa,1
yahoo,placebos,1
yahoo,plagarize,1
yahoo,plaid,1
yahoo,plaine,1
yahoo,plains,1
yahoo,plancks,1
yahoo,planetscapes,1
yahoo,planted,1
yahoo,planttt,1
yahoo,plaqueing,1
yahoo,plaques,1
yahoo,plasmolysis,1
yahoo,platapus,1
yahoo,platen,1
yahoo,platic,1
yahoo,platt,1
yahoo,plauge,1
yahoo,playerprofiles,1
yahoo,playersearch,1
yahoo,playful,1
yahoo,playground,1
yahoo,plaza,1
yahoo,pleaded,1
yahoo,pleasanton,1
yahoo,pleasured,1
yahoo,pleasures,1
yahoo,pledge,1
yahoo,plently,1
yahoo,pleuracy,1
yahoo,pllzzzzzzzzzzzzzzzzz,1
yahoo,plots,1
yahoo,plotting,1
yahoo,plucky,1
yahoo,plugges,1
yahoo,plumbing,1
yahoo,plump,1
yahoo,plunging,1
yahoo,plurality,1
yahoo,plymouthschools,1
yahoo,plzzzzz,1
yahoo,pn,1
yahoo,pn18,1
yahoo,pneumatics,1
yahoo,pneumonia,1
yahoo,pnordahl,1
yahoo,pns,1
yahoo,pocketknife,1
yahoo,podxtlive,1
yahoo,poenix,1
yahoo,poetry,1
yahoo,pogo,1
yahoo,pointed,1
yahoo,pointer,1
yahoo,pointless,1
yahoo,poisons,1
yahoo,pol,1
yahoo,polaroid,1
yahoo,politcal,1
yahoo,pollen,1
yahoo,polling,1
yahoo,polls,1
yahoo,pollute,1
yahoo,polsci,1
yahoo,poltitical,1
yahoo,polyamourous,1
yahoo,polycythemia,1
yahoo,polydor,1
yahoo,polygon,1
yahoo,polymer,1
yahoo,polymerase,1
yahoo,polyphonic,1
yahoo,polystrene,1
yahoo,polyunsaturated,1
yahoo,pompei,1
yahoo,pons,1
yahoo,pontiff,1
yahoo,pooortugal,1
yahoo,poos,1
yahoo,popsickle,1
yahoo,popsickles,1
yahoo,popularly,1
yahoo,populous,1
yahoo,popups,1
yahoo,popwar,1
yahoo,pornographers,1
yahoo,pornographic,1
yahoo,pornography,1
yahoo,porpuss,1
yahoo,porter,1
yahoo,portfolio,1
yahoo,portions,1
yahoo,portlet,1
yahoo,portray,1
yahoo,ports,1
yahoo,portugeese,1
yahoo,porvided,1
yahoo,posed,1
yahoo,posiitons,1
yahoo,positioned,1
yahoo,possadj,1
yahoo,possessed,1
yahoo,possesses,1
yahoo,possessive,1
yahoo,possibilty,1
yahoo,postage,1
yahoo,postively,1
yahoo,postman,1
yahoo,postsecret,1
yahoo,postural,1
yahoo,postzygotic,1
yahoo,potatos,1
yahoo,potemkin,1
yahoo,potency,1
yahoo,potens,1
yahoo,potholes,1
yahoo,potion,1
yahoo,pots,1
yahoo,potus,1
yahoo,potvin,1
yahoo,poulets,1
yahoo,pounders,1
yahoo,poured,1
yahoo,pourous,1
yahoo,pov,1
yahoo,powderd,1
yahoo,powdered,1
yahoo,powered,1
yahoo,poweres,1
yahoo,powerfully,1
yahoo,powering,1
yahoo,poweropt,1
yahoo,poweroptions,1
yahoo,pox,1
yahoo,poz,1
yahoo,pplay,1
yahoo,ppls,1
yahoo,ppp,1
yahoo,ppstream,1
yahoo,ppt,1
yahoo,pq,1
yahoo,pr0,1
yahoo,pr10,1
yahoo,pr6,1
yahoo,pracise,1
yahoo,practiced,1
yahoo,practioners,1
yahoo,practising,1
yahoo,practitioner,1
yahoo,praemium,1
yahoo,pragmatic,1
yahoo,pragmatist,1
yahoo,pratt,1
yahoo,prawn,1
yahoo,preached,1
yahoo,preaches,1
yahoo,preaching,1
yahoo,preasure,1
yahoo,precausions,1
yahoo,precaution,1
yahoo,precentage,1
yahoo,precursor,1
yahoo,predetermined,1
yahoo,predicament,1
yahoo,predictable,1
yahoo,predictible,1
yahoo,predjudice,1
yahoo,prednisilone,1
yahoo,predominant,1
yahoo,preexisting,1
yahoo,prefect,1
yahoo,prefectly,1
yahoo,prefered,1
yahoo,prefers,1
yahoo,prefix,1
yahoo,preformance,1
yahoo,prefrance,1
yahoo,prefrence,1
yahoo,pregnancies,1
yahoo,prehaps,1
yahoo,prehistoric,1
yahoo,prem,1
yahoo,premarital,1
yahoo,premier,1
yahoo,premiere,1
yahoo,premise,1
yahoo,prenup,1
yahoo,prenups,1
yahoo,prep,1
yahoo,prepaid,1
yahoo,preparation,1
yahoo,preparations,1
yahoo,preparer,1
yahoo,prepay,1
yahoo,prepayment,1
yahoo,prepayments,1
yahoo,preposition,1
yahoo,preppie,1
yahoo,presale,1
yahoo,presalesandevents,1
yahoo,presario,1
yahoo,presarios,1
yahoo,prescibed,1
yahoo,prescribes,1
yahoo,prescribing,1
yahoo,preseason,1
yahoo,presentations,1
yahoo,preserve,1
yahoo,preserving,1
yahoo,presided,1
yahoo,presidental,1
yahoo,presidents,1
yahoo,presley,1
yahoo,presses,1
yahoo,pressue,1
yahoo,pressured,1
yahoo,pressures,1
yahoo,pressurised,1
yahoo,prestige,1
yahoo,prestigeous,1
yahoo,presume,1
yahoo,presumes,1
yahoo,presumption,1
yahoo,pretentiousness,1
yahoo,preterm,1
yahoo,preventable,1
yahoo,preventative,1
yahoo,preview,1
yahoo,prezygotic,1
yahoo,pricegrabber,1
yahoo,pricescan,1
yahoo,pricewatch,1
yahoo,pricewormer,1
yahoo,primecap,1
yahoo,primeter,1
yahoo,primitivegcd,1
yahoo,primrose,1
yahoo,princess,1
yahoo,principly,1
yahoo,printers,1
yahoo,println,1
yahoo,priorities,1
yahoo,priory,1
yahoo,pris,1
yahoo,prisinor,1
yahoo,prism,1
yahoo,prisontalk,1
yahoo,privates,1
yahoo,privelages,1
yahoo,prnex,1
yahoo,prnt,1
yahoo,proactiv,1
yahoo,probationary,1
yahoo,probationers,1
yahoo,probobly,1
yahoo,proceds,1
yahoo,proceeding,1
yahoo,proceedings,1
yahoo,proceeds,1
yahoo,proceses,1
yahoo,processplantandmachinery,1
yahoo,processs,1
yahoo,procidure,1
yahoo,procol,1
yahoo,procratinate,1
yahoo,procreation,1
yahoo,proctor,1
yahoo,procurement,1
yahoo,prodid,1
yahoo,prodinfo,1
yahoo,productform,1
yahoo,productions,1
yahoo,professionally,1
yahoo,professions,1
yahoo,proffesional,1
yahoo,proffessionally,1
yahoo,proficency,1
yahoo,profitable,1
yahoo,profitless,1
yahoo,prognosis,1
yahoo,programmed,1
yahoo,programmers,1
yahoo,programmingtutorials,1
yahoo,progressed,1
yahoo,progressive,1
yahoo,projected,1
yahoo,projectplaylist,1
yahoo,prokayotic,1
yahoo,prolapsed,1
yahoo,proliferation,1
yahoo,prolly,1
yahoo,prolongs,1
yahoo,prom,1
yahoo,promet,1
yahoo,promoter,1
yahoo,promoting,1
yahoo,pronoun,1
yahoo,propability,1
yahoo,propagated,1
yahoo,propagation,1
yahoo,propel,1
yahoo,propelled,1
yahoo,propoganda,1
yahoo,proposals,1
yahoo,propose,1
yahoo,proposed,1
yahoo,proposition,1
yahoo,props,1
yahoo,propulsion,1
yahoo,prorams,1
yahoo,pros,1
yahoo,prosecuted,1
yahoo,prosecution,1
yahoo,prosecutor,1
yahoo,prospect,1
yahoo,prosperity,1
yahoo,prosportsmemorabilia,1
yahoo,prostaglandins,1
yahoo,prostate,1
yahoo,prostitutes,1
yahoo,protective,1
yahoo,protector,1
yahoo,proteinuria,1
yahoo,protel,1
yahoo,protestant,1
yahoo,proto,1
yahoo,protocols,1
yahoo,proton,1
yahoo,prototype,1
yahoo,proves,1
yahoo,provocative,1
yahoo,prowler,1
yahoo,prowrestling,1
yahoo,proximity,1
yahoo,proxys,1
yahoo,prozac,1
yahoo,prsonson,1
yahoo,prunes,1
yahoo,ps2,1
yahoo,psapi,1
yahoo,psbrushes,1
yahoo,psst,1
yahoo,psticking,1
yahoo,psychiatry,1
yahoo,psychologist,1
yahoo,psychometrics,1
yahoo,psychostimulant,1
yahoo,psychotic,1
yahoo,psychotropic,1
yahoo,psycology,1
yahoo,psylocke,1
yahoo,pterodactyl,1
yahoo,pti,1
yahoo,publicity,1
yahoo,publit1,1
yahoo,publix,1
yahoo,puchase,1
yahoo,puck,1
yahoo,puckering,1
yahoo,pucking,1
yahoo,pueblo,1
yahoo,pug,1
yahoo,puh,1
yahoo,puiqui,1
yahoo,puke,1
yahoo,puljols,1
yahoo,pulldown,1
yahoo,pulmonary,1
yahoo,pulp,1
yahoo,pumpkin,1
yahoo,pun,1
yahoo,puncher,1
yahoo,punchline,1
yahoo,punish,1
yahoo,punished,1
yahoo,puny,1
yahoo,pupate,1
yahoo,puppy,1
yahoo,pups,1
yahoo,purchases,1
yahoo,purchsed,1
yahoo,purgatory,1
yahoo,purified,1
yahoo,purp,1
yahoo,purplegirl,1
yahoo,purposely,1
yahoo,purse,1
yahoo,pursuing,1
yahoo,pursuit,1
yahoo,puzzling,1
yahoo,pvdnet,1
yahoo,pvdnetwork,1
yahoo,pw,1
yahoo,pwned,1
yahoo,pyblic,1
yahoo,pyramidal,1
yahoo,pyrotechnicley,1
yahoo,pyschatric,1
yahoo,pyscic,1
yahoo,python,1
yahoo,pz,1
yahoo,q1e,1
yahoo,q4,1
yahoo,q5,1
yahoo,qaeda,1
yahoo,qall,1
yahoo,qeprice,1
yahoo,qq,1
yahoo,qsa,1
yahoo,qtvr,1
yahoo,qtype,1
yahoo,quacking,1
yahoo,quad,1
yahoo,quads,1
yahoo,quail,1
yahoo,quake,1
yahoo,qualifed,1
yahoo,qualities,1
yahoo,quand,1
yahoo,quandry,1
yahoo,quartered,1
yahoo,quashed,1
yahoo,quasidealistic,1
yahoo,quatloos,1
yahoo,quatrains,1
yahoo,queens,1
yahoo,queer,1
yahoo,queit,1
yahoo,quesion,1
yahoo,quesions,1
yahoo,quessing,1
yahoo,quest,1
yahoo,questiion,1
yahoo,questionable,1
yahoo,questioner,1
yahoo,questionz,1
yahoo,questrion,1
yahoo,quetsion,1
yahoo,quickcam,1
yahoo,quicker,1
yahoo,quieter,1
yahoo,quietly,1
yahoo,quintessence,1
yahoo,quirks,1
yahoo,quitar,1
yahoo,quitclaim,1
yahoo,quitting,1
yahoo,quotation,1
yahoo,quoted,1
yahoo,quotient,1
yahoo,quoting,1
yahoo,qustions,1
yahoo,rabbi,1
yahoo,rabbit,1
yahoo,rabbitts,1
yahoo,racehorse,1
yahoo,rachubka,1
yahoo,racine,1
yahoo,rack,1
yahoo,racking,1
yahoo,racquet,1
yahoo,ractet,1
yahoo,radcliffe,1
yahoo,radicals,1
yahoo,radiology,1
yahoo,radiookapi,1
yahoo,radios,1
yahoo,rae,1
yahoo,rafael,1
yahoo,raging,1
yahoo,rags,1
yahoo,rai,1
yahoo,raiders,1
yahoo,railroad,1
yahoo,railway,1
yahoo,rainy,1
yahoo,rais,1
yahoo,rajasekhara,1
yahoo,rajendra,1
yahoo,raleigh,1
yahoo,rallies,1
yahoo,ramanathan,1
yahoo,ramble,1
yahoo,rambo,1
yahoo,ramey,1
yahoo,rammstein,1
yahoo,ramones,1
yahoo,ramz,1
yahoo,ranch,1
yahoo,ranches,1
yahoo,rand,1
yahoo,randd,1
yahoo,ranger,1
yahoo,rantings,1
yahoo,rappahanok,1
yahoo,raptured,1
yahoo,rar,1
yahoo,rarest,1
yahoo,rasheed,1
yahoo,ratibirds,1
yahoo,ratnasiri,1
yahoo,rattlesnake,1
yahoo,rattlesnakes,1
yahoo,rav,1
yahoo,rayleigh,1
yahoo,raymond,1
yahoo,raz,1
yahoo,razor,1
yahoo,razr,1
yahoo,rb1,1
yahoo,rb2,1
yahoo,rbs,1
yahoo,rce,1
yahoo,rclawnmower,1
yahoo,rcos,1
yahoo,rd,1
yahoo,rdevices,1
yahoo,rds,1
yahoo,reactants,1
yahoo,reactor,1
yahoo,readily,1
yahoo,reagent,1
yahoo,reagon,1
yahoo,realises,1
yahoo,realistically,1
yahoo,realities,1
yahoo,realization,1
yahoo,realizing,1
yahoo,reallllly,1
yahoo,realllly,1
yahoo,reallly,1
yahoo,realms,1
yahoo,realsolutions,1
yahoo,realted,1
yahoo,realtors,1
yahoo,rearrange,1
yahoo,reasonible,1
yahoo,reasoning,1
yahoo,reassuring,1
yahoo,reasure,1
yahoo,rebates,1
yahoo,rebel,1
yahoo,reborn,1
yahoo,rebuilding,1
yahoo,rebuke,1
yahoo,rec,1
yahoo,recapture,1
yahoo,receipients,1
yahoo,receiver,1
yahoo,receivers,1
yahoo,recentely,1
yahoo,receptive,1
yahoo,reciepts,1
yahoo,recieve,1
yahoo,recipe,1
yahoo,recipient,1
yahoo,recirocal,1
yahoo,recite,1
yahoo,recives,1
yahoo,reckoned,1
yahoo,recode,1
yahoo,recognizable,1
yahoo,recoil,1
yahoo,recomened,1
yahoo,recommendations,1
yahoo,recon,1
yahoo,reconquista,1
yahoo,reconsider,1
yahoo,recordable,1
yahoo,recorders,1
yahoo,recoup,1
yahoo,recouped,1
yahoo,recources,1
yahoo,recourse,1
yahoo,recoverable,1
yahoo,recovered,1
yahoo,recovering,1
yahoo,recoverymedia,1
yahoo,recreational,1
yahoo,recruitment,1
yahoo,rectum,1
yahoo,recursive,1
yahoo,recursively,1
yahoo,recycle,1
yahoo,recycling,1
yahoo,redcross,1
yahoo,reddy,1
yahoo,redeploy,1
yahoo,redhat,1
yahoo,redheads,1
yahoo,redick,1
yahoo,redirected,1
yahoo,redox,1
yahoo,redskins,1
yahoo,reducers,1
yahoo,redundancy,1
yahoo,reel,1
yahoo,reels,1
yahoo,refdesk,1
yahoo,refeeres,1
yahoo,refelcting,1
yahoo,referid,1
yahoo,refernce,1
yahoo,refgridgerated,1
yahoo,refinance,1
yahoo,refinancing,1
yahoo,refined,1
yahoo,reflective,1
yahoo,reflects,1
yahoo,reflex,1
yahoo,reformat,1
yahoo,reforms,1
yahoo,refraction,1
yahoo,refractive,1
yahoo,refree,1
yahoo,refurbish,1
yahoo,regardes,1
yahoo,regents,1
yahoo,regestered,1
yahoo,regi,1
yahoo,regimental,1
yahoo,reginald,1
yahoo,regions,1
yahoo,regis,1
yahoo,registering,1
yahoo,reglated,1
yahoo,regreted,1
yahoo,regroup,1
yahoo,regrouped,1
yahoo,regulare,1
yahoo,regulators,1
yahoo,regurgitate,1
yahoo,regurgitating,1
yahoo,regurlaly,1
yahoo,rehabilitated,1
yahoo,rehash,1
yahoo,rehearsal,1
yahoo,rehearse,1
yahoo,reher,1
yahoo,rehire,1
yahoo,rein,1
yahoo,reindeer,1
yahoo,reinforce,1
yahoo,reinforcing,1
yahoo,reinstated,1
yahoo,rejected,1
yahoo,rejection,1
yahoo,rejects,1
yahoo,reknowned,1
yahoo,relation,1
yahoo,relations,1
yahoo,relaxers,1
yahoo,relay,1
yahoo,relentlessly,1
yahoo,relevancy,1
yahoo,relevent,1
yahoo,relic,1
yahoo,relieved,1
yahoo,relievers,1
yahoo,religon,1
yahoo,relitively,1
yahoo,relly,1
yahoo,reluctant,1
yahoo,remained,1
yahoo,remaining,1
yahoo,remamber,1
yahoo,remandered,1
yahoo,remarkable,1
yahoo,remediation,1
yahoo,remedies,1
yahoo,remembers,1
yahoo,remembrance,1
yahoo,rememer,1
yahoo,remineralize,1
yahoo,remineralized,1
yahoo,remittances,1
yahoo,remmember,1
yahoo,remnants,1
yahoo,remodel,1
yahoo,remodeling,1
yahoo,remorse,1
yahoo,remorseful,1
yahoo,removable,1
yahoo,remover,1
yahoo,rempla,1
yahoo,renacer,1
yahoo,renaissance,1
yahoo,renamed,1
yahoo,renders,1
yahoo,rendez,1
yahoo,renee,1
yahoo,renegotiate,1
yahoo,renovating,1
yahoo,rented,1
yahoo,repaid,1
yahoo,repay,1
yahoo,repayment,1
yahoo,repeditive,1
yahoo,repel,1
yahoo,repent,1
yahoo,repetitionos,1
yahoo,rephrase,1
yahoo,replaces,1
yahoo,replays,1
yahoo,repond,1
yahoo,reporter,1
yahoo,repository,1
yahoo,repossessed,1
yahoo,repoted,1
yahoo,representaed,1
yahoo,represented,1
yahoo,reprinted,1
yahoo,republics,1
yahoo,reqirements,1
yahoo,requests,1
yahoo,requiring,1
yahoo,reruns,1
yahoo,rescend,1
yahoo,rescinding,1
yahoo,rescuing,1
yahoo,reseacher,1
yahoo,researcher,1
yahoo,resembles,1
yahoo,resent,1
yahoo,reserect,1
yahoo,reserved,1
yahoo,reserves,1
yahoo,reservists,1
yahoo,resetting,1
yahoo,resettled,1
yahoo,residental,1
yahoo,resides,1
yahoo,resiliance,1
yahoo,resnum,1
yahoo,resolutions,1
yahoo,resorts,1
yahoo,resoundingly,1
yahoo,resourceid,1
yahoo,respa,1
yahoo,respecting,1
yahoo,respectively,1
yahoo,respirates,1
yahoo,responce,1
yahoo,respondants,1
yahoo,responds,1
yahoo,respones,1
yahoo,resposible,1
yahoo,respritory,1
yahoo,respublik,1
yahoo,respuesta,1
yahoo,restarting,1
yahoo,restate,1
yahoo,reste,1
yahoo,resterant,1
yahoo,restitution,1
yahoo,restorative,1
yahoo,restriced,1
yahoo,resurrecting,1
yahoo,resurrection,1
yahoo,resuscitation,1
yahoo,retailer,1
yahoo,retailers,1
yahoo,retentive,1
yahoo,retinal,1
yahoo,retire,1
yahoo,retires,1
yahoo,retiring,1
yahoo,retort,1
yahoo,retouching,1
yahoo,retrive,1
yahoo,retrofitted,1
yahoo,retry,1
yahoo,retton,1
yahoo,reuben,1
yahoo,reuinite,1
yahoo,reuptake,1
yahoo,reuse,1
yahoo,revealed,1
yahoo,revealing,1
yahoo,reveals,1
yahoo,revelation,1
yahoo,revenge,1
yahoo,revert,1
yahoo,reviewed,1
yahoo,reviewer,1
yahoo,reviewers,1
yahoo,revise,1
yahoo,revising,1
yahoo,revitalize,1
yahoo,revocation,1
yahoo,revoloutin,1
yahoo,revolutionary,1
yahoo,revolutionizing,1
yahoo,revolvoing,1
yahoo,rewarded,1
yahoo,rewarding,1
yahoo,rewonder,1
yahoo,rework,1
yahoo,rewritten,1
yahoo,reymysteriojr,1
yahoo,rf,1
yahoo,rfirst,1
yahoo,rgibson,1
yahoo,rhodesof,1
yahoo,rhymed,1
yahoo,rialto,1
yahoo,ribavirin,1
yahoo,ribbon,1
yahoo,ribs,1
yahoo,ric,1
yahoo,rican,1
yahoo,richer,1
yahoo,richie,1
yahoo,richlandclicks,1
yahoo,richly,1
yahoo,richman,1
yahoo,ricky,1
yahoo,rickykaka,1
yahoo,ridden,1
yahoo,riders,1
yahoo,rift,1
yahoo,righteousness,1
yahoo,rightsofthechild,1
yahoo,rigor,1
yahoo,rihanna,1
yahoo,riley,1
yahoo,rince,1
yahoo,rioting,1
yahoo,ripid,1
yahoo,ripoff185562,1
yahoo,ripping,1
yahoo,risc,1
yahoo,rising,1
yahoo,risking,1
yahoo,risks,1
yahoo,rite,1
yahoo,rituals,1
yahoo,rive,1
yahoo,rls,1
yahoo,rm,1
yahoo,rma,1
yahoo,rmtomp3,1
yahoo,rmvb,1
yahoo,rnapol,1
yahoo,rnas,1
yahoo,roach,1
yahoo,roarers,1
yahoo,robbery,1
yahoo,robbie,1
yahoo,robbins,1
yahoo,robin,1
yahoo,roch,1
yahoo,rocked,1
yahoo,rockey,1
yahoo,rockwell,1
yahoo,rockwilder,1
yahoo,roddick,1
yahoo,rodeo,1
yahoo,rodman,1
yahoo,rofl,1
yahoo,rogers,1
yahoo,rogi,1
yahoo,rohan,1
yahoo,roilly,1
yahoo,rolen,1
yahoo,roles,1
yahoo,rolled,1
yahoo,rollerblading,1
yahoo,rolls,1
yahoo,roma,1
yahoo,romance,1
yahoo,romania,1
yahoo,romi,1
yahoo,romnation,1
yahoo,romo,1
yahoo,ron,1
yahoo,ronald,1
yahoo,ronaldinhos,1
yahoo,ronaldniho,1
yahoo,ronaldo,1
yahoo,ronstadt,1
yahoo,rookies,1
yahoo,roommate,1
yahoo,roosters,1
yahoo,rosacea,1
yahoo,rosapreciosa,1
yahoo,rosario,1
yahoo,rosas,1
yahoo,rosetta,1
yahoo,roshan,1
yahoo,roswell,1
yahoo,roswellproof,1
yahoo,rot,1
yahoo,rotating,1
yahoo,rotc,1
yahoo,rothelig,1
yahoo,rotifer,1
yahoo,rotted,1
yahoo,rougher,1
yahoo,roulette,1
yahoo,rounds,1
yahoo,routes,1
yahoo,routinely,1
yahoo,rove,1
yahoo,rowe,1
yahoo,rowntree,1
yahoo,roy,1
yahoo,roygbiv,1
yahoo,rpp,1
yahoo,rpsec,1
yahoo,rq,1
yahoo,rquestion,1
yahoo,rriiiight,1
yahoo,rrj,1
yahoo,rrrrrrrrrrrrrrrrrrrrrrrrrrrrrrrrrrrrrrrrrrrr,1
yahoo,rsv,1
yahoo,rtba,1
yahoo,rubbed,1
yahoo,rube,1
yahoo,rudolph,1
yahoo,rue,1
yahoo,ruling,1
yahoo,ruminate,1
yahoo,rumoir,1
yahoo,rumored,1
yahoo,rumout,1
yahoo,runnig,1
yahoo,runnin,1
yahoo,runningover,1
yahoo,runonce,1
yahoo,rupture,1
yahoo,russel,1
yahoo,rust,1
yahoo,rut,1
yahoo,ruth,1
yahoo,rwandan,1
yahoo,rwandi,1
yahoo,s2,1
yahoo,saari,1
yahoo,sack,1
yahoo,sacral,1
yahoo,sacraments,1
yahoo,sacred,1
yahoo,sacrifice,1
yahoo,sacrificed,1
yahoo,sacrificing,1
yahoo,saddle,1
yahoo,saddles,1
yahoo,safeguard,1
yahoo,sag,1
yahoo,sail,1
yahoo,sailed,1
yahoo,sailor,1
yahoo,sails,1
yahoo,saing,1
yahoo,sakes,1
yahoo,saks,1
yahoo,salamaleikum,1
yahoo,salamander,1
yahoo,salamat,1
yahoo,saldivar,1
yahoo,saler,1
yahoo,salesperson,1
yahoo,salicylic,1
yahoo,saline,1
yahoo,salinger,1
yahoo,salmonella,1
yahoo,salome,1
yahoo,salute,1
yahoo,salvador,1
yahoo,salvadoran,1
yahoo,sambora,1
yahoo,sameday,1
yahoo,samkon,1
yahoo,sanchez,1
yahoo,sandals,1
yahoo,sanders,1
yahoo,sanding,1
yahoo,sandler,1
yahoo,sandwich,1
yahoo,sanford,1
yahoo,sans,1
yahoo,santateresagolf,1
yahoo,santiago,1
yahoo,santos,1
yahoo,sanwitches,1
yahoo,sar,1
yahoo,sasquatch,1
yahoo,satanism,1
yahoo,sate,1
yahoo,satelites,1
yahoo,satfascistorigins,1
yahoo,satfootball,1
yahoo,saturdays,1
yahoo,saudi,1
yahoo,sault,1
yahoo,sauna,1
yahoo,saunalahti,1
yahoo,sauniree,1
yahoo,savagery,1
yahoo,savastore,1
yahoo,savy,1
yahoo,sawed,1
yahoo,saxon,1
yahoo,sayed,1
yahoo,sayid,1
yahoo,sbc,1
yahoo,sbi,1
yahoo,sbsc,1
yahoo,sc,1
yahoo,sca,1
yahoo,scabies,1
yahoo,scammers,1
yahoo,scammmmmm,1
yahoo,scams,1
yahoo,scandaleux,1
yahoo,scandisk,1
yahoo,scanners,1
yahoo,scanning,1
yahoo,scans,1
yahoo,scape,1
yahoo,scariest,1
yahoo,scaring,1
yahoo,scarlet,1
yahoo,scarred,1
yahoo,scat,1
yahoo,scatch,1
yahoo,scattered,1
yahoo,scenarios,1
yahoo,scenery,1
yahoo,scenes,1
yahoo,scent,1
yahoo,sceptical,1
yahoo,scheduling,1
yahoo,schema,1
yahoo,schematics,1
yahoo,schizo,1
yahoo,schizophrenia,1
yahoo,schlock,1
yahoo,schmeichel,1
yahoo,schmoo,1
yahoo,schnark,1
yahoo,schoen,1
yahoo,scholastics,1
yahoo,schooled,1
yahoo,schoolingkids,1
yahoo,schumacher,1
yahoo,scicover,1
yahoo,science1,1
yahoo,sciencechangewaterfreezingpointwithsalt46,1
yahoo,scienceproject,1
yahoo,scienceresearch,1
yahoo,sciencespot,1
yahoo,scientifically,1
yahoo,scientology,1
yahoo,scinece,1
yahoo,scirus,1
yahoo,scissor,1
yahoo,scooby,1
yahoo,scoop,1
yahoo,scorching,1
yahoo,scorers,1
yahoo,scorpions,1
yahoo,scorpios,1
yahoo,scotia,1
yahoo,scouting,1
yahoo,scouts,1
yahoo,scr,1
yahoo,scrabble,1
yahoo,scrambled,1
yahoo,scrambles,1
yahoo,scrape,1
yahoo,scrawled,1
yahoo,screams,1
yahoo,screeching,1
yahoo,screename,1
yahoo,screencapture,1
yahoo,screened,1
yahoo,screeningtest,1
yahoo,screennnnnnnn,1
yahoo,screenplay,1
yahoo,screwdriver,1
yahoo,screws,1
yahoo,scrimmage,1
yahoo,scripted,1
yahoo,scriptures,1
yahoo,scrn,1
yahoo,scrollbars,1
yahoo,scrotum,1
yahoo,scum,1
yahoo,scwat,1
yahoo,sdsu,1
yahoo,sdvjbhvjffhvbhfhbj,1
yahoo,seach,1
yahoo,seaching,1
yahoo,seaport,1
yahoo,searc,1
yahoo,searchs,1
yahoo,searing,1
yahoo,sears,1
yahoo,seasonale,1
yahoo,seatbelt,1
yahoo,seating,1
yahoo,seato,1
yahoo,seaweed,1
yahoo,sebastianbach,1
yahoo,sec,1
yahoo,secont,1
yahoo,secrete,1
yahoo,secretive,1
yahoo,securities,1
yahoo,sedative,1
yahoo,sedna,1
yahoo,seduced,1
yahoo,seedless,1
yahoo,seeked,1
yahoo,sehwag,1
yahoo,seismograph,1
yahoo,seizures,1
yahoo,selchies,1
yahoo,seldom,1
yahoo,selecton,1
yahoo,selectors,1
yahoo,selfishness,1
yahoo,selfless,1
yahoo,selfmedicating,1
yahoo,selkies,1
yahoo,sellapan,1
yahoo,sellouts,1
yahoo,selves,1
yahoo,semel,1
yahoo,seminar2003,1
yahoo,seminors,1
yahoo,semis,1
yahoo,sen,1
yahoo,sence,1
yahoo,senile,1
yahoo,senin,1
yahoo,sens,1
yahoo,sensations,1
yahoo,senses,1
yahoo,sensibilities,1
yahoo,sensibly,1
yahoo,sensor,1
yahoo,sensors,1
yahoo,sentenced,1
yahoo,sentient,1
yahoo,sentinal,1
yahoo,sents,1
yahoo,seoul,1
yahoo,separately,1
yahoo,separating,1
yahoo,seperately,1
yahoo,sepp,1
yahoo,sera,1
yahoo,serbs,1
yahoo,serene,1
yahoo,serf,1
yahoo,serfs,1
yahoo,serial,1
yahoo,serises,1
yahoo,seriving,1
yahoo,serology,1
yahoo,serum,1
yahoo,servant,1
yahoo,servicing,1
yahoo,servile,1
yahoo,servlets,1
yahoo,servos,1
yahoo,ses,1
yahoo,settles,1
yahoo,setzer,1
yahoo,seventeenth,1
yahoo,sever,1
yahoo,severity,1
yahoo,sexier,1
yahoo,sexualy,1
yahoo,sexwoman,1
yahoo,seyfert,1
yahoo,sfor,1
yahoo,sfw,1
yahoo,sg,1
yahoo,sgns,1
yahoo,shack,1
yahoo,shadows,1
yahoo,shady,1
yahoo,shahid,1
yahoo,shakespear,1
yahoo,shakespere,1
yahoo,shakhs,1
yahoo,shaking,1
yahoo,sham,1
yahoo,shampoo,1
yahoo,shanghai,1
yahoo,shangri,1
yahoo,shanice,1
yahoo,shaoran,1
yahoo,shapable,1
yahoo,shaquille,1
yahoo,shareholders,1
yahoo,sharon,1
yahoo,sharpe,1
yahoo,shaty,1
yahoo,shaven,1
yahoo,shead,1
yahoo,shed,1
yahoo,sheds,1
yahoo,sheeps,1
yahoo,sheffield,1
yahoo,shekhar,1
yahoo,shelah,1
yahoo,shellfish,1
yahoo,shelll,1
yahoo,shelly,1
yahoo,sheltered,1
yahoo,shelton,1
yahoo,shenanigans,1
yahoo,sheol,1
yahoo,shepard,1
yahoo,shepherd,1
yahoo,sheriffs,1
yahoo,shhh,1
yahoo,shifting,1
yahoo,shih,1
yahoo,shiloh,1
yahoo,shimano,1
yahoo,shineequa,1
yahoo,shining,1
yahoo,shins,1
yahoo,shipped,1
yahoo,shipwreck,1
yahoo,shirsh,1
yahoo,shitt,1
yahoo,shiver,1
yahoo,shld,1
yahoo,shlld,1
yahoo,sho,1
yahoo,shoddy,1
yahoo,shooping,1
yahoo,shooters,1
yahoo,shore,1
yahoo,shoring,1
yahoo,shortage,1
yahoo,shorten,1
yahoo,shorturl,1
yahoo,shoud,1
yahoo,shouting,1
yahoo,showbusiness,1
yahoo,showered,1
yahoo,showers,1
yahoo,showmessage,1
yahoo,showtime,1
yahoo,shredaholic,1
yahoo,shrimp,1
yahoo,shrine,1
yahoo,shrinkage,1
yahoo,shrove,1
yahoo,shrub,1
yahoo,shudders,1
yahoo,shuma,1
yahoo,shutter,1
yahoo,shuttered,1
yahoo,shyness,1
yahoo,siberian,1
yahoo,sicken,1
yahoo,sickguitar,1
yahoo,sickle,1
yahoo,sickling,1
yahoo,sickminded,1
yahoo,sid,1
yahoo,side1,1
yahoo,side2,1
yahoo,side3,1
yahoo,sided,1
yahoo,sideline,1
yahoo,sidewalk,1
yahoo,sideways,1
yahoo,sig,1
yahoo,sighs,1
yahoo,sigma,1
yahoo,significantly,1
yahoo,signifies,1
yahoo,silberschatz,1
yahoo,silburn,1
yahoo,silencing,1
yahoo,silently,1
yahoo,silhouette,1
yahoo,silicone,1
yahoo,silkies,1
yahoo,simialr,1
yahoo,simon,1
yahoo,simonyi,1
yahoo,simpathy,1
yahoo,simpleton,1
yahoo,simplistic,1
yahoo,sims,1
yahoo,simtel,1
yahoo,simulated,1
yahoo,simulation,1
yahoo,sin2t,1
yahoo,sin4,1
yahoo,sine,1
yahoo,sinfulness,1
yahoo,sinica,1
yahoo,sink,1
yahoo,sinning,1
yahoo,sino,1
yahoo,sinusoidal,1
yahoo,sion,1
yahoo,sioux,1
yahoo,siouxsie,1
yahoo,sirius,1
yahoo,sisco,1
yahoo,sisterf,1
yahoo,siting,1
yahoo,sitiuation,1
yahoo,situtation,1
yahoo,sixpack,1
yahoo,sixties,1
yahoo,sizzle,1
yahoo,sk8boarding,1
yahoo,ska,1
yahoo,skanks,1
yahoo,skateboarders,1
yahoo,skateing,1
yahoo,skaters,1
yahoo,skating,1
yahoo,skeletal,1
yahoo,sketch,1
yahoo,skid,1
yahoo,skidrow,1
yahoo,skiis,1
yahoo,skillet,1
yahoo,skinatlas,1
yahoo,skinheads,1
yahoo,skins,1
yahoo,skipease,1
yahoo,skirts,1
yahoo,skyrocketed,1
yahoo,skyway,1
yahoo,slackware,1
yahoo,slanted,1
yahoo,slap,1
yahoo,slass,1
yahoo,slated,1
yahoo,slavic,1
yahoo,slavish,1
yahoo,sld003,1
yahoo,sle,1
yahoo,sleagues,1
yahoo,sled,1
yahoo,sledge,1
yahoo,sleeper,1
yahoo,sleepless,1
yahoo,sleeps,1
yahoo,sleeve,1
yahoo,sleezier,1
yahoo,slice,1
yahoo,slickers,1
yahoo,slideshow,1
yahoo,slideshows,1
yahoo,slightest,1
yahoo,slime,1
yahoo,slimming,1
yahoo,slimy,1
yahoo,slipped,1
yahoo,slippery,1
yahoo,slipping,1
yahoo,sllep,1
yahoo,sloan,1
yahoo,sloped,1
yahoo,sloping,1
yahoo,slovakia,1
yahoo,slovenian,1
yahoo,slumps,1
yahoo,slur,1
yahoo,slurs,1
yahoo,sluts,1
yahoo,slutty,1
yahoo,slv4,1
yahoo,smacked,1
yahoo,smal,1
yahoo,smallbusiness,1
yahoo,smallwonder,1
yahoo,smartdots,1
yahoo,smartest,1
yahoo,smartpages,1
yahoo,smarts,1
yahoo,smash,1
yahoo,smbs,1
yahoo,smear,1
yahoo,smeared,1
yahoo,smells,1
yahoo,smiley,1
yahoo,smileys,1
yahoo,smilies,1
yahoo,smiling,1
yahoo,smoked,1
yahoo,smoker,1
yahoo,smoothly,1
yahoo,smtimes,1
yahoo,smurf,1
yahoo,snaadvark,1
yahoo,snacked,1
yahoo,snap,1
yahoo,snarky,1
yahoo,snippy,1
yahoo,snipurl,1
yahoo,snitsky,1
yahoo,snobbery,1
yahoo,snobbish,1
yahoo,snorkling,1
yahoo,snotty,1
yahoo,snowman,1
yahoo,snowstorms,1
yahoo,snub,1
yahoo,so2,1
yahoo,so4,1
yahoo,soaked,1
yahoo,soaking,1
yahoo,soars,1
yahoo,socan,1
yahoo,socccer,1
yahoo,soccor,1
yahoo,socialize,1
yahoo,socializing,1
yahoo,sociedad,1
yahoo,societies,1
yahoo,sociology,1
yahoo,socket,1
yahoo,socks,1
yahoo,soco,1
yahoo,sofas,1
yahoo,soften,1
yahoo,softens,1
yahoo,softer,1
yahoo,softest,1
yahoo,softwear,1
yahoo,softwood,1
yahoo,sofware,1
yahoo,soga,1
yahoo,sogay,1
yahoo,soif,1
yahoo,soir,1
yahoo,soirs,1
yahoo,solarviews,1
yahoo,solemn,1
yahoo,solicitaion,1
yahoo,solomon,1
yahoo,solomonstreasurechest,1
yahoo,soluble,1
yahoo,solvable,1
yahoo,solves,1
yahoo,som,1
yahoo,somany,1
yahoo,sombody,1
yahoo,someothers,1
yahoo,someplace,1
yahoo,someways,1
yahoo,somone,1
yahoo,somos,1
yahoo,somplicated,1
yahoo,somthing,1
yahoo,somtimes,1
yahoo,sonic,1
yahoo,sonicare,1
yahoo,sonnys,1
yahoo,sooooooo,1
yahoo,soooooooo,1
yahoo,sophisticated,1
yahoo,sor,1
yahoo,sorcers,1
yahoo,sorghum,1
yahoo,sorta,1
yahoo,sorte,1
yahoo,sorted,1
yahoo,sorting,1
yahoo,sotsialistichetskikh,1
yahoo,sought,1
yahoo,sould,1
yahoo,souldent,1
yahoo,souls,1
yahoo,soundclash,1
yahoo,sounded,1
yahoo,sounding,1
yahoo,soursec,1
yahoo,southend,1
yahoo,southernplayalisticadillacmuzik,1
yahoo,sovereignty,1
yahoo,sovyetskikh,1
yahoo,sow,1
yahoo,soy,1
yahoo,soybean,1
yahoo,soyouwanna,1
yahoo,soyuz,1
yahoo,sp05000,1
yahoo,sp2,1
yahoo,sp3,1
yahoo,spa,1
yahoo,spaceballs,1
yahoo,spaced,1
yahoo,spacek,1
yahoo,spads,1
yahoo,spama,1
yahoo,spamming,1
yahoo,span,1
yahoo,spandau,1
yahoo,spanglish,1
yahoo,spaniards,1
yahoo,spanishunlimited,1
yahoo,sparring,1
yahoo,spasms,1
yahoo,spatial,1
yahoo,spead,1
yahoo,specialisation,1
yahoo,specialise,1
yahoo,specialty,1
yahoo,specie,1
yahoo,speciessummary,1
yahoo,specifc,1
yahoo,specifying,1
yahoo,spectators,1
yahoo,spectrograph,1
yahoo,spectrometer,1
yahoo,specular,1
yahoo,speculative,1
yahoo,speedy,1
yahoo,spellings,1
yahoo,spells,1
yahoo,sperber,1
yahoo,spermatozoa,1
yahoo,spermicide,1
yahoo,sph,1
yahoo,spheroid,1
yahoo,sphingosine,1
yahoo,spices,1
yahoo,spies,1
yahoo,spilled,1
yahoo,spilling,1
yahoo,spindle,1
yahoo,spittan,1
yahoo,spitting,1
yahoo,splashes,1
yahoo,splinter,1
yahoo,splits,1
yahoo,spoil,1
yahoo,spoilt,1
yahoo,spoken,1
yahoo,spokesman,1
yahoo,spongebob,1
yahoo,sponteneous,1
yahoo,spoofing,1
yahoo,spookily,1
yahoo,spooled,1
yahoo,sportsnet,1
yahoo,spotlight,1
yahoo,spotting,1
yahoo,spousal,1
yahoo,spout,1
yahoo,spp,1
yahoo,spraed,1
yahoo,sprains,1
yahoo,spreading,1
yahoo,spreadsheets,1
yahoo,spreding,1
yahoo,spree,1
yahoo,springfield,1
yahoo,springs,1
yahoo,sprinkle,1
yahoo,sprinkling,1
yahoo,sprinting,1
yahoo,sprites,1
yahoo,sprouted,1
yahoo,sprue,1
yahoo,spurred,1
yahoo,spurt,1
yahoo,spyder,1
yahoo,spyuware,1
yahoo,sql,1
yahoo,squares,1
yahoo,squeezing,1
yahoo,squirrely,1
yahoo,sree,1
yahoo,srsapp,1
yahoo,srtingee,1
yahoo,sselff,1
yahoo,ssf,1
yahoo,sshole,1
yahoo,ssi,1
yahoo,ssies,1
yahoo,ssrs,1
yahoo,sssshhhhhh,1
yahoo,stabilize,1
yahoo,stables,1
yahoo,stacked,1
yahoo,stacy,1
yahoo,staffer,1
yahoo,stafford,1
yahoo,stagehand,1
yahoo,stagnant,1
yahoo,stagnation,1
yahoo,stagnent,1
yahoo,staind,1
yahoo,stained,1
yahoo,stakes,1
yahoo,staking,1
yahoo,stalk,1
yahoo,stalker,1
yahoo,stall,1
yahoo,stallings,1
yahoo,standrd,1
yahoo,staph,1
yahoo,staphylococcus,1
yahoo,staright,1
yahoo,starlightastrology,1
yahoo,starnge,1
yahoo,starr,1
yahoo,starred,1
yahoo,startups,1
yahoo,starwars,1
yahoo,staticmenu,1
yahoo,statin,1
yahoo,stdio,1
yahoo,ste,1
yahoo,steadfast,1
yahoo,steals,1
yahoo,stearic,1
yahoo,steatorrhoea,1
yahoo,stedily,1
yahoo,steels,1
yahoo,steep,1
yahoo,steer,1
yahoo,steers,1
yahoo,steh,1
yahoo,stellbu,1
yahoo,stellent,1
yahoo,stenosis,1
yahoo,stepid,1
yahoo,stepped,1
yahoo,steppenwolf,1
yahoo,stepper,1
yahoo,steralize,1
yahoo,sterile,1
yahoo,sterilizable,1
yahoo,sterilizers,1
yahoo,sterilizing,1
yahoo,sterring,1
yahoo,stevie,1
yahoo,stew,1
yahoo,stewie,1
yahoo,sti,1
yahoo,sticker,1
yahoo,stiffed,1
yahoo,stigma,1
yahoo,stiller,1
yahoo,stilts,1
yahoo,stimulant,1
yahoo,stimulants,1
yahoo,stimulated,1
yahoo,stipulation,1
yahoo,stirrer,1
yahoo,stitch,1
yahoo,stlbikefed,1
yahoo,stochastic,1
yahoo,stockbroker,1
yahoo,stocking,1
yahoo,stoker,1
yahoo,stolen,1
yahoo,stonehenge,1
yahoo,stool,1
yahoo,stoping,1
yahoo,storms,1
yahoo,storyonly,1
yahoo,stow,1
yahoo,stp,1
yahoo,straddle,1
yahoo,straddles,1
yahoo,stragals,1
yahoo,straightdope,1
yahoo,strained,1
yahoo,strains,1
yahoo,strangest,1
yahoo,stranglers,1
yahoo,strangulation,1
yahoo,strapless,1
yahoo,strasbourg,1
yahoo,strategizing,1
yahoo,strategory,1
yahoo,strategymenu,1
yahoo,strawberry,1
yahoo,streak,1
yahoo,streaking,1
yahoo,streetfootball1334,1
yahoo,stren,1
yahoo,strengt,1
yahoo,strengthens,1
yahoo,strenuous,1
yahoo,strepococus,1
yahoo,streptococcus,1
yahoo,stressful,1
yahoo,stressing,1
yahoo,stretched,1
yahoo,stretchmarks,1
yahoo,strike,1
yahoo,strikeouts,1
yahoo,striker,1
yahoo,striping,1
yahoo,strive,1
yahoo,strname,1
yahoo,struggles,1
yahoo,struts,1
yahoo,stuart,1
yahoo,stubhub,1
yahoo,stuctures,1
yahoo,studd,1
yahoo,studentresources,1
yahoo,studentspage,1
yahoo,studing,1
yahoo,studios,1
yahoo,studs,1
yahoo,studylight,1
yahoo,stuffiness,1
yahoo,stuffs,1
yahoo,stumps,1
yahoo,stunk,1
yahoo,stunted,1
yahoo,stunting,1
yahoo,stupidcensorship,1
yahoo,stupidest,1
yahoo,sturdiest,1
yahoo,sty,1
yahoo,styled,1
yahoo,stylish,1
yahoo,subconscious,1
yahoo,subconsciousness,1
yahoo,subcultural,1
yahoo,subducted,1
yahoo,subdue,1
yahoo,subdural,1
yahoo,suberbia,1
yahoo,subjective,1
yahoo,subjunctive,1
yahoo,sublime,1
yahoo,submerged,1
yahoo,submersible,1
yahoo,submitted,1
yahoo,subs,1
yahoo,subscribed,1
yahoo,subscriber,1
yahoo,subscription,1
yahoo,subscriptions,1
yahoo,subside,1
yahoo,substantially,1
yahoo,substitution,1
yahoo,subtly,1
yahoo,suburb,1
yahoo,subversive,1
yahoo,succeeded,1
yahoo,succesful,1
yahoo,succesfully,1
yahoo,succession,1
yahoo,succumb,1
yahoo,suceptible,1
yahoo,sucessfully,1
yahoo,sucides,1
yahoo,suckiness,1
yahoo,suction,1
yahoo,sudan,1
yahoo,sudoku,1
yahoo,suff,1
yahoo,suffered,1
yahoo,sugary,1
yahoo,suject,1
yahoo,sulfide,1
yahoo,sulley,1
yahoo,sully,1
yahoo,summaries,1
yahoo,summers,1
yahoo,summertime,1
yahoo,sums,1
yahoo,sunburns,1
yahoo,sundance,1
yahoo,sunni,1
yahoo,suntrust,1
yahoo,superbrain,1
yahoo,supercar,1
yahoo,supercedes,1
yahoo,supercomputer,1
yahoo,superconductors,1
yahoo,supercooled,1
yahoo,superegos,1
yahoo,supergirl,1
yahoo,superheated,1
yahoo,superimposed,1
yahoo,supernatural,1
yahoo,superpages,1
yahoo,superpowers,1
yahoo,supersonic,1
yahoo,supersticious,1
yahoo,supervisor,1
yahoo,supplemental,1
yahoo,suppliers,1
yahoo,suppliment,1
yahoo,suppliments,1
yahoo,suppress,1
yahoo,suppy,1
yahoo,supremacy,1
yahoo,suprise,1
yahoo,suprised,1
yahoo,suprsied,1
yahoo,sur,1
yahoo,surendra,1
yahoo,surevysavvy,1
yahoo,surgical,1
yahoo,surgically,1
yahoo,surnames,1
yahoo,surplus,1
yahoo,surprises,1
yahoo,surrenders,1
yahoo,surrogacy,1
yahoo,surroundings,1
yahoo,surtout,1
yahoo,surveillance,1
yahoo,survival,1
yahoo,survivors,1
yahoo,surya,1
yahoo,susceptible,1
yahoo,sushi,1
yahoo,suspected,1
yahoo,suspects,1
yahoo,suspenders,1
yahoo,suspense,1
yahoo,sustain,1
yahoo,sutherland,1
yahoo,suthern,1
yahoo,sutra,1
yahoo,suzuki,1
yahoo,svc,1
yahoo,svnum,1
yahoo,sw,1
yahoo,swamped,1
yahoo,swanky,1
yahoo,swastika,1
yahoo,swaters,1
yahoo,swaziland,1
yahoo,swedish,1
yahoo,sweeney,1
yahoo,sweep,1
yahoo,sweeping,1
yahoo,sweeteners,1
yahoo,sweeter,1
yahoo,sweetheart,1
yahoo,swelled,1
yahoo,swf,1
yahoo,swimmer,1
yahoo,swinging,1
yahoo,swirl,1
yahoo,swirls,1
yahoo,switchblades,1
yahoo,switchboard,1
yahoo,switched,1
yahoo,switching,1
yahoo,swmichigan,1
yahoo,swordfighting,1
yahoo,swore,1
yahoo,syllables,1
yahoo,symantec,1
yahoo,symone,1
yahoo,sympathy,1
yahoo,symphony,1
yahoo,symptomatic,1
yahoo,symtom,1
yahoo,sync,1
yahoo,synching,1
yahoo,synchronous,1
yahoo,synergy,1
yahoo,synopsis,1
yahoo,syracuse,1
yahoo,syria,1
yahoo,sys,1
yahoo,sysco,1
yahoo,systematic,1
yahoo,systemic,1
yahoo,systemsuite,1
yahoo,sytem,1
yahoo,t13cs2530nza,1
yahoo,t2,1
yahoo,t9,1
yahoo,tabacco,1
yahoo,tabbacco,1
yahoo,tablet,1
yahoo,tabloids,1
yahoo,tac,1
yahoo,tackles,1
yahoo,tackling,1
yahoo,tacky,1
yahoo,taco,1
yahoo,tacos,1
yahoo,tact,1
yahoo,tactic,1
yahoo,tactics,1
yahoo,tacticus,1
yahoo,taenia,1
yahoo,tafza,1
yahoo,tagline,1
yahoo,tags,1
yahoo,tagworld,1
yahoo,taibi,1
yahoo,tail,1
yahoo,tainted,1
yahoo,taiwan,1
yahoo,takeing,1
yahoo,taker,1
yahoo,takers,1
yahoo,tamed,1
yahoo,tamilnadu,1
yahoo,tampa,1
yahoo,tan2t,1
yahoo,tancredo,1
yahoo,tandem,1
yahoo,tanenbaum,1
yahoo,tang,1
yahoo,tang1,1
yahoo,tangent,1
yahoo,tanned,1
yahoo,tannhausser,1
yahoo,tannins,1
yahoo,tant,1
yahoo,tantalite,1
yahoo,tanvi,1
yahoo,taper,1
yahoo,tareekh,1
yahoo,tarot,1
yahoo,tarpon,1
yahoo,tarzan,1
yahoo,tas,1
yahoo,tasheena,1
yahoo,taskbar,1
yahoo,taskmanager,1
yahoo,tast,1
yahoo,tasted,1
yahoo,tatoos,1
yahoo,tattling,1
yahoo,tattoos,1
yahoo,tatum,1
yahoo,tatupu,1
yahoo,tauga,1
yahoo,tautology,1
yahoo,tawlks,1
yahoo,taxed,1
yahoo,taxi,1
yahoo,taxo,1
yahoo,taxonomic,1
yahoo,taxonomy,1
yahoo,tazz,1
yahoo,tb,1
yahoo,tbd,1
yahoo,tbe,1
yahoo,tches,1
yahoo,tcr,1
yahoo,tcu,1
yahoo,tds,1
yahoo,teache,1
yahoo,teammates,1
yahoo,teamwork,1
yahoo,tease,1
yahoo,teaspoonfuls,1
yahoo,teaspoonsful,1
yahoo,technicalities,1
yahoo,techniques,1
yahoo,techno,1
yahoo,technologies,1
yahoo,techsupport,1
yahoo,tecquils,1
yahoo,tedious,1
yahoo,tedy,1
yahoo,tee,1
yahoo,teenagaer,1
yahoo,teenagers,1
yahoo,tekst004,1
yahoo,tel,1
yahoo,telearn,1
yahoo,telegraph,1
yahoo,telemetry,1
yahoo,telephony,1
yahoo,teleporting,1
yahoo,telescoping,1
yahoo,televised,1
yahoo,telgu,1
yahoo,tellin,1
yahoo,tempconverterftoc,1
yahoo,temperament,1
yahoo,tempering,1
yahoo,temporal,1
yahoo,temptation,1
yahoo,temptations,1
yahoo,tempting,1
yahoo,tenancies,1
yahoo,tence,1
yahoo,tendancy,1
yahoo,tenderness,1
yahoo,tendulkar,1
yahoo,tennant,1
yahoo,tennesse,1
yahoo,tenper,1
yahoo,tensile,1
yahoo,tenure,1
yahoo,teofilo,1
yahoo,teradata,1
yahoo,terbinafine,1
yahoo,terme,1
yahoo,terminado,1
yahoo,terminals,1
yahoo,terminate,1
yahoo,termination,1
yahoo,termprfaq,1
yahoo,terraforming,1
yahoo,terrestial,1
yahoo,terrorize,1
yahoo,tester,1
yahoo,testicular,1
yahoo,testify,1
yahoo,testimonial,1
yahoo,testprime,1
yahoo,texan,1
yahoo,texans,1
yahoo,textile,1
yahoo,texts,1
yahoo,tey,1
yahoo,tft,1
yahoo,tghe,1
yahoo,thai,1
yahoo,thanking,1
yahoo,thankyouletters,1
yahoo,thatd,1
yahoo,theanswerbank,1
yahoo,theatres,1
yahoo,thebestfreetones,1
yahoo,thebody,1
yahoo,thecallonline,1
yahoo,thecharmedsons,1
yahoo,thecondition,1
yahoo,theese,1
yahoo,thefreedictionary,1
yahoo,thematic,1
yahoo,themselfs,1
yahoo,theo,1
yahoo,theocratic,1
yahoo,theresa,1
yahoo,thermostat,1
yahoo,thesis,1
yahoo,thestar,1
yahoo,theta,1
yahoo,thetaps,1
yahoo,thetruth,1
yahoo,thetvaddict,1
yahoo,theultimates,1
yahoo,theyll,1
yahoo,thingee,1
yahoo,thinkers,1
yahoo,thinkin,1
yahoo,thinkit,1
yahoo,thinkn,1
yahoo,thinner,1
yahoo,thirdth,1
yahoo,thismonth,1
yahoo,thistle,1
yahoo,thiz,1
yahoo,thjat,1
yahoo,thngs,1
yahoo,thompson,1
yahoo,thomsans,1
yahoo,thornton,1
yahoo,thot,1
yahoo,thoug,1
yahoo,thoughtfullness,1
yahoo,thoureau,1
yahoo,threatens,1
yahoo,threats,1
yahoo,threes,1
yahoo,threshold,1
yahoo,thrice,1
yahoo,thriller,1
yahoo,throgh,1
yahoo,thron,1
yahoo,throu,1
yahoo,throwers,1
yahoo,thsi,1
yahoo,thug,1
yahoo,thumbkin,1
yahoo,thump,1
yahoo,thunderstorm,1
yahoo,thurgood,1
yahoo,thursday,1
yahoo,thx,1
yahoo,thy,1
yahoo,thyroids,1
yahoo,ti,1
yahoo,ti460,1
yahoo,ticked,1
yahoo,ticketmaster,1
yahoo,tickled,1
yahoo,tics,1
yahoo,tides07,1
yahoo,tiens,1
yahoo,tier,1
yahoo,tiers,1
yahoo,ties,1
yahoo,tiffany,1
yahoo,tigers,1
yahoo,tiles,1
yahoo,tilted,1
yahoo,timber,1
yahoo,timberlake,1
yahoo,timberwolves,1
yahoo,timbo,1
yahoo,timelife,1
yahoo,timelords,1
yahoo,timers,1
yahoo,timeshare,1
yahoo,timid,1
yahoo,tinky,1
yahoo,tinnitus,1
yahoo,tinsley,1
yahoo,tinyurl,1
yahoo,tipping,1
yahoo,tippmann,1
yahoo,tipsters,1
yahoo,tiring,1
yahoo,titi,1
yahoo,titibulations,1
yahoo,title01,1
yahoo,tito,1
yahoo,tlk,1
yahoo,tmp,1
yahoo,tn,1
yahoo,to6,1
yahoo,toad,1
yahoo,toast,1
yahoo,toby,1
yahoo,todays,1
yahoo,toenail,1
yahoo,togetherness,1
yahoo,toggle,1
yahoo,toguri,1
yahoo,toi,1
yahoo,tokyo,1
yahoo,tolbert,1
yahoo,tolerated,1
yahoo,tolled,1
yahoo,tolls,1
yahoo,tollywood,1
yahoo,toma,1
yahoo,tomboys,1
yahoo,tomcat,1
yahoo,tonados,1
yahoo,tones,1
yahoo,tonethis,1
yahoo,tonex,1
yahoo,tonga,1
yahoo,toolshed,1
yahoo,toooo,1
yahoo,toothpaste,1
yahoo,toothpick,1
yahoo,top100gamesites,1
yahoo,topartists,1
yahoo,topbands,1
yahoo,topicid,1
yahoo,topicwindow,1
yahoo,topshareware,1
yahoo,torchlight,1
yahoo,toric,1
yahoo,torino,1
yahoo,torment,1
yahoo,torn,1
yahoo,torpark,1
yahoo,torr,1
yahoo,torrentportal,1
yahoo,torrentz,1
yahoo,torrs,1
yahoo,torturing,1
yahoo,tos,1
yahoo,toss,1
yahoo,tossing,1
yahoo,totale,1
yahoo,totaled,1
yahoo,totality,1
yahoo,tote,1
yahoo,toting,1
yahoo,toto,1
yahoo,tots,1
yahoo,touched,1
yahoo,touchy,1
yahoo,tougher,1
yahoo,toughguy,1
yahoo,touranaments,1
yahoo,tourists,1
yahoo,tournaments,1
yahoo,tout,1
yahoo,toute,1
yahoo,tov,1
yahoo,towers,1
yahoo,toxin,1
yahoo,tracheal,1
yahoo,tract,1
yahoo,tracy,1
yahoo,traded,1
yahoo,trademarking,1
yahoo,trademarks,1
yahoo,traders,1
yahoo,traditinal,1
yahoo,tragedies,1
yahoo,tragedy,1
yahoo,tragically,1
yahoo,trai,1
yahoo,trailer,1
yahoo,traineeship,1
yahoo,trains,1
yahoo,traitors,1
yahoo,tranfer,1
yahoo,tranmissible,1
yahoo,tranquil,1
yahoo,tranquility,1
yahoo,transcendentalism,1
yahoo,transcends,1
yahoo,transcriptioist,1
yahoo,transcripts,1
yahoo,transferagent,1
yahoo,transfered,1
yahoo,transferrable,1
yahoo,transformed,1
yahoo,transfusion,1
yahoo,transgression,1
yahoo,transistor,1
yahoo,transition,1
yahoo,transitioning,1
yahoo,translaters,1
yahoo,translating,1
yahoo,translations,1
yahoo,translator,1
yahoo,transliterated,1
yahoo,transmit,1
yahoo,transparent,1
yahoo,transplanted,1
yahoo,transports,1
yahoo,transpose,1
yahoo,transsexual,1
yahoo,transylvania,1
yahoo,trasmit,1
yahoo,trasmitted,1
yahoo,trasnparent,1
yahoo,traumatic,1
yahoo,travelocity,1
yahoo,traxion,1
yahoo,tre,1
yahoo,treas,1
yahoo,treason,1
yahoo,treaty,1
yahoo,tredmill,1
yahoo,treesize,1
yahoo,tremendously,1
yahoo,tremors,1
yahoo,tren,1
yahoo,trends,1
yahoo,trendy,1
yahoo,trental,1
yahoo,trepassing,1
yahoo,trespassers,1
yahoo,triage,1
yahoo,triangles,1
yahoo,tribal,1
yahoo,tribunal,1
yahoo,tribuneindia,1
yahoo,tribute,1
yahoo,triceps,1
yahoo,tricked,1
yahoo,tricor,1
yahoo,trifluoride,1
yahoo,triggere,1
yahoo,triggereing,1
yahoo,triglycerides,1
yahoo,trigonometric,1
yahoo,trillian,1
yahoo,trillion,1
yahoo,trilobites,1
yahoo,trilogy,1
yahoo,trimming,1
yahoo,trinitarians,1
yahoo,trinity,1
yahoo,tripe,1
yahoo,triplets,1
yahoo,tripper,1
yahoo,tripping,1
yahoo,trish,1
yahoo,tristan,1
yahoo,trisulfide,1
yahoo,triumph,1
yahoo,trivial,1
yahoo,troble,1
yahoo,troder,1
yahoo,trojans,1
yahoo,trolley,1
yahoo,trolls,1
yahoo,trom,1
yahoo,trombosis,1
yahoo,trombous,1
yahoo,trompie,1
yahoo,tron,1
yahoo,tronic,1
yahoo,trophies,1
yahoo,tropics,1
yahoo,trotskyites,1
yahoo,troubled,1
yahoo,troubles,1
yahoo,troubleshootie,1
yahoo,troubleshooting,1
yahoo,trouver,1
yahoo,trow,1
yahoo,troy,1
yahoo,truman,1
yahoo,trumpet,1
yahoo,trunk,1
yahoo,trusfund,1
yahoo,trustee,1
yahoo,truthfully,1
yahoo,tryed,1
yahoo,tryout,1
yahoo,tshirt,1
yahoo,tsu,1
yahoo,tsurugi360,1
yahoo,tt,1
yahoo,tt0426738,1
yahoo,tto,1
yahoo,ttp,1
yahoo,ttp0120338,1
yahoo,ttsoftware,1
yahoo,tuck,1
yahoo,tucked,1
yahoo,tue,1
yahoo,tuff,1
yahoo,tulips,1
yahoo,tumor,1
yahoo,tumors,1
yahoo,tumour,1
yahoo,tuning,1
yahoo,tunstall,1
yahoo,turbine,1
yahoo,turbo,1
yahoo,turbochargers,1
yahoo,turbotax,1
yahoo,turbulence,1
yahoo,turing,1
yahoo,turk,1
yahoo,turnerclassicmovies,1
yahoo,turnip,1
yahoo,turnover,1
yahoo,turquie,1
yahoo,turtlenecks,1
yahoo,tust,1
yahoo,tuxes,1
yahoo,tvhistory,1
yahoo,tw,1
yahoo,twant,1
yahoo,twas,1
yahoo,tweak,1
yahoo,tweezers,1
yahoo,twiddle,1
yahoo,twinkie,1
yahoo,twists,1
yahoo,twits,1
yahoo,twq,1
yahoo,txt2day,1
yahoo,tyler,1
yahoo,tyme,1
yahoo,tyndall,1
yahoo,typhoon,1
yahoo,typist,1
yahoo,typo,1
yahoo,typos,1
yahoo,tyrannical,1
yahoo,tyranny,1
yahoo,tyres,1
yahoo,tyrrhenian,1
yahoo,tyson,1
yahoo,tzu,1
yahoo,uae,1
yahoo,ub,1
yahoo,ubuntu,1
yahoo,ucd,1
yahoo,uck,1
yahoo,udaiyar,1
yahoo,ufo,1
yahoo,ugh,1
yahoo,uglier,1
yahoo,ugliest,1
yahoo,uhhha,1
yahoo,uhhhh,1
yahoo,ui,1
yahoo,uic,1
yahoo,uid,1
yahoo,ukraine,1
yahoo,uktsupport,1
yahoo,ulman,1
yahoo,ulterior,1
yahoo,ultimateguitar,1
yahoo,ultrasound,1
yahoo,ultravnc,1
yahoo,umlike,1
yahoo,ummmmm,1
yahoo,unacceptable,1
yahoo,unaffected,1
yahoo,unaltered,1
yahoo,unanimty,1
yahoo,unbearably,1
yahoo,unbelivable,1
yahoo,unbiased,1
yahoo,unceratainity,1
yahoo,uncertain,1
yahoo,uncertainly,1
yahoo,uncertainty,1
yahoo,uncertanity,1
yahoo,unchanged,1
yahoo,uncles,1
yahoo,unclick,1
yahoo,uncomfy,1
yahoo,uncommonground,1
yahoo,unconcious,1
yahoo,unconsistent,1
yahoo,uncontrolled,1
yahoo,uncooked,1
yahoo,uncover,1
yahoo,unctad,1
yahoo,uncurls,1
yahoo,uncut,1
yahoo,undecided,1
yahoo,undefined,1
yahoo,underactive,1
yahoo,underdeveloped,1
yahoo,underdressed,1
yahoo,undergarments,1
yahoo,underpaid,1
yahoo,underrated,1
yahoo,underscore,1
yahoo,understands,1
yahoo,understress,1
yahoo,understudy,1
yahoo,undertaking,1
yahoo,underweight,1
yahoo,underworld,1
yahoo,undestand,1
yahoo,undiagnosed,1
yahoo,undoubtably,1
yahoo,undue,1
yahoo,unequivocally,1
yahoo,unesco,1
yahoo,unexplainable,1
yahoo,unfavorable,1
yahoo,unforgiving,1
yahoo,unfortunate,1
yahoo,unger,1
yahoo,unholy,1
yahoo,unidentified,1
yahoo,uniformly,1
yahoo,unigue,1
yahoo,uninhabited,1
yahoo,unintentionally,1
yahoo,unistall,1
yahoo,unistaller,1
yahoo,unitary,1
yahoo,unite,1
yahoo,univ,1
yahoo,univeristy,1
yahoo,univerity,1
yahoo,universelle,1
yahoo,universitarian,1
yahoo,unizh,1
yahoo,unknowen,1
yahoo,unlikly,1
yahoo,unloaded,1
yahoo,unmasked,1
yahoo,unnecessarily,1
yahoo,unonic,1
yahoo,unpaided,1
yahoo,unplugging,1
yahoo,unprecedented,1
yahoo,unpredictable,1
yahoo,unprepared,1
yahoo,unqualified,1
yahoo,unquantifiable,1
yahoo,unreal,1
yahoo,unrealistic,1
yahoo,unreliable,1
yahoo,unsolicited,1
yahoo,unsunburned,1
yahoo,unsupervised,1
yahoo,unsupported,1
yahoo,untailored,1
yahoo,untimely,1
yahoo,unwillingly,1
yahoo,uo2,1
yahoo,upa,1
yahoo,upbringing,1
yahoo,upenn,1
yahoo,upgradeable,1
yahoo,upgradememory,1
yahoo,uplift,1
yahoo,upperroom,1
yahoo,uproar,1
yahoo,upstairs,1
yahoo,upstream,1
yahoo,uptake,1
yahoo,uptime,1
yahoo,upward,1
yahoo,urbandictionary,1
yahoo,ure,1
yahoo,uretra,1
yahoo,urinary,1
yahoo,urlacher,1
yahoo,urls,1
yahoo,urs,1
yahoo,urthstripe,1
yahoo,urthwyte,1
yahoo,usaboxing,1
yahoo,usaf,1
yahoo,usally,1
yahoo,usca,1
yahoo,uscis,1
yahoo,usda,1
yahoo,usdhhs,1
yahoo,usdoj,1
yahoo,usedsecurity,1
yahoo,useing,1
yahoo,userpasswords,1
yahoo,ushers,1
yahoo,uslacrosse,1
yahoo,usps,1
yahoo,usr,1
yahoo,usta,1
yahoo,ustedes,1
yahoo,usualy,1
yahoo,utensils,1
yahoo,uterine,1
yahoo,util,1
yahoo,utilites,1
yahoo,utilize,1
yahoo,utilized,1
yahoo,utilizing,1
yahoo,utk,1
yahoo,utmost,1
yahoo,utopias,1
yahoo,uuid,1
yahoo,uvula,1
yahoo,uwaterloo,1
yahoo,v3,1
yahoo,v3x,1
yahoo,v6n21millat,1
yahoo,vacant,1
yahoo,vacate,1
yahoo,vacation,1
yahoo,vaccination,1
yahoo,vacine,1
yahoo,vacuoles,1
yahoo,vahn,1
yahoo,vain,1
yahoo,valcano,1
yahoo,vald,1
yahoo,valiantly,1
yahoo,validation,1
yahoo,vallarta,1
yahoo,valuations,1
yahoo,valuble,1
yahoo,valuev,1
yahoo,valves,1
yahoo,vampire,1
yahoo,vampiro,1
yahoo,vandalise,1
yahoo,vanderbilt,1
yahoo,vanessa,1
yahoo,vanilla,1
yahoo,vans,1
yahoo,vapourises,1
yahoo,vapuors,1
yahoo,vapur,1
yahoo,variant,1
yahoo,variation,1
yahoo,varibles,1
yahoo,vase,1
yahoo,vasectomie,1
yahoo,vash,1
yahoo,vasoconstrictor,1
yahoo,vassar,1
yahoo,vaughan,1
yahoo,vaughn,1
yahoo,vba,1
yahoo,vbcrlf,1
yahoo,vbulletin,1
yahoo,vc,1
yahoo,vcd,1
yahoo,vcw,1
yahoo,vegas,1
yahoo,vegatable,1
yahoo,vegavitavitamin,1
yahoo,vegeratarians,1
yahoo,vegetable,1
yahoo,vegetation,1
yahoo,veggie,1
yahoo,vein,1
yahoo,veins,1
yahoo,vel,1
yahoo,velum,1
yahoo,velveteen,1
yahoo,vendetta,1
yahoo,venezuela,1
yahoo,vengeance,1
yahoo,vengeful,1
yahoo,venice,1
yahoo,venir,1
yahoo,venoco,1
yahoo,venom,1
yahoo,venous,1
yahoo,vent,1
yahoo,ventilated,1
yahoo,ventilating,1
yahoo,ventral,1
yahoo,ventriloquist,1
yahoo,ventura,1
yahoo,ventures,1
yahoo,venue,1
yahoo,venusisd,1
yahoo,vera,1
yahoo,verb,1
yahoo,verbally,1
yahoo,verbs,1
yahoo,verde,1
yahoo,verey,1
yahoo,verification,1
yahoo,verixon,1
yahoo,verlag,1
yahoo,vernal,1
yahoo,vernichtungslager,1
yahoo,veronica,1
yahoo,vers,1
yahoo,versed,1
yahoo,versus,1
yahoo,vertebra,1
yahoo,vertebrae,1
yahoo,vertebrate,1
yahoo,vertebrates,1
yahoo,vertically,1
yahoo,verve,1
yahoo,vespers,1
yahoo,vestal,1
yahoo,vestiaires,1
yahoo,vetapp,1
yahoo,veterinar,1
yahoo,vetoing,1
yahoo,vets,1
yahoo,veyron,1
yahoo,vfw,1
yahoo,vhs,1
yahoo,vi,1
yahoo,viability,1
yahoo,vibrant,1
yahoo,vibrate,1
yahoo,vibration,1
yahoo,vicki,1
yahoo,vicmans,1
yahoo,vicodin,1
yahoo,victoire,1
yahoo,victoria,1
yahoo,victorian,1
yahoo,vienna,1
yahoo,viens,1
yahoo,vies,1
yahoo,viet,1
yahoo,viewarticle,1
yahoo,viewprojects,1
yahoo,vikings,1
yahoo,villa,1
yahoo,villanova,1
yahoo,villanueva,1
yahoo,ville,1
yahoo,vincent,1
yahoo,vindictive,1
yahoo,vine,1
yahoo,vinnie,1
yahoo,vioces,1
yahoo,violated,1
yahoo,violates,1
yahoo,violets,1
yahoo,violinists,1
yahoo,vip600,1
yahoo,viral,1
yahoo,virals,1
yahoo,virginity,1
yahoo,virtualization,1
yahoo,virusscan,1
yahoo,visas,1
yahoo,viscosity,1
yahoo,viscous,1
yahoo,visions,1
yahoo,visitortype,1
yahoo,vison,1
yahoo,visp,1
yahoo,visting,1
yahoo,visualising,1
yahoo,visualization,1
yahoo,visualizes,1
yahoo,visually,1
yahoo,vit,1
yahoo,vitals,1
yahoo,vitaux,1
yahoo,vivid,1
yahoo,vivre,1
yahoo,vlsi,1
yahoo,vmkrazy,1
yahoo,vmu1,1
yahoo,vob,1
yahoo,voc,1
yahoo,vocal,1
yahoo,vocals,1
yahoo,vodou,1
yahoo,voiced,1
yahoo,voids,1
yahoo,voila,1
yahoo,vol3,1
yahoo,vol6,1
yahoo,volatile,1
yahoo,volcanic,1
yahoo,volcanically,1
yahoo,volcanoes,1
yahoo,volition,1
yahoo,volle,1
yahoo,volley,1
yahoo,volonteer,1
yahoo,volscians,1
yahoo,volta,1
yahoo,voltage,1
yahoo,voluntarily,1
yahoo,volunteered,1
yahoo,volunteering,1
yahoo,volvo,1
yahoo,vonage,1
yahoo,vortec,1
yahoo,voters,1
yahoo,vouch,1
yahoo,vouchers,1
yahoo,vous,1
yahoo,vow,1
yahoo,vowed,1
yahoo,vrai,1
yahoo,vt,1
yahoo,vulcan,1
yahoo,vv,1
yahoo,vze,1
yahoo,vzwshop,1
yahoo,w0285,1
yahoo,w2px2jtpmk0ntbxurcf,1
yahoo,w32,1
yahoo,w9,1
yahoo,wabbit,1
yahoo,wachovia,1
yahoo,wack,1
yahoo,wacky,1
yahoo,wagging,1
yahoo,waging,1
yahoo,wagon,1
yahoo,waht,1
yahoo,wail,1
yahoo,wainwright,1
yahoo,waitresses,1
yahoo,waits,1
yahoo,wakas,1
yahoo,wala,1
yahoo,walang,1
yahoo,walcott,1
yahoo,walfare,1
yahoo,walgreens,1
yahoo,walkin,1
yahoo,wallace,1
yahoo,wallpaper,1
yahoo,wallpapers,1
yahoo,walsh,1
yahoo,walter,1
yahoo,wana,1
yahoo,wanderers,1
yahoo,wandering,1
yahoo,wang,1
yahoo,warcraft,1
yahoo,ware,1
yahoo,warehousing,1
yahoo,warfront,1
yahoo,warlike,1
yahoo,warmongers,1
yahoo,warped,1
yahoo,warping,1
yahoo,warrenty,1
yahoo,warrior,1
yahoo,warwick,1
yahoo,washcloth,1
yahoo,washes,1
yahoo,washtenaw,1
yahoo,wasim,1
yahoo,wasted,1
yahoo,watches,1
yahoo,waterfalls,1
yahoo,watermark,1
yahoo,waterproof,1
yahoo,waters,1
yahoo,watever,1
yahoo,watson,1
yahoo,watt,1
yahoo,wavs,1
yahoo,waws,1
yahoo,wax,1
yahoo,waxing,1
yahoo,wayde,1
yahoo,wb,1
yahoo,wbc,1
yahoo,wbf,1
yahoo,wd25,1
yahoo,weaker,1
yahoo,weakest,1
yahoo,webalias,1
yahoo,webapps,1
yahoo,webber,1
yahoo,webdatedotcom,1
yahoo,webelements,1
yahoo,webhost,1
yahoo,webisys,1
yahoo,webiteteb20043,1
yahoo,websudoku,1
yahoo,webtut,1
yahoo,webtv,1
yahoo,webwn,1
yahoo,wedging,1
yahoo,wednesdays,1
yahoo,week2,1
yahoo,weeklies,1
yahoo,weener,1
yahoo,weetabix,1
yahoo,weightage,1
yahoo,weinke,1
yahoo,welbutrin,1
yahoo,welcom,1
yahoo,welcomed,1
yahoo,wellbeing,1
yahoo,wellies,1
yahoo,welsh,1
yahoo,wemon,1
yahoo,wenger,1
yahoo,wenn,1
yahoo,wentz,1
yahoo,wenzhou,1
yahoo,werstern,1
yahoo,wesley,1
yahoo,westminster,1
yahoo,westphillydata,1
yahoo,wetfeet,1
yahoo,wetland,1
yahoo,wh,1
yahoo,wham,1
yahoo,whanting,1
yahoo,whatsmyip,1
yahoo,whatwedo,1
yahoo,wheals,1
yahoo,wheather,1
yahoo,wheelchair,1
yahoo,wheeler,1
yahoo,wheldon,1
yahoo,wher,1
yahoo,wherefores,1
yahoo,wherehouse,1
yahoo,wherever,1
yahoo,whic,1
yahoo,whiggers,1
yahoo,whin,1
yahoo,whiny,1
yahoo,whip,1
yahoo,whirlwind,1
yahoo,whiskey,1
yahoo,whisper,1
yahoo,whit,1
yahoo,whitch,1
yahoo,whitener,1
yahoo,whites,1
yahoo,whitman,1
yahoo,whoarewe,1
yahoo,whoi,1
yahoo,wholegrain,1
yahoo,wholeness,1
yahoo,wholesome,1
yahoo,whopper,1
yahoo,whore,1
yahoo,whould,1
yahoo,wht,1
yahoo,whts,1
yahoo,whyquit,1
yahoo,wicca,1
yahoo,wiccan,1
yahoo,wichita,1
yahoo,wickedness,1
yahoo,wicket,1
yahoo,wickremanayake,1
yahoo,wid,1
yahoo,widermind,1
yahoo,wiegh,1
yahoo,wieght,1
yahoo,wifely,1
yahoo,wifi,1
yahoo,wildblue,1
yahoo,wildlife,1
yahoo,willed,1
yahoo,willies,1
yahoo,willingness,1
yahoo,willl,1
yahoo,willpower,1
yahoo,wilsonjaldenpaper,1
yahoo,wimbeldon,1
yahoo,wimp,1
yahoo,windage,1
yahoo,windg,1
yahoo,winding,1
yahoo,windows95,1
yahoo,windowscare,1
yahoo,windowsmessenger,1
yahoo,windy,1
yahoo,wingfield,1
yahoo,winks,1
yahoo,winnebago,1
yahoo,winnie,1
yahoo,winnings,1
yahoo,winxp,1
yahoo,wiped,1
yahoo,wipes,1
yahoo,wipol,1
yahoo,wiretapping,1
yahoo,wisely,1
yahoo,wishful,1
yahoo,witchtrials,1
yahoo,witchvox,1
yahoo,withhold,1
yahoo,withought,1
yahoo,withouth,1
yahoo,withstand,1
yahoo,withstanding,1
yahoo,witness,1
yahoo,witty,1
yahoo,wiwi,1
yahoo,wiyh,1
yahoo,wiyth,1
yahoo,wizzard,1
yahoo,wlv,1
yahoo,wmt,1
yahoo,wobbled,1
yahoo,woefully,1
yahoo,woese,1
yahoo,woks,1
yahoo,wolf,1
yahoo,wolfram,1
yahoo,womb,1
yahoo,wonderland,1
yahoo,woo,1
yahoo,woodchucks,1
yahoo,woohooooooooo,1
yahoo,wooo,1
yahoo,wooops,1
yahoo,wooosaaaaaa,1
yahoo,wording,1
yahoo,workbooks,1
yahoo,workforce,1
yahoo,workout,1
yahoo,workplace,1
yahoo,workshop,1
yahoo,workstations,1
yahoo,worktops,1
yahoo,workz,1
yahoo,worldatlas,1
yahoo,worldclock,1
yahoo,worldofdawkins,1
yahoo,worldofquotes,1
yahoo,worms,1
yahoo,worshiper,1
yahoo,worshipped,1
yahoo,worth1000,1
yahoo,worthless,1
yahoo,wory,1
yahoo,wotrh,1
yahoo,woud,1
yahoo,wouk,1
yahoo,woulden,1
yahoo,wounded,1
yahoo,woundering,1
yahoo,wrapper,1
yahoo,wrapping,1
yahoo,wrenching,1
yahoo,wrestlers,1
yahoo,wrigley,1
yahoo,wrists,1
yahoo,writ,1
yahoo,writerep,1
yahoo,writings,1
yahoo,writting,1
yahoo,wrk,1
yahoo,wrongfull,1
yahoo,wrs,1
yahoo,ws,1
yahoo,wsu,1
yahoo,wtc,1
yahoo,wuite,1
yahoo,wustl,1
yahoo,wut,1
yahoo,wvu,1
yahoo,ww3,1
yahoo,www12,1
yahoo,www3,1
yahoo,wwwusacorrectionalfacility,1
yahoo,wy,1
yahoo,wyclef,1
yahoo,wyoming,1
yahoo,x3odmte2nm02mtc3bgnvbg8ddwrsa1dtmqrwb3mdmqrzzwmdc3iednrpzangnju1xzc0,1
yahoo,xams,1
yahoo,xanga,1
yahoo,xavier,1
yahoo,xc,1
yahoo,xcntry,1
yahoo,xcopy,1
yahoo,xenical,1
yahoo,xenophobia,1
yahoo,xerographically,1
yahoo,xerox,1
yahoo,xiao,1
yahoo,xiao1,1
yahoo,xinjiang,1
yahoo,xkvzj,1
yahoo,xlang,1
yahoo,xmplay,1
yahoo,xorcyst,1
yahoo,xtype,1
yahoo,xvid,1
yahoo,xvidmovies,1
yahoo,xxx,1
yahoo,xxxxxx,1
yahoo,xxxxxxxxx,1
yahoo,xyz,1
yahoo,yaaaawn,1
yahoo,yad,1
yahoo,yahoohks,1
yahoo,yahweh,1
yahoo,yanswers,1
yahoo,yap,1
yahoo,yapoop,1
yahoo,yasa,1
yahoo,yawn,1
yahoo,yawns,1
yahoo,yeahhhhhhhhhhhhhh,1
yahoo,yearning,1
yahoo,yearor,1
yahoo,yeats,1
yahoo,yell,1
yahoo,yelling,1
yahoo,yeni,1
yahoo,yeras,1
yahoo,yessssssssss,1
yahoo,yessssssssssss,1
yahoo,yesssssssssssss,1
yahoo,yhing,1
yahoo,yin,1
yahoo,yippie,1
yahoo,yksopp,1
yahoo,ylu,1
yahoo,ymca,1
yahoo,yolanda,1
yahoo,yorkers,1
yahoo,yosemite,1
yahoo,youand,1
yahoo,yourhealth,1
yahoo,yourkid,1
yahoo,youug,1
yahoo,yoy,1
yahoo,ytl,1
yahoo,yu,1
yahoo,yucky,1
yahoo,yugo,1
yahoo,yugoslavian,1
yahoo,yukon,1
yahoo,yuma,1
yahoo,yuri,1
yahoo,zaba,1
yahoo,zacharias,1
yahoo,zachary,1
yahoo,zafarani,1
yahoo,zaps,1
yahoo,zay,1
yahoo,zdnet,1
yahoo,zdos,1
yahoo,zealanders,1
yahoo,zealously,1
yahoo,zebedee,1
yahoo,zelda,1
yahoo,zellweger,1
yahoo,zeros,1
yahoo,zestfully,1
yahoo,zhtml,1
yahoo,ziban,1
yahoo,zillions,1
yahoo,zinkua,1
yahoo,zipfile,1
yahoo,zis,1
yahoo,zoff,1
yahoo,zoology,1
yahoo,zoom,1
yahoo,zulu9,1
yahoo,zvezda,1
yahoo,zyban,1
yahoo,zz,1
